BOR;AN;FI;FI_EJ;BIO_A1;BIO_A2;BIO_A3;BIO_A4;BIO_A5;BIO_A6;BIO_A7;BIO_A8;BIO_A9;BIO_A10;BIO_A11;BIO_A12;BIO_A13;BIO_A14;BIO_A15;BIO_A16;BIO_A17;BIO_A18;BIO_B1;BIO_B2;BIO_B3;BIO_B4;BIO_A19;BIO_A20;BIO_B19;BIO_B20;BIO_B21;BIO_C19;BIO_C20;BIO_A22;BIO_A23;BIO_A24;BIO_A25;BIO_A26;BIO_A27;BIO_A28;BIO_A29;BIO_A30;BIO_B22;BIO_B23;BIO_B24;BIO_B25;BIO_B26;BIO_B27;BIO_B28;BIO_B29;BIO_B30;BIO_C22;BIO_C23;BIO_C24;BIO_C25;BIO_C26;BIO_C27;BIO_C28;BIO_C29;BIO_C30;BIO_D22;BIO_D23;BIO_D25;BIO_E22;BIO_E23;BIO_E25
BIO;2014;010000024;010780054;1;1;0;1;1;0;0;1;0;0;1;1;1;1;0;0;0;0;0;940187;46952;42425;13156;6865;9577;35;130;2136;1272;;4;1;25;4;3;;4;1;;2;;5;2;;;2;;;5.2;1.25;28.24;5.9;3;;4.77;0.32;;0;0;;1;0
BIO;2014;010005239;010008407;1;0;0;1;1;1;0;0;0;0;1;1;1;0;0;0;0;0;1;200179;86456;0;;;;;;;;2;0;1;5;1;0;0;0;0;0;0;0;5;1;0;0;0;0;1.8;0;1;7.9;1.81;0;0;0;0;;;;;;
BIO;2014;020000162;020000063;1;1;0;1;1;0;0;1;0;0;1;1;1;0;0;0;0;0;1;1327777;16806;2556;23191;6120;70084;41;279;11537;445;1;2;2;25;8;3;1;6;4;0;0;0;4;3;2;0;0;1;1;2;1.15;27.42;8.58;4;0.25;5.83;4.5;0;0;0;1;1;0
BIO;2014;020000394;020000253;1;1;0;1;1;1;1;1;0;0;1;1;1;0;0;0;0;0;1;839961;93629;56336;;;;;;;;0;0;0;18;5;0;0;0;0;0;0;0;0;2;0;0;0;0;0;0;0;17.19;5.87;0;0;0;0;0;0;0;1;1;0
BIO;2014;020000519;020000261;1;1;0;1;1;1;1;1;0;0;1;1;1;1;0;0;1;0;1;627773;59142;28587;;;;;;;;;4;1;15;4;;;;;;;;3;;;;;;;4;1;17.3;4;;;;;;0;1;;1;1
BIO;2014;020000535;020000287;1;1;0;1;1;1;0;0;0;0;1;1;1;0;0;0;0;0;1;493200;5436;;0;;0;;;;;2;;;10;4;;;;;;;1;5;;;;;;2;;0.8;14.21;4.25;;;;;0;;1;1;;0
BIO;2014;020001061;020004404;1;1;0;1;1;1;1;0;0;0;1;1;1;0;0;0;0;0;1;624937;190959;173747;;;;;;;;;2;1;15;2;;;;;;1;;1;3;;;;;;2.44;1;15.2;3.64;;;;;;0;1;;1;0
BIO;2014;020001087;020004495;1;1;0;1;1;1;1;0;0;0;1;1;1;1;0;0;0;0;1;1265870;41107;18497;0;;0;;;;;1;;;3;1;;;;;;;;2;;;;;;1;;;4.02;1;;;;;0;;0;0;;1
BIO;2014;030000061;030780092;1;1;0;1;1;0;0;1;0;0;1;1;1;1;0;0;0;0;1;650557;33162;44786;;;;;;;;1;3;1;10;5;;;;;;;;17;7;;;;;1;3;1;24.56;8.84;;;;;;0;1;;1;0
BIO;2014;030000079;030780100;1;1;0;1;1;1;1;1;0;0;1;1;1;1;0;0;0;0;1;1090405;105867;76942;;;;;;;;2;2;1;18;8;;;;;;;;12;3;;;;;2;2;1;27.4;10.6;;;;;0;0;1;1;1;0
BIO;2014;030000087;030780118;1;1;0;1;1;1;1;1;0;0;1;1;1;0;0;0;0;0;1;888534;70974;;0;;0;;;;;6;0;1;21;7;;;;;0;0;0;6;1;;;;;4.66;0;1;25.93;7.39;;;;;0;0;;1;0;
BIO;2014;040000135;050002948;1;1;0;1;1;0;0;0;0;0;1;1;1;0;0;0;0;0;1;180606;64337;28519;;;;;;;;5;0;2;6;2;0;0;0;0;0;0;0;4;0;0;0;0;0;1.2;0;0.16;9.18;1.88;0;0;0;0;;;;;;
BIO;2014;040000911;040788879;1;1;0;1;1;0;0;0;0;0;1;1;1;1;0;0;0;0;1;464343;51485;11430;;;;;;;;2;;;12;2;;;;;;;;2;1;;;;;1.79;;;13.56;2.75;;;;;0;;1;1;;0
BIO;2014;050000231;050000116;1;1;0;1;1;1;0;0;0;0;1;1;1;1;0;0;0;0;1;228305;76132;19595;;;;;;;;1;0;2;8;6;0;0;0;0;1;1;0;9;0;0;0;0;0;0.8;0.9;1.18;14.91;5.33;0;0;0;0;;;1;1;1;
BIO;2014;050000348;050002948;1;1;0;1;1;0;0;0;0;0;1;1;1;0;0;0;0;0;1;666059;37634;18076;;;;;;;;6;0;2;10;5;0;0;0;0;0;0;0;10;0;0;0;0;0;3.6;0;1.03;17.8;5.27;0;0;0;0;;;;;;
BIO;2014;060000478;060780897;1;1;0;1;1;0;0;1;0;0;1;1;1;0;0;0;0;0;1;771922;42980;30366;;;;;;;;4;;1;17;5;;;;;1;;;6;;;;;;3.57;;1;21.6;5;;;;;0;0;;0;0;
BIO;2014;060000510;060780954;1;1;0;1;1;;0;0;0;0;1;1;1;1;0;0;0;0;1;633812;23546;16;;;;;;;;2;2;1;16;5;;;;;1;;0;12;;;;;;2.03;2;1;26.69;5.21;;;;;;;1;;;0
BIO;2014;060000528;060780962;0;1;0;0;0;0;0;0;0;0;0;0;0;0;0;0;0;0;;0;0;;4021;;6616;;;5117;;;;;2;2;1;1;8;3;;1;;1;1;2;;1;;;0.4;;2.13;2.9;3.39;1;8.94;2.99;;0;;;0;
BIO;2014;060000544;060780988;1;1;0;1;1;0;0;0;0;0;1;1;1;1;0;0;0;0;0;1056810;1691;190;;;;;;;;2;2;;26;11;;;;;;;1;7;;;;;;2;2;0.25;26.38;9.12;;;;;0;0;1;1;1;0
BIO;2014;060001450;060785011;1;1;0;1;1;1;1;1;1;0;1;1;1;1;1;1;0;0;0;677769;836108;55666;0;;0;;;;;1;1;;52;7;;;;;0;0;;9;1;;;;;1.6;0.24;;32.85;5.53;;;;;0;0;1;1;1;0
BIO;2014;060780343;060000171;;;;;;;;;;;;;;;;;;;1;3286;0;0;0;;0;;;0;;;;;;;;;;;1;;;;;;;;;0.1;;;;;;;;;;;;;;
BIO;2014;060780517;060000239;;;;;;;;;;;;;;;;;;;;47470;17089;;0;;5080;;;;;4;;;;;3;;;;;;;;;;;;;4;;;;;3;;;;0;;;1;;
BIO;2014;060785003;060785011;1;1;0;1;1;1;1;1;1;0;1;1;1;1;1;1;0;0;1;1964162;327245;317297;9283;;22504;;334;1251;;23;1;;56;11;10;;18;24;5;0;;14;2;5;;2;4;20.4;0.72;;55.75;10.21;6.42;;19.33;21.26;0;0;0;1;1;0
BIO;2014;060789195;060785011;1;1;0;1;1;1;1;1;1;0;1;1;1;1;1;1;0;0;1;1497857;439792;377714;3879;1062;5102;50;42;603;22;35;;;81;45;2;;13;12;4;;;16;12;3;;6;2;29.64;;;78.23;42.01;3.38;;16.1;13.07;0;;0;1;;0
BIO;2014;070000013;070002878;1;1;0;1;1;1;1;0;0;0;1;1;1;0;0;0;0;0;1;234874;128351;37211;;;;;;;;3;;1;7;4;;;;;;;;5;;;;;;2.41;;1;11.75;3.16;;;;;0;;0;1;;1
BIO;2014;070000179;070780358;1;1;0;1;1;1;0;0;0;0;1;1;1;1;0;0;0;0;1;587249;0;5887;0;;0;;;;;3;0;1;10;3;0;0;0;0;0;0;0;6;2;0;0;0;0;3.34;0;1;13.69;3.93;0;0;0;0;0;0;1;1;0;0
BIO;2014;070000609;070005566;1;1;0;1;1;1;1;1;1;0;1;1;1;0;0;0;0;0;1;454383;68506;22041;;;;;;;;3;0;0;0;0;0;0;0;0;1;0;0;0;0;0;0;0;0;3.68;0;0;0;0;0;0;0;0;;;;;;
BIO;2014;080000425;080000615;1;1;0;1;1;0;1;1;0;0;1;1;1;1;0;0;1;0;1;1340150;504338;372622;1047;2;2711;0;213;360;1;1;3;2;34;9;;;2;1;;;;7;5;4;;1;2;1;4.13;2;40;12.94;0.43;;2.86;2;0;0;;1;1;
BIO;2014;090000175;090781774;1;1;0;1;1;1;0;0;0;0;1;1;1;1;0;0;0;0;1;465685;60983;20532;;;;;;;;;2;;19;;;;;;;2;1;8;6;;;;;;3.05;1.37;25.25;3.14;;;;;0;1;1;1;1;0
BIO;2014;100000090;100000017;1;0;0;1;1;0;1;1;1;0;1;1;1;1;1;1;1;1;1;1154567;161068;8375;8268;2791;7759;8;275;7394;458;3;8;2;36;3;4;;3;2;;;0;9;3;1;;7;4;1.47;6.82;2.05;42.55;4.5;3.7;;7.47;4;0;0;0;1;1;1
BIO;2014;100000199;100006279;1;1;0;1;1;1;0;0;0;0;0;0;1;0;0;0;0;0;1;240416;54481;;;;;;;;;1;;;4;5;;;;;1;;;2;1;;;;;1.6;;;5.14;4.19;;;;;0;;0;0;;1
BIO;2014;110000023;110780061;1;1;0;1;1;0;1;1;0;0;1;1;1;0;0;0;0;0;1;696382;73305;37256;;;;;;;;1;2;1;18;8;;;;;;2;1;1;;;;;;1;3.45;1.5;20.3;8.77;;;;;0;0;1;1;1;0
BIO;2014;110000056;110780137;1;1;0;1;1;0;0;0;0;0;1;1;1;0;0;0;0;0;1;1031682;33223;29485;;;;;;;;1;2;2;14;5;;;;;;1;;7;1;;;;;1;2.42;2;19.79;5.52;;;;;0;0;1;1;1;
BIO;2014;120000039;120780044;1;0;0;1;1;0;0;1;0;0;1;1;1;0;0;0;1;0;1;930253;5314;73;7923;52;5057;;30;2262;98;;4;;14;5;2;;4;2;;1;;6;1;1;;2;1;;4.9;;20.13;5.27;2.3;;5.33;2.4;;0;1;;1;0
BIO;2014;120000054;120780069;1;1;0;1;1;1;0;0;0;0;1;1;1;1;0;0;0;0;;167776;36234;2142;;;;;;;;2;0;1;12;3;0;0;0;0;0;0;0;1;0;0;0;0;0;2;0;1;12.95;2.77;0;0;0;0;0;;1;1;;0
BIO;2014;120000070;120780085;1;1;0;1;1;1;0;0;0;0;1;1;1;0;0;0;0;0;1;277811;236912;154494;;;;;;;;;2;1;12;1;;;;;;;;5;2;;;;;;2;1;16;2.05;;;;;;0;0;;1;1
BIO;2014;120004569;120004528;1;1;0;1;1;1;0;0;0;0;1;1;1;0;0;0;0;0;1;188146;88720;12163;;;;;;;;4;;1;8;1;;;;;;;;5;2;;;;;2.88;;1;11.6;1.5;;;;;0;;1;1;1;1
BIO;2014;120004668;120004619;1;1;0;1;1;1;0;0;0;0;1;1;1;1;0;0;0;0;1;200423;22466;0;;;;;;;;1;;1;4;2;;;;;1;;;4;;;;;;0.89;;0.6;6.18;1.29;;;;;0;;0;1;;1
BIO;2014;130000235;130780554;1;1;0;1;1;0;0;0;0;0;1;0;1;0;0;0;0;0;0;47996;0;0;;;;;;;;0;0;1;1;2;0;0;0;0;1;0;0;1;0;0;0;0;0;0.3;0;0.9;1.85;0.9;0;0;0;0;0;0;0;0;0;0
BIO;2014;130000409;130041916;1;1;;1;1;1;1;1;;;1;1;1;1;;;;;1;1674729;49612;8079;7465;3756;9733;20;501;19491;6782;;6;2;37;11;;;5;4;2;6;;19;1;;;1;;1.4;8.7;2;49.13;10.05;;;5.8;4.2;0;0;0;1;1;0
BIO;2014;130000433;130781131;1;1;0;1;1;0;0;0;0;0;1;0;1;0;0;0;0;0;0;68777;0;;0;;0;;;;;;;;2;;;;;;2;1;1;;1;;;;;0.05;0.5;0.1;2.17;0.22;;;;;0;0;0;0;0;0
BIO;2014;130000565;130781446;1;1;0;1;1;0;0;0;0;0;1;1;1;1;0;0;0;0;1;572157;10280;25238;;;;;;;;4;;1;12;;;;;4;;;;3;;;;;3;3.33;;1;14.12;;;;;5.47;;0;1;;0;0
BIO;2014;130001225;130782634;1;0;0;1;1;1;0;1;0;0;1;1;1;0;0;0;0;0;1;679226;20703;17729;0;;0;;;;;4;;;10;4;;;;;;;;8;;;;;;4;;;14.67;3.5;;;;;;;1;;1;
BIO;2014;130001647;130784127;0;0;0;1;0;1;0;0;0;0;0;0;0;0;1;1;0;0;0;136214;110675;;8767;101;10051;4;470;2450;0;5;3;4;36;4;9;2;13;13;1;;;5;1;;;3;3;5.3;3;4;37.94;4.63;8.83;2;14.05;14.19;0;0;0;0;0;0
BIO;2014;130002215;130785512;1;1;0;1;1;1;1;1;1;0;1;1;1;1;0;0;0;0;1;158927;104656;15452;;;;;;;;;;;12;2;;;;;3;;1;;;;;;;1.8;;0.5;12;2;;;;;0;0;1;1;1;0
BIO;2014;130002827;130789274;1;1;;1;1;0;1;0;0;0;1;1;1;0;0;0;0;0;1;384662;39414;24622;;;;;;;;1;3;;18;3;;;;;;;;7;1;;;;;1;3;;22.35;3.09;;;;;0;0;1;1;1;
BIO;2014;130002835;130789316;1;1;0;1;1;1;1;1;0;0;1;1;1;1;0;0;0;0;1;3630866;;0;0;0;0;0;0;0;0;0;5;1;15;11;0;0;0;0;0;4;0;7;3;0;0;0;0;0;7.9;1;21.13;12;0;0;0;0;0;1;0;0;0;0
BIO;2014;130037922;130037823;1;0;0;1;1;0;0;0;0;0;1;1;1;0;0;0;0;0;1;244427;18623;;;;;;;;;1;2;;10;8;;;;;;;;;;;;;;1;2;;10;7.5;;;;;;;1;1;1;
BIO;2014;130780521;130786049;1;0;0;1;1;0;0;0;0;0;0;0;0;0;0;0;0;0;1;2665873;58180;54149;7787;2188;13643;48;348;217;;1;0;4;49;38;6;;11;4;0;0;0;17;5;3;;4;2;0.38;0;3.1;62.18;34.1;4.22;0.76;13.12;5.72;;;;;;
BIO;2014;130781479;130000599;1;0;0;1;1;1;0;0;0;0;1;1;1;0;0;0;0;0;1;393635;99480;677421;;;;;;;;1;;4;13;3;;;;;1;2;1;4;2;;;;;1.9;1.8;4.5;15.9;4;;;;;0;0;1;1;1;0
BIO;2014;130782147;130000979;1;1;0;1;1;0;0;0;0;0;1;1;0;0;0;0;0;0;;264856;;;;;;;;;;2;1;;13;4;;;;;;;;1;1;;;;;2;1;;13.5;4.5;;;;;;;1;1;1;0
BIO;2014;130783236;130786049;1;0;0;1;1;0;1;1;0;0;0;0;0;0;0;0;1;1;1;2650012;37699;23722;;;;;;;;19;1;3;60;26;0;;;;7;0;0;6;2;0;;;;13.51;0.04;3;64.8;27.3;0;;;;;;;;;
BIO;2014;130783293;130786049;;1;1;1;1;1;0;0;0;1;1;1;1;1;1;1;0;0;1;6737882;263976;172928;13273;3541;30613;448;928;2592;5;24;2;9;166;128;10;1;21;7;7;0;;20;14;2;0;4;5;12.22;0.67;8.8;181.39;103.04;6.83;0.9;21.33;11.57;;;;;;
BIO;2014;130783665;130043722;1;0;0;1;1;1;0;1;0;0;1;0;1;0;0;0;0;0;1;17130;41168;0;;;;;;;;0;2;0;2;1;;;;;;;;1;1;;;;;;2;0;2.8;1.5;;;;;0;0;0;0;0;0
BIO;2014;130784051;130037823;1;1;0;1;1;0;0;0;0;0;1;1;1;0;0;0;0;0;1;633571;6349;0;;;;;;;;;1;;14;3;;;;;;5;;3;;;;;;;3.42;;15.94;3;;;;;;0;1;;1;0
BIO;2014;130784234;130786049;1;0;0;1;1;0;0;0;0;0;0;0;0;0;0;0;0;0;1;33907;240;;;;;;;;;4;0;;2;9;0;0;0;0;2;0;;0;3;0;0;0;0;0.9;0;;3.15;6.6;0;0;0;0;;;;;;
BIO;2014;130785652;130014228;1;1;0;1;1;0;1;1;0;0;1;1;1;0;1;1;1;1;0;1375584;0;0;4872;5;15610;;361;;;7;;1;42;20;;;5;4;5;;;2;;4;;1;;8.74;;1;38.88;17.29;2.2;;5.83;3.18;0;0;1;1;1;0
BIO;2014;130786742;750821092;1;1;;1;1;1;1;1;0;0;1;1;1;1;0;0;0;0;1;442275;48913;0;569;0;2887;0;40;245;0;2;2;1;28;8;1;0;2;0;1;0;0;2;0;1;0;1;0;1.66;3.27;0.54;26.82;3.6;1.58;0.54;2.8;2.6;1;0;1;1;1;0
BIO;2014;130804297;130786049;0;0;0;0;0;0;0;0;0;0;0;0;0;0;1;1;0;0;1;40743;11777;11706;;;;;;;;6;1;2;28;31;0;;;;1;0;0;3;8;0;;;;3.77;0.04;1.6;30.13;29.77;0;;;;;;;;;
BIO;2014;140000027;140000035;1;1;0;1;1;1;1;1;0;0;1;1;1;1;0;0;0;0;1;520903;62953;29031;;;;;;;;1;4;0;24;8;0;0;0;0;0;0;0;7;1;0;0;0;0;0.03;3.8;0;28.95;7.08;0;0;0;0;0;0;1;1;1;1
BIO;2014;140000209;140000100;1;1;0;1;1;0;0;0;0;0;1;1;1;0;1;1;1;1;1;3228026;230092;214797;7041;2869;15382;61;503;2185;0;28;10;4;87;30;11;2;12;9;5;;;37;10;2;;5;1;22.55;4.94;2.26;116.24;36.74;7.6;0.5;13.34;7.91;0;0;0;1;1;1
BIO;2014;140000233;140000118;1;1;0;1;1;1;0;0;0;0;1;1;1;0;0;0;0;0;1;207406;3;3;;;;;;;;;3;1;10;2;;;;;;;1;2;1;;;;;;3;0.33;11.81;2.8;;;;;;;1;;1;0
BIO;2014;140000456;140000316;1;1;0;1;1;0;0;0;0;0;;0;1;0;0;0;0;0;0;55694;149;;;;;;;;;0;0;0;4;2;0;0;0;0;3;0;0;0;0;0;0;0;0;1.83;0;0;4;2.06;0;0;0;0;;;;;;
BIO;2014;140000555;140000639;1;0;0;1;1;0;0;0;0;0;0;0;0;0;1;1;0;0;0;277568;3353;0;5551;37;6604;6;871;;;;3;3;11;1;3;1;6;3;;1;;1;;2;;;;;3.21;3;10.96;1;4;1;6;3;;0;;;0;
BIO;2014;140004383;140000100;0;0;0;0;0;0;1;1;1;0;1;0;1;1;1;1;0;0;0;154827;31618;25408;;;;;;;;15;;3;23;15;;;;;1;;;5;3;;;;;8.94;;2.09;25.35;14.32;;;;;0;0;0;0;0;1
BIO;2014;140016759;140003146;1;1;1;1;1;1;1;1;1;0;1;1;1;1;1;1;0;0;1;;;;;;;;;;;6;;;;;6;;;;;;;;;;;;;;;;;;;;;;;;;;;
BIO;2014;140024886;140000092;1;0;0;0;1;1;0;0;0;0;1;1;1;0;0;0;1;0;1;297905;148864;42203;0;;0;;;;;;2;1;12;5;;;;;;2;;6;5;;;;;;3.3;1;16.41;5.79;;;;;;0;1;;1;
BIO;2014;150000040;150780096;1;1;0;1;1;1;0;0;0;0;1;1;1;1;0;0;0;0;1;1018962;119670;13194;;;;;;;;1;2;;20;5;;;;;3;;1;1;1;;;;;2.5;2;0.9;21.23;4.99;;;;;0;0;1;;1;0
BIO;2014;160000253;160000451;1;1;0;1;1;1;1;1;1;0;1;1;1;1;0;0;0;0;0;1173928;95072;76223;4647;2807;9841;148;114;1784;8;6;1;2;29;10;2;0;1;1;0;0;0;5;4;0;0;1;0;6;0.16;1.07;34.34;11.99;2;0;1.91;1;0;0;1;1;1;
BIO;2014;160000303;160006037;1;0;0;1;1;0;0;0;0;0;0;0;1;0;0;0;0;0;1;141594;3078;348;;;;;;;;1;;;6;1;;;;;;;;2;;;;;;1;;;7.2;0.7;;;;;0;0;0;1;0;0
BIO;2014;170000038;170780050;1;1;0;1;1;1;0;0;0;1;1;1;1;1;0;0;0;0;1;139303;20275;16489;;;;;;;;1;1;;5;2;;;;;;;1;5;1;;;;;1;1.01;0.3;8.83;2.63;;;;;0;0;0;1;1;1
BIO;2014;170000087;170023279;1;1;0;1;1;0;1;1;0;0;1;1;1;1;0;0;0;0;1;1720153;260060;41837;6050;3067;11082;50;451;5451;;2;5;3;36;13;3;1;5;4;;1;;13;1;1;;1;1;1.16;5.95;2;44;12.17;3.8;0.25;5.33;3.95;0;0;0;0;0;0
BIO;2014;170000152;170780225;1;1;0;1;1;1;0;0;0;0;1;1;1;1;0;0;0;0;1;808003;6631;;;;;;;;;3;;1;17;5;;;;;1;;;2;0;;;;;3.08;;0.9;17.33;5.08;;;;;0;;0;1;;0
BIO;2014;180000010;180000028;1;1;0;1;1;0;0;1;0;0;1;1;1;1;0;0;0;0;1;1154180;155880;99920;6106;3503;5219;15;27;0;0;1;3;1;20;5;;;3;1;;;;7;1;;;0;;1;3;1;25.7;5.5;;;3;1;0;0;0;1;1;0
BIO;2014;180000200;180000051;1;1;0;1;1;1;0;0;0;0;1;1;1;1;0;0;0;0;1;285486;34531;;;;;;;;;2;;;11;3;;;;;;;;;;;;;;2;;;11.63;2.08;;;;;0;0;0;1;1;0
BIO;2014;190000018;190000042;1;0;0;1;1;1;1;1;0;0;1;1;1;1;0;0;0;0;1;865451;4553;;0;;0;;;;;2;1;1;20;5;;;;;;2;;6;2;;;;;1.6;1.85;0.83;23.95;6.6;;;;;0;0;1;1;1;0
BIO;2014;190000026;190000059;1;1;0;1;1;1;1;1;0;0;1;1;1;0;0;0;0;0;1;669383;52461;60;1394;75;2444;25;77;20;;4;;1;10;6;;;2;1;;;;8;1;1;;;;3.72;;1;15.49;5.85;0.9;;2;1.5;;;1;;;
BIO;2014;210987558;210780581;1;1;1;1;1;0;1;1;0;1;1;1;1;1;1;1;1;1;1;3010715;66135;;5833;2527;19747;71;606;1298;52;60;;6;112;38;5;;8;2;;;;51;17;2;;6;;25.33;;6.08;150.71;43.55;3.02;;10.49;2;0;;1;1;;
BIO;2014;210987632;210780607;1;1;;1;1;;;;;;1;;1;;;;;;0;49685;0;;;;;;;;;;1;;3;;;;;;;1;;;;;;;;;1.42;;2.82;;;;;;0;0;0;0;0;0
BIO;2014;210987657;210780714;1;1;0;1;1;1;0;0;0;0;1;1;1;0;0;0;0;0;1;265392;24783;0;;;;;;;;2;;1;16;6;;;;;;;;3;;;;;;2;;1;15.62;4.17;;;;;;0;1;;1;0
BIO;2014;210987665;210010070;1;1;0;1;1;1;0;0;0;0;1;1;1;0;0;0;0;0;1;151850;27224;25181;;;;;;;;;2;;;;;;;;;;;;;;;;;;2;;;;;;;;;0;;;1;
BIO;2014;210987699;210780706;1;1;0;1;1;1;1;0;0;0;1;1;1;1;0;0;0;0;1;6873733;2582081;3913;;;;;;;;4;0;1;15;6;;;;;0;0;0;2;1;;;;;2.8;0;1;15.99;5.85;;;;;0;;1;1;;0
BIO;2014;210987731;210780417;1;0;0;1;1;1;0;0;0;0;1;1;1;0;1;1;0;0;1;240181;3752;;3104;106;6050;11;773;3748;2459;;1;1;13;1;2;;7;2;;1;1;1;1;5;1;1;1;;1.5;1.5;12.75;1.5;3.41;0.25;7.5;2.25;0;0;0;0;0;0
BIO;2014;220000012;220000020;1;1;0;1;1;0;1;1;1;0;1;1;1;1;0;0;0;0;1;1783474;16602;12559;;;;;;;;5;;5;38;12;;;;;3;;;21;1;;;;;6.46;;5;81.89;13.86;;;;;0;;0;1;;0
BIO;2014;220000095;220000046;1;1;0;1;1;1;1;0;0;0;1;1;1;1;1;0;0;0;1;501722;37906;16146;;;;;;;;;1;;16;3;;;;;1;2;;1;0;;;;;0.9;2.6;;16.33;3.34;;;;;;0;;;1;
BIO;2014;220000343;220000079;1;1;0;1;1;1;0;0;0;0;1;1;1;1;0;0;0;0;1;476789;8669;2060;;;;;;;;1;2;1;10;3;;;;;;;;3;;;;;;1;1.26;1;12.5;2.8;;;;;0;0;1;0;0;0
BIO;2014;220000368;220000103;1;1;0;1;1;1;0;0;0;0;1;1;1;0;0;0;0;0;1;298833;46883;26367;;;;;;;;1;1;;8;2;0;;;;1;;;11;3;;;;;1.62;1.34;;17.3;3.64;;;;;0;0;1;1;1;0
BIO;2014;220000541;220000152;1;1;0;1;1;1;0;0;0;0;1;1;1;0;0;0;0;0;1;168503;101444;62219;;;;;;;;2;;;9;2;;;;;;;1;6;2;;;;;2;;0.6;11.68;1.9;;;;;0;;1;1;;0
BIO;2014;230000820;230780041;1;1;0;1;1;0;1;1;0;0;1;1;1;1;0;0;0;0;1;624699;351070;261926;1247;;3840;;32;3842;;4;;1;24;4;2;;2;1;;;;1;1;;;;;4;;1;23.22;3.46;1.82;;2;1;0;;;1;;
BIO;2014;240000372;240000059;1;1;0;1;1;1;1;1;0;0;1;1;1;1;0;0;0;0;1;321360;20271;0;;;;;;;;1;2;1;8;3;;;;;;;;9;2;;;;;1;1.7;0.54;13.2;4.68;;;;;0;0;1;1;1;0
BIO;2014;240000489;240000117;1;1;0;1;1;1;1;1;0;0;1;1;1;1;0;0;0;0;1;1191921;37182;23709;6742;4570;5235;27;196;2669;;;3;2;25;14;1;0;2;2;;0;0;0;0;0;0;0;0;;3.74;1.4;24.16;12.92;1;0;1.5;2;0;0;1;1;0;1
BIO;2014;250000023;250000015;0;0;0;1;0;0;0;0;0;0;0;0;1;0;1;1;0;0;0;118660;15652;4393;0;0;0;0;0;0;0;1;;2;15;16;;;;;4;;;20;12;;;;;2.52;;1.48;33.67;21.3;;;0.5;0.25;0;0;;1;1;1
BIO;2014;250000700;250000452;1;1;0;1;1;1;0;0;0;0;1;1;1;1;0;0;0;0;0;249893;16825;0;;;;;;;;;2;;5;2;;;;;;1;1;9;3;;;;;;2.35;1;10.63;2.42;;;;;;0;0;;1;0
BIO;2014;250006954;250000015;1;1;0;1;1;0;1;1;0;0;1;1;1;0;0;0;1;1;1;3086668;40926;15537;9654;2526;20257;577;384;1145;0;1;5;3;42;23;4;1;13;8;3;10;;51;33;3;;9;5;1.88;9.3;2.52;78.46;41.72;5.36;1;20;10.47;0;0;;1;1;0
BIO;2014;260000013;260000021;1;1;0;1;1;0;0;1;0;1;1;1;1;1;1;1;0;0;1;997586;83661;73250;6877;3168;9270;20;360;4025;950;2;5;2;21;9;1;1;8;0;2;1;;23;5;5;;2;4;3.05;5.23;1.5;40.08;12.24;4.61;1;9.24;2.82;0;0;1;1;;0
BIO;2014;260000120;260016910;1;1;;1;1;1;;1;;;1;1;1;1;;;;;1;1122186;123183;97947;;;;;;;;4;;;15;2;;;;;;;1;7;5;;;;;4;;0.8;20.39;5.69;;;;;0;;0;1;;0
BIO;2014;260000138;260000047;1;1;0;1;1;1;0;1;0;0;1;1;1;0;0;0;0;0;1;741595;93608;71502;;;;;;;;;3;1;6;4;;;;;;;;13;3;;;;;;3;1;16.93;5.28;;;;;;0;1;;1;0
BIO;2014;270000359;270023724;1;1;0;1;1;0;0;1;0;0;1;1;1;1;0;0;0;0;1;952399;99171;40850;11724;4211;31840;81;169;0;0;;4;;27;13;;;2;1;1;;;11;4;;;1;1;0.6;4.07;;35.48;14.5;;;2.8;2.18;0;0;;1;1;
BIO;2014;270000367;270000086;1;0;0;1;1;1;0;0;0;0;1;1;1;1;0;0;0;0;0;159454;94165;94165;;;;;;;;1;;1;7;;;;;;1;;;5;2;;;;;1.62;;1;11.74;1.65;;;;;0;;0;1;;1
BIO;2014;270000458;270023724;1;1;0;1;1;1;0;0;0;0;1;1;0;0;0;0;0;0;1;331217;22226;5288;;;;;;;;;2;;12;4;;;;;;;1;3;;;;;;;2;1;13.69;3.75;;;;;;0;;;1;
BIO;2014;270000912;750814030;;;;;;;;;;;;;;;;;;;1;223794;33582;4057;;;;;;;;;1;;6;;;;;;;;;;;;;;;;1;;6;;;;;;0;0;0;0;0;0
BIO;2014;280000084;280000183;1;1;0;1;1;1;1;1;0;0;1;1;1;1;0;0;1;1;1;609053;31854;17114;;;;;;;;2;2;2;20;5;;;;;;;;8;3;;;;;1.25;1.84;2.3;26.1;7.4;;;;;;;1;1;1;1
BIO;2014;280504267;280000134;1;1;0;1;1;0;0;1;0;0;1;1;1;1;0;0;1;0;1;855994;39701;24055;780;0;7322;2;35;1301;0;6;;1;22;6;1;;4;5;1;;;11;2;1;1;2;;6.69;;0.98;29.62;4.72;1.19;0.7;5.53;2.02;0;;1;1;;1
BIO;2014;290000025;290020700;1;1;0;1;1;0;0;1;1;0;1;1;1;1;1;1;1;0;1;1354257;43104;32760;;;;;;;;1;4;2;39;9;;;;;0;0;;11;8;;;;;1;4.43;2;45.04;15.78;;;;;0;0;0;1;1;0
BIO;2014;290000033;290021542;1;1;0;1;1;1;1;1;0;0;1;1;1;1;0;0;0;0;1;719578;100424;100424;;;;;;;;2;1;1;31;4;;;;;;1;0;3;2;;;;;2;1.85;0.79;31.16;5.64;;;;;;;;;;
BIO;2014;290000173;290000041;1;1;0;1;1;1;0;0;0;0;0;0;0;0;0;0;0;0;0;133588;0;0;;;;;;;;;1;;8;;;;;;;;1;1;;;;;;;1;0.5;7.93;;;;;;;;;;;
BIO;2014;290000181;290000074;1;1;0;1;1;0;0;0;0;0;0;0;0;0;0;0;0;0;0;182254;129;129;0;;0;;;0;;1;;;4;2;;;;;;;;1;1;;;;;0.2;;;3.93;2.5;;;;;0;;0;1;;1
BIO;2014;290000728;750821092;1;1;0;1;1;1;0;1;0;0;1;1;1;0;0;0;0;0;1;418642;88733;307;;;;;;;;1;3;1;22;4;;;;;;;;5;;1;;;;1.5;3;1;22.92;5.36;0.18;;;;0;0;1;1;1;0
BIO;2014;290000934;290000306;1;1;0;1;1;0;0;0;0;0;1;1;1;1;0;0;0;0;1;;;;;;;;;;;;;1;10;3;;;;;;;;4;3;;;;;;;1;12.57;3.87;;;;;;;1;;;0
BIO;2014;290004324;290000017;1;1;0;1;1;1;1;1;1;0;1;1;1;1;1;1;1;1;1;2564952;144153;51;9990;3249;17947;86;748;8068;206;64;3;5;60;10;8;;;1;2;1;2;27;7;4;1;;;42.5;2.3;5.7;80.35;15.16;7.96;0.1;;1;0;0;1;1;1;1
BIO;2014;2A0000022;2A0000014;1;1;0;1;1;1;0;0;0;0;1;1;1;0;0;0;1;0;1;788787;51271;35495;1885;3;4733;6;216;1009;6;0;2;1;26;7;1;0;34;51;;1;;2;;1;0;2;2;;2.4;1;27.3;6.42;1.9;0.46;32.63;48.03;0;;0;1;;1
BIO;2014;2A0000287;2A0000386;0;1;0;0;0;0;0;0;0;0;0;0;0;0;0;0;0;0;0;493705;234958;;;;;;;;;1;0;0;2;3;0;0;0;0;1;0;0;0;0;0;0;0;0;1.16;0;0;1.75;3.41;0;0;0;0;;;;;;
BIO;2014;2B0000012;2B0000020;1;1;0;1;1;1;0;1;0;0;1;1;1;0;0;0;0;0;0;745708;9286;;0;;0;;;;;1;2;2;24;9;0;0;0;0;0;0;0;4;0;0;0;0;0;1;2;1.25;26.68;7.87;0;0;0;0;0;0;1;1;1;0
BIO;2014;300000023;300780046;1;1;0;1;1;1;0;1;0;0;1;1;1;1;0;0;0;0;1;552626;67141;52105;;;;;;;;1;2;2;19;6;;;;;0;0;0;4;2;;;;;1.82;1.16;1.1;20.18;7.46;;;;;0;0;;1;1;
BIO;2014;300000031;300780053;1;1;0;1;1;1;0;0;0;0;1;1;1;1;0;0;0;0;1;287257;84234;6768;;;;;;;;1;2;1;9;;;;;0;2;;0;8;;;;;4;0.69;2.03;1;13.9;;;;;2.36;;;1;1;1;
BIO;2014;300000478;300781010;1;0;0;0;0;0;0;0;0;0;0;0;0;0;0;0;0;0;0;192;0;;0;;0;;;;;;;;;1;;;;;;;;;;;;;;;;;;1;;;;;0;0;0;0;0;0
BIO;2014;300782117;300780038;1;1;0;1;1;1;1;1;0;0;1;1;1;1;1;1;1;1;1;2882637;24530;;7883;3530;19311;223;632;7957;1607;15;;4;61;36;3;;11;8;21;;;20;9;6;;1;2;26.74;;3.17;76.43;38.41;6.3;;9.8;9.43;1;0;0;1;0;0
BIO;2014;310000310;310780671;1;1;0;1;1;1;0;0;0;0;1;1;1;0;0;0;0;0;;442268;55884;0;;;;;;;;;3;1;12;3;;;;;;2;;;1;;;;;;3.52;1;11.58;2.93;;;;;;;;;1;
BIO;2014;310016977;310781406;0;0;0;0;0;0;0;1;0;0;0;0;0;0;0;0;1;1;0;14789;;;;;;;;;;5;;2;8;6;;;;;1;;0;3;2;;;;;3.73;;0.48;9.73;6.01;;;;;0;;0;0;;0
BIO;2014;310025333;310781406;0;0;0;1;0;0;0;0;0;0;0;0;0;0;0;0;0;0;1;41948;41001;;5456;1114;17344;87;655;52;;6;;;;2;15;;34;18;2;;;;;3;;1;1;6.02;;;;2;14.6;;28.72;16.63;;;;;;
BIO;2014;310780283;310000112;1;1;0;1;1;1;1;1;0;0;1;1;1;1;0;0;0;0;1;778186;1139469;122610;;;;;;;;5;5;2;55;35;;;;;1;1;;11;;;;;;5;5.5;2;58;28;;;;;0;0;1;1;1;
BIO;2014;310782347;310789136;1;1;0;0;1;1;0;0;0;0;0;0;0;0;1;1;0;0;0;383633;3188;3188;899;20;2453;3;104;258;7;1;;5;17;8;4;;4;3;8;;;3;6;2;;1;;5.19;;5;15.66;10.37;5.8;;4.08;3.03;;;;;;
BIO;2014;310783048;310781406;1;1;0;1;1;1;0;0;0;0;1;1;1;1;1;1;1;1;1;3406253;102905;;4707;2160;10897;110;544;521;123;83;4;9;189;;;;;;10;;1;33;;;;;;71.75;4;8.6;224.4;;;;;;;;;;;
BIO;2014;310783055;310781406;1;0;0;1;1;0;1;1;1;0;0;0;0;0;0;0;0;0;1;2287029;117127;;4054;2160;10060;110;544;521;123;25;;4;54;15;1;;1;;2;;;8;6;;;;;22.78;;2.12;63.61;19.01;4.02;;7.29;;;;;;;
BIO;2014;320000086;320780117;1;0;0;1;1;1;1;1;0;0;1;1;1;0;0;0;0;0;1;592428;49868;22587;;;;;;;;2;2;1;10;2;;;;;;;;12;3;;;;;2;2;1;19.5;4.73;;;;;0;0;1;1;1;0
BIO;2014;330000555;330781204;1;1;0;1;1;1;0;0;0;0;1;1;1;0;0;0;0;0;1;509534;13618;4250;;;;;;;;2;;1;9;3;;;;;1;;;4;;;;;;2.8;;0.1;11.57;3;;;;;0;;0;1;;1
BIO;2014;330000589;330027509;1;1;0;1;1;1;0;0;0;0;1;1;1;0;0;0;0;0;1;611569;59195;59195;;;;;;;;0;2;1;10;2;0;0;0;0;1;0;0;3;1;0;0;0;0;0.88;2;0.8;11.71;3.66;0;0;0;0;;;;;;
BIO;2014;330000605;330781253;1;1;0;1;1;1;1;1;0;0;1;1;1;1;0;0;0;0;1;1328571;15103;2;5522;2207;8493;101;175;;;;;1;30;9;;;4;2;;;1;5;6;;1;;2;;;1.4;32.85;11.92;;0.3;3.92;2.9;;;;;;
BIO;2014;330000662;330781329;1;1;0;1;1;0;0;0;0;0;0;0;1;0;0;0;0;0;0;269366;0;0;3735;0;5786;0;674;;;2;1;1;6;2;6;3;22;9;1;0;;4;;3;0;1;1;2.4;0.5;0.96;8.98;1.53;7.6;3;21.25;8.41;0;0;0;0;0;0
BIO;2014;330781303;750821092;1;1;0;1;1;1;1;1;0;0;1;1;1;1;1;0;0;0;1;742337;76337;17175;0;0;0;0;0;0;0;3;3;1;25;4;0;0;0;0;4;0;0;4;0;0;0;0;0;3.02;3;1;26.08;4.32;0;0;0;0;0;0;1;1;1;0
BIO;2014;330781352;330781196;1;0;0;1;1;0;0;0;0;0;1;0;1;0;0;0;0;0;1;1488228;24737;;;;;;;;;2;1;1;17;8;;;;;2;;;3;1;;;;;2.7;1;1;20.23;8.19;;;;;0;0;1;1;1;0
BIO;2014;330781360;330781196;1;1;0;1;1;0;1;1;1;1;1;1;1;1;1;0;1;1;1;4668540;241022;;1630;;19048;;282;1925;;42;9;6;146;60;11;1;14;3;21;5;;46;7;1;;3;1;36.9;10.4;5.25;173.53;66.34;7.78;1;15.95;3.81;0;0;1;1;0;0
BIO;2014;330783648;330781196;1;0;0;1;1;1;0;0;1;0;1;0;1;0;0;1;0;0;1;4170641;82880;;9203;1207;22520;68;389;5815;14;;;2;56;20;8;1;16;11;;;;15;3;3;;2;3;29;;2.42;66.8;21.12;8.6;0.5;18.44;13.09;0;0;1;1;1;0
BIO;2014;340000033;340780055;1;0;0;1;1;0;1;1;1;0;1;1;1;1;0;0;0;0;1;696883;29304;164;3004;1969;6705;30;317;3066;2481;3;0;1;21;8;3;1;4;4;1;0;0;6;2;0;0;2;1;3.8;0;1.05;25.64;8.08;2.63;1;4.96;4.78;0;0;1;1;1;
BIO;2014;340000207;340780493;1;1;0;1;1;0;0;1;0;0;0;0;0;0;0;1;0;0;0;401416;5492;0;3790;0;6947;5;887;163;0;3;;1;9;2;4;;12;1;;;;6;;3;1;3;1;1.9;;0.8;11.12;1.77;4.04;0.8;10.93;1.71;;;;;;
BIO;2014;340000223;340011295;1;1;0;1;1;0;0;1;0;0;1;1;1;0;0;0;1;0;1;684291;67397;;4472;3957;1904;15;15;;;3;0;1;14;5;1;1;0;0;1;0;0;5;1;0;0;0;0;3.3;0;0.8;18.58;4.2;1;0.2;0;0;0;0;1;1;1;0
BIO;2014;340015965;340000074;1;1;0;1;1;1;0;0;0;0;1;1;1;1;0;0;0;0;1;264475;204519;89934;;;;;;;;0;4;1;24;7;;;;;;1;;;;;;;;;4.25;1;24;7;;;;;;0;1;;1;1
BIO;2014;340782036;340780477;0;0;0;1;1;1;0;1;1;0;0;1;0;0;0;0;0;0;0;1732030;22070;;;;;;;;;36;1;2;80;24;;;;;3;1;2;2;3;;;;;22.73;0.8;3;78.43;25.31;;;;;0;0;1;1;1;1
BIO;2014;340782085;340780477;;;;;;;;;;;;;;;;;;;;;;;11520;1788;31841;27;749;1222;27;;;;;;9;1;17;6;;;;;;1;;1;1;;;;;;7;0.08;17.68;4.87;;;;;;
BIO;2014;340785161;340780477;1;1;1;0;0;0;0;0;0;0;0;0;1;1;0;0;0;0;0;3506647;57443;;;;;;;;;24;6;2;58;16;;;;;2;2;2;1;1;;;;;14.33;5;2.5;54.52;14.46;;;;;0;0;1;1;1;1
BIO;2014;340796663;340780477;0;0;0;0;0;0;1;0;0;0;1;0;0;0;1;1;1;1;0;372360;13288;;;;;;;;;30;3;3;60;29;;;;;6;;;5;3;;;;;21.52;2;2;60.66;28.4;;;;;0;0;0;1;1;0
BIO;2014;350000147;350000022;1;1;0;1;1;1;1;1;0;0;1;1;1;1;0;0;0;0;1;554946;46468;8979;;;;;;;;;2;1;15;6;;;;;;2;;13;2;;;;;;3.36;1;23.16;7.27;;;;;;0;1;;1;0
BIO;2014;350000154;350000030;1;1;0;1;1;1;0;0;0;0;1;1;1;1;0;0;0;0;1;362125;13725;1395;;;;;;;;3;;1;15;4;;;;;;;;3;2;;;;;2.16;;0.6;15.19;2.47;;;;;0;;1;1;;
BIO;2014;350000337;350000246;1;1;0;1;1;0;0;0;0;0;1;1;1;0;0;0;0;0;0;205923;139;0;;;;;;;;2;;;2;1;;;;;1;;;5;1;;;;;1.6;;;4.81;0.88;;;;;0;;0;0;;0
BIO;2014;350000741;350005179;1;1;1;1;1;1;1;1;1;1;1;1;1;1;1;1;0;0;1;2928695;310377;310377;5153;3400;27991;679;350;22241;4030;59;14;6;118;60;11;1;11;11;6;3;1;68;25;1;;11;2;38.83;11.89;8.5;168.41;80.14;8.33;0.33;17.88;9.9;0;0;0;1;1;1
BIO;2014;350002812;350023503;1;0;0;1;1;0;0;0;0;0;0;0;1;0;1;0;0;0;1;128240;74555;222;;;;;;;;0;1;1;4;0;;;;;1;3;0;6;2;;;;;0.8;2.2;1;8.66;1.21;;;;;0;0;0;0;0;0
BIO;2014;350007084;350005179;1;0;0;1;1;0;0;0;0;0;1;0;0;0;0;0;1;1;1;311966;1355;1355;;;;;;;;;1;1;12;15;;;;;;;;5;7;;;;;;0.25;1;15.27;19.4;;;;;;0;0;;1;0
BIO;2014;370000861;370000481;1;1;0;1;1;1;1;1;0;0;1;1;1;1;1;1;1;1;1;2133549;606003;34185;3732;;12177;;230;2946;;20;11;4;69;28;9;0;8;3;2;;0;27;9;1;0;1;4;14.4;6.77;2.1;87.53;35.17;5.93;0;8.5;5.85;0;0;;1;1;
BIO;2014;370000879;370000564;1;1;0;1;1;1;0;0;0;0;1;1;1;0;0;0;0;0;1;233913;37445;0;;;;;;;;3;;1;3;1;;;;;;;;5;1;;;;;2.13;;0.3;6.86;1.55;;;;;0;;0;1;;1
BIO;2014;370004467;370000481;1;1;0;1;1;1;0;0;0;0;1;0;1;0;0;1;0;0;1;2618838;695322;65287;7043;;10740;;240;204;;10;2;2;28;16;8;1;5;6;3;3;0;18;7;;0;4;1;9.3;1.4;1.39;44.03;19.17;6;0.8;7.02;5.37;0;0;;1;1;
BIO;2014;380000034;380780049;1;1;0;1;1;1;0;1;0;0;1;1;1;1;0;0;0;0;1;936038;177116;169022;;;;;;;;3;;2;23;6;;;;;2;;;4;1;;;;;4.26;;1.5;21.85;6.86;;;;;0;;;1;;
BIO;2014;380000067;380780080;1;1;1;1;1;1;1;1;0;1;1;1;1;1;1;1;1;1;1;3428484;643868;434651;9586;2065;21952;74;559;2474;59;63;3;13;156;60;4;;12;;10;;;68;41;4;;1;;47.49;0.25;13.72;209.47;96.91;5.79;;12.8;;0;0;;1;1;
BIO;2014;380000174;380781435;1;0;0;1;1;1;0;1;0;0;1;1;1;0;0;0;0;0;1;582344;25084;55;0;;0;;;;;;3;1;18;3;;;;;;1;;8;2;;;;;;2.85;1;24.65;2.91;;;;;;0;1;;1;0
BIO;2014;380000406;380784751;1;1;0;1;1;1;0;0;0;0;1;1;1;1;0;0;0;0;1;396122;47721;47721;;;;;;;;2;;1;13;5;;;;;3;;;2;2;;;;;2.88;;0.9;14.91;4.58;;;;;0;0;1;1;1;0
BIO;2014;380780288;380795203;;;;;;;;;;;;;;;;;;;;0;0;;0;;59;;59;;;;;;;;1;;;;;;;;;;;;;;;;;;1;;;;;;;;;
BIO;2014;380786442;380798025;1;1;0;1;1;1;1;1;0;0;1;1;1;1;0;0;1;0;1;437692;353273;8627;;;;;;;;4;2;;16;12;;;;;;;;2;3;;;;;4;2;;17;14.2;;;;;0;0;1;1;1;
BIO;2014;390000040;390780146;1;1;0;0;1;1;0;0;1;0;1;1;1;1;0;0;0;0;1;540291;16450;3168;;;;;;;;;1;1;5;;;;;;;2;;16;8;;;;;;2.9;1;18.7;6.25;;;;;;0;;;1;
BIO;2014;390000065;390780161;1;1;0;1;1;1;1;0;0;0;1;1;1;0;0;0;0;0;1;3976514;270199;210775;;;;;;;;1;;;6;1;;;;;1;;;3;1;;;;;2.01;;;8.67;1.75;;;;;0;;0;1;;1
BIO;2014;390000222;390780609;1;1;0;1;1;1;1;0;0;0;1;1;1;1;0;0;0;0;1;766407;56702;37964;;;;;;;;2;;1;24;4;;;;;1;;;1;3;;;;;2.83;;1;23.79;6.15;;;;;0;;0;1;;1
BIO;2014;400000105;400780193;1;0;0;1;1;0;1;1;0;0;1;1;1;1;0;0;0;0;1;635746;29474;1926;2143;1563;6525;8;69;1570;0;2;1;;19;7;;;1;1;2;;;5;4;3;;2;0;2.99;1;;23.16;8.57;1.39;;2.48;0.97;0;0;1;1;1;0
BIO;2014;400000139;400011177;1;1;0;1;1;0;1;0;0;0;1;1;1;1;0;0;0;0;1;919295;36424;27409;0;;5727;145;98;1782;;4;;0;22;13;;0;2;0;1;;0;2;1;;0;1;0;4.1;;0.83;21.6;12.43;;0;2.8;0;0;0;1;1;1;0
BIO;2014;400780359;400000204;;;;;;;;;;;;;;;;;;;;7833;;;247;;4365;;;;;2;;;;;;;;;;;;;;3;;;;2;;;;;3;;;;;;;;;
BIO;2014;400782769;400001764;1;0;0;1;1;1;0;0;0;0;1;0;0;0;0;0;0;0;1;251096;177186;73910;;;;;;;;0;3;0;10;5;0;0;0;0;0;0;0;0;3;0;0;0;0;0;3;0;10;6.5;0;0;0;0;0;1;1;0;1;1
BIO;2014;410000020;410000087;1;1;;1;1;0;0;1;0;0;1;1;1;0;0;0;0;0;1;884900;59267;207;5677;2105;8025;20;392;4303;1665;1;2;0;24;6;2;0;4;1;0;1;1;4;1;0;1;0;1;1;2.92;0.8;25.25;6.11;2;0.2;3.82;1.4;0;0;1;1;1;0
BIO;2014;410000046;410000103;1;1;0;1;1;0;0;0;0;0;0;0;1;0;0;0;0;0;0;232549;0;0;;;;;;;;;;;;3;;;;;;;;;2;;;;;;;;;3.72;;;;;0;0;0;0;0;0
BIO;2014;420000010;420780033;1;1;0;1;1;0;0;1;0;0;1;1;1;1;0;0;0;0;1;1080390;223577;8554;6950;3850;5489;10;375;924;731;1;4;1;21;7;2;0;3;4;1;0;0;12;1;2;0;1;0;1.04;3.2;0.8;30.88;8.83;3.06;0.2;3.8;3.49;0;0;0;1;1;0
BIO;2014;420000226;420013831;1;1;0;1;1;1;0;0;0;0;1;0;1;0;0;0;0;0;1;473209;82474;390735;;;;;;;;3;0;1;10;3;0;0;0;0;1;0;0;7;3;0;0;0;0;2.96;0;0.95;12.87;4.01;0;0;0;0;0;0;1;1;1;0
BIO;2014;420000234;420780652;1;1;0;1;1;1;0;0;0;0;1;1;1;0;0;0;0;0;1;582418;56332;48434;;;;;;;;1;1;1;11;3;;;;;3;1;;6;1;;;;;1.51;1.8;1;15.9;3.2;;;;;0;0;1;1;1;0
BIO;2014;420011413;420011405;1;0;0;1;1;1;0;1;0;0;1;1;1;0;0;0;1;1;1;368795;268737;;;;;;;;;2;;;11;10;16;;;;2;4;;;;;;;;3;3;;11;10;16;;;;0;0;1;1;1;0
BIO;2014;420785354;420784878;1;1;0;1;1;1;1;1;0;1;1;1;1;1;1;1;1;1;1;3391469;603802;0;11336;2492;19246;25;832;280;871;24;6;5;107;42;6;1;12;4;5;1;0;51;8;1;0;3;2;19.05;4.6;4.1;141.8;43.34;5.43;0.5;13.6;4.45;0;0;0;1;1;0
BIO;2014;430000117;430000018;1;1;;1;1;0;1;1;0;0;1;1;1;1;0;0;0;0;1;836206;157324;59611;;;;;;;;2;2;0;15;6;0;0;0;0;0;0;0;18;2;0;0;0;0;2;2;0.97;29.73;6.32;0;0;0;0;0;0;0;1;1;
BIO;2014;440000016;440000057;1;1;0;1;1;0;1;1;;;1;1;1;1;;;1;;1;821801;145735;48168;7207;5651;5405;;220;5063;;;4;1;19;6;3;0;3;3;1;;;20;7;;;1;3;0.6;4;1;35.4;11.51;3;0;3.8;4.25;0;0;1;0;1;0
BIO;2014;440000271;440000289;1;1;0;1;1;0;1;1;1;0;1;1;1;1;1;1;1;0;1;5444477;80051;80051;4537;;16684;;;649;;69;6;2;78;31;14;0;19;11;;;0;65;8;;0;16;2;42.84;4;1.5;128.6;31.4;9.99;0;31.03;11.76;0;0;;1;1;
BIO;2014;440001113;490017258;1;1;0;1;1;0;0;1;0;0;0;0;0;0;0;1;0;0;0;140517;4969;;;;;;;;;1;2;2;7;2;;;;;1;1;1;10;;;;;;1.69;1.7;2.8;14.77;1.07;;;;;0;0;0;0;0;0
BIO;2014;440017598;440000289;1;0;0;1;1;0;0;0;0;1;1;0;0;0;0;0;0;0;0;15720071;25958;25958;383;;4942;;;3347;;10;1;0;13;1;4;0;6;4;;;0;14;1;1;0;1;0;3.3;0.7;0;22.88;1.8;3.75;0;7.71;3.5;0;0;0;1;1;0
BIO;2014;450000021;450000088;0;0;0;0;0;0;0;0;0;0;0;0;0;0;0;0;1;1;0;2847;0;0;;;;;;;;4;;;6;3;;;;;;;;1;3;;;;;0.15;;;6.9;3.59;;;;;0;0;;1;1;
BIO;2014;450000047;450000096;1;0;0;1;1;1;0;0;0;0;1;1;0;0;0;0;0;0;1;40264;9148;;;;;;;;;;;;;;;;;;1;1;1;5;1;;;;;0.6;0.1;0.7;5;1;;;;;0;0;;1;1;
BIO;2014;450000062;450000104;1;0;0;1;1;1;0;0;0;0;1;1;1;0;0;0;0;0;1;515708;8180;7805;0;0;0;0;0;0;0;;1;;3;1;;;;;;4;;17;3;;;;;;3.27;;17.14;3.67;;;;;;0;1;;1;0
BIO;2014;450000070;450000112;1;1;0;1;1;1;0;0;0;0;1;1;1;1;0;0;0;0;1;4961472;528197;244368;0;;0;;;;;2;;0;8;2;;;;;;;1;1;2;;;;;2;;0.06;9.56;2.7;;;;;0;;1;1;;0
BIO;2014;450000294;450000591;1;1;0;1;1;1;1;1;0;0;1;1;1;0;0;0;1;0;;6373598;;;;;;;;;;1;2;1;22;8;;;;;;;;;1;;;;;1;2;0.8;22;8.8;;;;;0;0;1;1;;0
BIO;2014;450002613;450000088;1;1;0;1;1;1;1;1;1;0;1;1;1;1;1;1;1;0;1;2800260;78630;76743;42722;1253;101761;21;1295;29011;1318;12;;;46;38;9;;9;;;;;24;2;5;;1;;11.76;;;65.03;43.2;9.93;;9.01;;0;0;;1;1;
BIO;2014;460000110;460780216;1;0;0;1;1;0;0;1;0;0;1;1;1;1;0;0;0;0;1;549565;98469;84229;;;;;;;;0;4;0;19;7;0;0;0;0;0;1;1;8;0;0;0;0;0;0;4.3;0.8;25.65;6.47;0;0;0;0;0;0;0;1;0;0
BIO;2014;470000423;470000316;1;1;0;1;1;0;1;;0;0;1;1;1;0;0;0;0;0;1;682288;22075;21914;1820;594;3255;12;43;249;114;3;;;20;4;0;;3;2;2;;;7;6;1;;0;0;4.82;;;26.68;7.37;0.5;;1.3;0.84;0;;1;1;;0
BIO;2014;470000431;470000324;1;1;0;1;1;0;0;0;0;0;1;1;1;0;0;0;1;0;1;442903;40021;14883;;;;;;;;3;;2;15;5;;;;;;;;4;;;;;;3;;2;18.43;5.04;;;;;1;;1;0;;0
BIO;2014;470000480;470001660;1;1;0;1;1;1;1;0;0;0;1;1;1;1;0;0;0;0;1;341857;97763;6622;;;;;;;;3;0;0;12;5;0;0;0;0;0;0;0;5;1;0;0;0;0;3.04;0;0;14.29;4.52;0;0;0;0;;;;;;
BIO;2014;480000017;480780097;1;1;0;1;1;1;0;0;0;0;1;1;1;0;0;0;0;0;1;501765;22655;0;0;;0;;;;;1;2;;7;2;;;;;;;1;8;;;;;;1;2;0.73;12.33;2;;;;;0;;0;1;;0
BIO;2014;490000049;490000031;1;1;0;1;1;1;1;1;1;0;1;1;1;1;1;1;1;1;1;2890697;173681;162960;6576;1142;21685;110;464;969;75;23;30;5;129;50;;1;15;6;2;5;1;41;16;;0;3;3;24.4;32.6;5.95;158.38;59.06;;0.5;16.39;6.51;0;0;0;1;1;0
BIO;2014;490000155;490017258;1;1;0;1;1;0;0;1;0;0;0;0;0;0;1;1;0;0;0;81081;23327;3172;2667;59;3150;5;459;2196;0;2;;1;11;1;1;;5;;2;;2;5;;2;;3;2;2.08;;1.48;12.39;0.45;2.27;;5.46;1.19;0;0;0;0;0;0
BIO;2014;490000635;490000676;1;0;0;1;1;1;0;1;0;0;1;1;1;0;0;0;0;0;1;1334249;65360;63492;;;;;;;;3;2;1;21;6;;;;;1;1;;14;4;;;;;2.8;2.62;1;32.61;8.95;;;;;0;0;0;1;1;1
BIO;2014;490001765;490528452;1;0;0;1;1;1;0;0;0;0;1;1;1;0;0;0;0;0;1;376203;16558;;0;;0;;;;;3;;1;8;3;;;;;2;;1;9;2;;;;;3.51;;1.1;13.86;3.9;;;;;0;;;1;;
BIO;2014;490002037;490000890;1;1;1;1;1;1;1;1;1;1;1;1;1;1;0;0;0;0;1;15795;21;;1445;;9664;;;;;1;3;;;;1;;;;;;;;;;;;;1;3;;;;1;;;;1;1;;1;1;
BIO;2014;500000021;500000054;1;1;0;1;1;1;;0;0;0;1;1;1;0;0;0;0;0;1;1124800;83501;179886;;;;;;;;;5;1;28;10;;;;;;1;;14;5;;;;;;4.79;1;35.65;12.64;;;;;;0;0;;1;0
BIO;2014;500000146;500000500;;;;;;;;;;;;;;;;;;;;;;;;;2781;;35;;;;;;;;1;;;;;;;;;1;;;;;;;;;1.5;;;;;;;;;
BIO;2014;500000187;500000013;1;0;0;1;1;1;1;1;0;0;1;1;1;1;0;0;0;0;1;1161389;48843;23780;3672;1917;5145;40;328;509;0;3;;1;30;10;2;;5;3;1;;;10;2;1;;3;1;3.69;;0.8;35.1;13.05;2.2;;7.15;2.78;0;0;0;1;1;0
BIO;2014;500000450;500000112;1;;;;1;1;1;1;;;1;;1;;;;;;1;848741;421866;338144;;;;;;;;3;;1;29;5;;;;;1;;;2;4;;;;;3.8;;1;27.46;7.86;;;;;0;;0;1;;0
BIO;2014;500002357;500002233;1;;;1;1;1;1;;;;1;1;1;1;;;1;1;1;56850;;;1619;;10160;;318;;;;;;;;;;;;;1;;3;2;4;;;;;0.75;;2;1;0.2;;;;;0;0;;;1
BIO;2014;510000169;510000037;1;1;0;1;1;1;0;0;0;0;1;1;1;1;0;0;0;0;1;597238;146984;47039;;;;;;;;1;3;1;14;5;0;0;14;4;0;0;;5;3;0;0;5;3;0.95;2.6;0.75;15.9;5.46;0;0;15.9;4.71;0;0;0;1;1;0
BIO;2014;510000235;510000060;1;1;0;1;1;1;0;0;0;0;1;1;1;0;0;0;0;0;1;7225986;564380;476330;0;0;0;0;0;0;0;0;3;1;8;2;0;0;0;0;0;0;0;9;1;0;0;0;0;0;2.6;1.34;13.57;2.8;0;0;0;0;;0;1;;1;0
BIO;2014;510000516;510000136;1;0;0;1;1;0;0;1;0;0;0;0;0;0;1;1;0;0;1;198409;9097;7383;2560;38;5109;24;321;1472;276;4;0;0;6;1;2;0;5;3;0;0;0;0;2;2;0;1;0;4;0;0;6;2.4;2.4;0;5.8;3;0;;0;0;;0
BIO;2014;510002447;510000029;1;1;0;1;1;0;1;1;1;0;1;1;1;1;1;1;1;1;1;2885795;86903;;7640;3439;19352;104;681;10498;5354;66;1;8;109;62;8;1;6;4;3;0;0;49;26;0;0;6;6;44.73;0.5;8;146.7;79.95;4.8;1;10.25;6.35;0;0;0;1;1;1
BIO;2014;520000027;520780032;;;;;;;;;;;;;;;;;;;1;10294720;2100550;121762;0;;0;;;;;2;1;1;14;2;0;0;0;0;;;0;6;1;0;0;0;0;2;0.66;1;17.68;2.6;0;0;0;0;0;0;0;1;1;1
BIO;2014;520000043;520780057;1;0;0;1;1;1;0;1;0;0;1;1;1;0;0;0;0;0;1;154414;72352;17420;0;;0;;;;;;1;;8;1;;;;;;1;;;1;;;;;;1.7;;8;1.5;;;;;;;;;1;1
BIO;2014;530000173;530000074;1;0;0;1;1;1;0;0;0;0;1;0;1;0;0;0;0;0;1;273097;9257;642;;;;;;;;1;;1;8;2;;;;;;;0;4;1;;;;;1;;1;10.12;2.8;;;;;0;;1;1;;0
BIO;2014;540000015;540023264;1;0;0;1;1;0;0;0;0;0;1;1;1;1;0;0;1;1;0;261411;135;135;36;;40941;;;291;;6;;;18;15;;;;;1;;;5;1;;;;;4.65;;;21.12;9.16;;;;;0;1;1;0;1;0
BIO;2014;540000163;540020112;1;0;0;1;1;0;0;0;0;0;1;0;1;0;0;0;0;0;0;89207;0;;0;;0;;;;;0;1;;3;1;;;;;1;0;1;0;0;;;;;0.2;0.8;0.1;2.8;0.5;;;;;0;0;0;0;0;0
BIO;2014;540001070;540000767;1;1;0;1;1;1;0;0;0;0;1;1;1;0;0;0;0;0;1;490429;6628;0;;;;;;;;2;;1;9;4;;;;;1;;1;8;2;;;;;2.17;;0.6;15.4;4.84;;;;;0;0;1;1;1;0
BIO;2014;540001138;540023264;1;1;0;1;1;0;1;0;0;0;1;0;0;0;0;0;0;0;0;870032;12848;12848;10147;2089;10890;45;673;2813;0;13;;;48;13;4;0;11;3;1;;;29;4;2;1;0;0;7.71;;;65.63;14.37;2.89;0.03;10.67;2.96;0;0;1;1;1;0
BIO;2014;540001286;540003019;1;;;;;;;;;;;;;1;;1;;;0;824;14612;;2489;57;5617;10;259;1012;10;;2;;2;;4;1;8;1;;;;1;;1;;4;;;1;0.45;2.42;;3.55;0.55;10.72;1;;0;0;;0;0
BIO;2014;540002698;540023264;1;0;0;1;1;1;0;1;1;0;1;1;1;1;1;1;0;0;0;3092372;224603;224603;4431;26;12899;15;252;893;0;49;;;100;49;3;;11;4;11;;;78;11;4;;2;1;34.9;;;154.19;49.57;2.96;;11.6;4.12;0;0;1;1;1;1
BIO;2014;550000012;550006795;1;1;0;1;1;1;1;1;0;0;1;1;1;0;0;0;0;0;1;844283;107148;;;;;;;;;2;;1;20;6;;;;;1;;;2;;;;;;2.2;;0.1;19.85;5.1;;;;;0;;0;1;;0
BIO;2014;560000127;560023210;1;1;0;1;1;0;1;1;0;0;1;1;1;1;0;0;0;0;1;;;;7628;3396;12356;39;482;3407;6;6;0;2;32;18;4;2;3;3;0;0;0;18;6;0;0;4;1;6;0;1.4;48.84;22.11;4;0.4;6.24;3.4;0;;0;1;;0
BIO;2014;560000135;560005746;1;0;0;1;1;0;0;1;0;0;1;1;1;1;0;0;0;0;1;1341638;147079;144663;;;;;;;;2;4;2;24;7;;;;;;1;;20;;;;;;2;4.2;2;41.97;7.5;;;;;0;0;;1;1;
BIO;2014;560000143;560014748;1;1;0;1;1;1;;;;;1;1;1;;;;;;1;642362;10688;1427;;;;;;;;1;2;1;15;4;;;;;;;;2;1;;;;;1;2;1;15.88;4.5;;;;;0;0;1;1;1;0
BIO;2014;570000059;570025254;1;1;0;1;1;1;1;1;0;0;1;1;1;1;;0;0;0;0;407772;;;;;;;;;;2;;;15;3;;;;;;;;0;1;;;;;2;;;14.71;1.89;;;;;0;;0;0;;0
BIO;2014;570000117;570015099;1;1;0;1;1;1;1;1;0;0;1;1;1;0;0;0;0;0;1;288765;70775;36633;;;;;;;;2;;;15;;;;;;;;;3;;;;;;1.9;;0.34;16.75;;;;;;0;0;1;1;1;0
BIO;2014;570000216;570010173;1;1;0;1;1;1;0;1;0;0;1;1;1;1;0;0;0;0;1;79740;;;;;;;;;;;;;;;;;;;;;;;;;;;;0.33;;;1.82;0.15;;;;;0;0;0;0;0;0
BIO;2014;570000349;570005165;1;1;0;1;1;1;1;0;0;0;1;1;1;0;0;0;0;0;1;1899416;16561;6047;5078;;9870;2784;390;1426;;4;;;39;4;;;3;4;2;;2;16;8;;2;;6;4.4;;1.37;53.38;9.85;;0.45;3;4.63;0;;;1;;
BIO;2014;570000596;750821092;1;1;0;1;1;1;0;1;1;0;1;1;1;1;0;0;0;0;1;270301;38007;7122;0;0;0;0;0;0;0;3;1;1;18;5;;;;;;2;;4;;;;;;3.16;1.97;1;19.25;5;;;;;0;0;1;1;1;0
BIO;2014;570000901;570000158;1;1;0;1;1;1;1;0;0;0;1;1;1;1;0;0;0;0;1;809035;240320;176949;;;;;;;;1;2;1;19;5;;;;;;;;3;1;;;;;1;2;0.9;21.07;5.5;;;;;0;0;1;1;1;0
BIO;2014;570026252;570023630;1;1;0;1;1;1;0;1;0;0;1;1;1;0;0;0;0;0;1;820576;82617;75079;;;;;;;;2;1;1;15;3;;;;;;;;1;;;;;;2;1;1;14.62;3;;;;;0;0;0;1;1;1
BIO;2014;570026682;570005165;1;0;0;1;1;0;0;1;0;0;1;1;1;1;1;1;0;0;1;2646496;108251;105728;705;;11355;113;331;3608;;9;;2;48;6;;;2;6;2;;1;18;8;4;1;1;1;10.7;;2.5;59.97;11.58;2.1;0.5;2.86;6.9;0;0;0;1;1;0
BIO;2014;580972685;580780096;1;0;0;1;1;1;0;0;0;0;1;1;1;0;0;0;0;0;0;156009;776;400;;;;;;;;2;;;7;1;;;;;;;;4;;;;;;2.03;;;9.65;1;;;;;0;;;1;;
BIO;2014;580972693;580780039;1;0;0;1;1;0;0;1;0;0;1;1;1;1;0;0;0;0;;639386;101607;42333;;;;;;;;1;3;1;24;4;;;;;;1;;9;1;;;;;1;3.5;1;29.16;4.66;;;;;0;0;1;1;1;1
BIO;2014;590000121;590780227;1;;;1;1;1;;;;;1;1;1;;;;;;1;718795;;;;;;;;;;2;1;;10;3;;;;;;;;9;;;;;;2;1;0.61;17.49;3;;;;;0;0;;1;1;
BIO;2014;590000188;590780334;1;0;0;1;1;1;0;0;0;0;0;0;1;0;1;0;0;0;0;328287;45;45;3226;12;7031;2;702;17;0;3;;2;8;;2;2;10;1;2;;0;0;;1;0;0;0;2.9;;2;8;;3.58;2;10;1.5;;;;;;
BIO;2014;590000337;590781415;1;1;0;1;1;1;1;1;0;0;1;1;1;0;0;0;0;0;1;890000;14000;46000;;;;;;;;1;5;1;29;11;;;;;;;;10;3;3;;;;1;4.83;1;36.4;12.58;0.2;;;;0;0;1;1;1;0
BIO;2014;590000428;590781605;1;1;0;1;1;1;1;0;0;0;1;1;1;1;0;0;0;0;1;600399;14233;156;0;;0;;;0;;;3;1;11;4;;;;;;2;0;9;2;;;;;;3.8;1;19.57;4.47;;;;;;0;1;;1;0
BIO;2014;590000535;590781803;1;1;0;1;1;1;0;0;0;0;1;1;1;0;0;0;0;0;1;937538;20244;53043;;;;;;;;5;;;21;3;;;;;;;;6;;;;;;4.9;;;25.2;3.86;;;;;0;;0;1;;0
BIO;2014;590000618;590782215;1;1;0;1;1;0;1;1;0;0;1;1;1;1;1;1;0;0;1;3682642;266547;240044;6286;2775;12702;42;258;1170;3;;16;3;46;29;5;;7;4;;3;;29;5;2;;;1;;16.47;3;68.46;31.65;4.96;;6.77;4.6;0;0;1;1;1;0
BIO;2014;590000758;590782637;1;1;0;1;1;1;0;0;0;0;1;1;1;1;0;0;0;0;0;1031761;349665;266454;;;;;;;;1;1;1;19;2;;;;;;4;;8;1;;;;;0.9;3.2;1;24.14;3.04;;;;;0;0;1;1;1;0
BIO;2014;590000782;590782660;1;1;0;0;0;0;0;0;0;0;0;0;0;0;0;0;0;0;0;2151;;54;;;;;;;;;;;1;;;;;;;1;;;;;;;;;0.8;;1;;;;;;;0;0;;0;0
BIO;2014;590001004;590783239;1;1;0;1;1;1;1;1;0;1;1;1;1;1;0;0;0;0;1;1327464;105130;75931;;;;;;;;3;1;1;22;4;;;;;1;;;6;2;;;;;4.85;1;1;26.97;4.7;;;;;0;0;;1;1;
BIO;2014;590001418;590034740;1;1;0;0;0;0;0;0;0;0;0;0;0;0;0;0;0;0;0;21386;0;0;;;;;;;;0;0;0;1;0;0;0;0;0;0;0;0;0;0;0;0;0;0;0;0;0;1.45;0;0;0;0;0;0;0;0;0;0;0
BIO;2014;590001749;590788956;1;;0;1;1;1;0;0;0;0;1;1;1;0;0;0;0;0;1;32347;22546;9910;;;;;;;;;2;;4;1;;;;;;;;3;2;;;;;;2;;5.5;2;;;;;;;;;1;1
BIO;2014;590780284;590051801;1;1;0;1;1;1;1;1;1;1;1;1;1;1;0;0;0;0;0;1903876;69978;;;;;;;;;4;;2;29;6;;;;;3;;;10;7;;;;;6.6;;1.25;35.79;10.85;;;;;;;;;;
BIO;2014;590796975;590780193;1;1;0;1;1;1;1;1;1;0;1;1;1;1;1;1;1;1;0;8743908;1237728;;14648;2558;38448;44;583;6587;98;89;;13;308;161;16;0;32;14;24;;3;107;30;4;0;11;4;74.12;;14.8;392.4;184.27;11.62;0.66;39.25;17.49;;;;;;
BIO;2014;590797353;590051801;1;1;0;1;1;1;1;1;1;1;1;1;1;1;1;0;0;0;0;354609;14;;8662;668;8077;4;40;8458;;1;;1;2;1;3;1;5;1;1;;;;4;1;;1;1;1.46;;1.25;2.02;3.02;3.91;0.99;5.65;1.11;0;0;0;1;;1
BIO;2014;590801106;590782421;1;1;0;1;1;1;1;1;0;0;1;1;1;1;0;0;0;0;1;2200079;68974;29044;2836;367;7147;0;90;0;0;6;;;;;2;;;;2;;;;;1;;;;6.56;;;;;3.69;;;;;;;;;
BIO;2014;590804696;590781902;1;1;0;1;1;1;1;1;0;0;1;1;1;1;0;0;0;0;1;1242920;47037;161;2268;;870;44;7;;;0;4;;28;15;0;;;;0;1;;6;;0;;;;0;4.55;;30.71;13.6;0;;;;;0;1;;1;0
BIO;2014;590813507;590000485;1;1;0;1;1;1;1;1;0;0;1;1;1;1;0;0;1;0;1;229482;64726;0;;;;;;;;;1;;5;3;;;;;;;;;;;;;;;1;;6;5;;;;;;;;;1;1
BIO;2014;600000012;600100028;1;1;0;1;1;1;0;0;0;0;1;1;1;0;0;0;0;0;0;88667;187000;5541;;;;;;;;3;;1;10;3;;;;;;;;3;1;;;;;3;;0.5;12.8;3.8;;;;;0;;0;1;;1
BIO;2014;600000053;600101984;1;0;0;1;1;1;0;1;0;0;1;1;1;0;0;0;0;0;1;479347;125966;100712;;;;;;;;;3;1;16;6;0;0;0;0;;1;0;1;2;0;0;0;0;;3.05;0.6;17.43;8.81;0;0;0;0;;0;1;;1;0
BIO;2014;600000194;600100713;1;1;0;1;1;1;0;0;0;0;1;1;1;1;0;0;1;0;1;1084280;199659;96873;83;24;4256;102;278;2189;3248;5;;2;29;7;2;;3;3;5;;0;10;3;1;1;2;1;5;;2;36.67;8.78;2.2;0.25;4.3;3.09;0;0;1;1;1;0
BIO;2014;600000285;600100721;1;1;0;1;1;1;0;0;0;0;1;1;0;0;0;0;0;0;1;78495;24787;;;;;;;;;0;0;0;6;9;0;0;0;0;0;0;0;0;2;0;0;0;0;0;0;0;6;1.31;0;0;0;0;0;0;1;0;0;0
BIO;2014;600000467;600101984;1;0;0;1;1;0;0;1;0;0;1;1;1;1;0;0;0;0;1;1058931;55191;39341;2085;491;5605;9;72;;;;4;2;29;7;1;0;2;2;;1;0;4;5;2;0;0;0;;4.2;1.11;29.92;11.66;1.7;0;2;2;;0;1;;1;0
BIO;2014;600113476;600100721;1;1;0;1;1;1;1;1;0;1;1;1;1;1;0;0;0;0;1;20041933;6182326;;;;;;;;;5;0;1;32;11;0;1;3;1;0;0;0;11;4;2;0;0;2;4.71;0;0.62;37.35;11.98;0.72;0.3;2.48;2.32;0;0;1;1;0;0
BIO;2014;610000051;610780082;1;0;0;1;1;0;0;0;0;0;1;1;1;0;0;0;0;0;1;642603;12394;;;;;;;;;4;;;15;5;;;;;1;;1;8;3;;;;;4.8;;0.69;21.87;6.05;;;;;0;;1;1;;0
BIO;2014;610000119;610780165;1;1;0;1;1;1;0;0;0;0;1;1;1;0;0;0;1;0;1;468341;110165;336;;;3730;;;;;2;0;0;12;5;1;0;0;0;2;0;0;7;0;0;0;0;0;3.08;0;0;17.21;5.13;0.5;0;0;0;0;;;1;;
BIO;2014;620000026;620003814;1;1;0;1;1;1;0;1;0;0;0;1;1;0;0;0;0;0;1;322101;16483;7;;;;;;;;1;1;;9;3;;;;;;1;;4;;;;;;1;1.5;;10.8;3;;;;;0;0;0;1;1;1
BIO;2014;620000034;620100057;1;1;1;1;1;1;1;1;0;0;1;1;1;1;0;0;0;0;1;1454187;203702;33072;;;;;;;;;5;2;32;8;;;;;;1;;5;6;;;;;;5.61;2;33.05;10.6;;;;;;0;1;;1;0
BIO;2014;620000224;620100651;1;1;0;1;1;1;1;1;0;0;1;1;1;1;0;0;0;0;1;1267818;153508;116872;;;;;;;;;6;2;28;10;;;;;;1;;11;6;;;;;;6.6;2;39.02;14.04;;;;;0;1;1;0;1;0
BIO;2014;620000257;620100685;1;1;0;1;1;1;1;1;1;0;1;1;1;1;1;0;0;0;1;1709279;35466;1335;1713;;6272;;56;;;0;8;4;33;25;1;0;4;2;0;1;0;16;3;5;0;2;1;0;8.06;3.4;45.05;25.56;3.5;0;5.3;3.03;0;0;1;1;1;0
BIO;2014;620000323;620101337;1;1;0;1;1;1;1;0;0;0;1;1;1;1;0;0;0;1;0;1220848;19754;12504;;;;;;;;4;;;16;2;;;;;;;;8;1;;;;;4;;;23.27;2.91;;;;;0;;0;0;;0
BIO;2014;620000349;620101360;1;1;0;1;1;1;0;0;0;0;1;1;1;1;0;0;0;0;1;862509;13184;;;;;;;;;2;;;12;3;;;;;2;;;13;;;;;;3.4;;0.66;22.72;3;;;;;;;;;;
BIO;2014;620000653;620103440;1;1;0;1;1;1;1;1;0;0;1;1;1;1;0;0;1;0;1;1797071;34228;3653;;;;;;;;4;;1;23;16;;;;;1;;;9;6;;;;;4.6;;1.25;29.49;18.62;;;;;0;;0;1;;1
BIO;2014;620003202;620103432;1;1;0;1;;1;1;1;0;0;1;1;1;0;0;0;0;0;1;493882;129354;67456;;;;;;;;3;;0;10;;;;;;2;;1;6;;;;;;3.6;;0.08;13.91;;;;;;0;;0;1;;1
BIO;2014;630000016;630180032;1;0;0;1;1;0;0;0;0;0;0;0;0;0;0;0;0;0;1;23751;1412;0;;;;;;;;;;;;;;;;;1;1;;4;;;;;2;0.5;0.3;;2.12;;;;;0.3;;0;0;;0;0
BIO;2014;630000404;630780989;1;1;0;1;1;0;1;1;0;0;1;1;1;1;1;1;1;1;1;4210357;538656;435414;12795;4833;22019;0;848;6523;29;22;27;3;117;44;6;1;14;7;1;9;1;57;16;4;0;8;2;13.3;23.22;3.5;164.82;60.62;6.7;1;19.53;7.3;0;;0;1;;1
BIO;2014;630000438;630781011;1;0;0;1;1;0;0;0;0;0;1;0;1;0;0;0;0;0;1;355777;;;;;;;;;;0;2;;;;;;;;;;;;;;;;;;2;;;;;;;;;0;0;;0;0
BIO;2014;630000479;630781110;0;0;0;0;0;0;0;0;0;0;0;0;0;0;1;1;0;0;0;81786;29289;;5543;;8585;;;;;1;;1;3;2;4;1;14;3;1;;0;3;;2;1;1;0;1.2;;0.8;4.76;0.4;4.7;1.34;12.62;3;0;0;0;0;0;0
BIO;2014;630780369;630000164;;;;;;;;;;;;;;;;;;;0;3112;;;;;34534;;;;;;;;;;;;;;1;;;;;9;;;;0.2;;;;;2;;;;;;;;;
BIO;2014;630783108;630000867;;;;;;;;;;;;;;;;;;;;18415;91;;;;982;;;;;;;;;;;;;;;;;1;;8;;;;;;;0.1;;1;;;;;;;;;
BIO;2014;640000162;640780417;1;1;0;1;1;0;0;1;0;0;1;1;1;1;0;0;0;0;1;1966749;1328;;;;;;;;;6;0;1;30;9;0;0;0;0;1;0;0;8;1;0;0;0;0;5.23;0;1;36.45;9.27;0;0;0;0;0;0;1;1;0;0
BIO;2014;640000402;640780813;1;1;0;1;1;1;0;0;0;0;1;1;1;1;0;0;0;0;1;170000;2000;16000;;;;;;;;0;0;0;9;1;;;;;3;3;1;4;1;;;;;0.73;1.3;0.4;11.4;1.8;;;;;0;0;0;0;1;0
BIO;2014;640000410;640780821;1;1;0;1;1;1;0;0;0;0;1;1;1;0;0;0;0;0;1;;;;0;;0;;;;;;1;1;5;1;;;;;1;;;4;;;;;;0.3;1;0.5;8.2;1;;;;;0;0;0;0;0;1
BIO;2014;640000600;640781290;1;0;0;1;1;0;0;1;0;0;1;1;1;1;0;0;0;0;1;1325421;;4300;2315;123;7563;5;192;3096;;7;;;30;9;3;;3;1;;;1;12;1;;1;1;1;4.85;;0.75;38.33;9.87;2.83;0.25;4.05;1.73;0;;;1;;
BIO;2014;650000045;650780158;1;1;0;1;1;1;0;0;0;0;1;1;1;0;0;0;0;0;1;196988;3835;2285;;;;;;;;2;0;1;8;1;0;0;0;0;0;0;0;4;1;0;0;0;0;2.46;0;1;10.97;1.8;0;0;0;0;;;1;1;1;
BIO;2014;650000417;650783160;1;1;0;1;1;0;1;1;0;0;1;1;1;0;0;0;0;0;1;818448;34645;9073;4790;4187;5437;12;173;6133;2538;2;2;2;23;7;3;1;2;5;;;0;4;2;;0;0;1;2.6;2;1.8;26.11;8.1;3;0.2;2.27;3.91;0;0;1;1;1;0
BIO;2014;660000084;660780180;1;1;0;1;1;0;1;1;0;0;1;1;1;1;0;0;0;0;1;1904138;5306;3366;8362;3448;11954;97;1016;;;7;;;36;3;3;;4;1;;;;10;;;;;;7;;;45.54;3;3;;4;1;0;;1;1;;0
BIO;2014;660000092;660780198;1;1;0;1;1;0;0;0;0;0;0;0;1;0;0;0;0;0;0;39861;0;0;;;;;;;;;1;;2;;;;;;;;1;1;;;;;;;1;0.1;3;;;;;;;0;0;;0;0
BIO;2014;670000025;670780055;1;1;1;1;1;0;1;1;1;0;1;1;1;1;0;0;1;1;0;3317836;102703;102703;3638;0;884;0;20;6677;0;26;15;4;106;45;4;4;3;2;5;8;3;73;22;4;3;1;1;16.55;14.07;6.52;175.96;63.4;0.5;0.08;4.8;3.38;0;0;1;1;1;1
BIO;2014;670000033;670780063;;;;;;;;;;;;;;;;;;;;;;;1827;19;1471;4;177;697;;0;0;;0;0;0;;1;3;0;;;0;0;3;;1;1;0;0;;0;0;1.6;;1.56;3.8;0;0;0;0;0;0
BIO;2014;670000157;670780337;1;1;0;1;1;1;0;0;0;0;1;1;1;1;0;0;1;0;1;1530194;102422;39445;;;;;;;;1;3;1;28;4;;;;;;;;6;7;;;;;1;3.75;1;32.77;8.75;;;;;0;0;1;1;1;0
BIO;2014;670000165;670780345;1;1;0;1;1;1;0;1;0;0;1;1;1;1;0;0;0;0;1;578187;28572;;;;;;;;;3;;1;12;1;;;;;1;;;13;5;;;;;3.9;;1;21.57;5.25;;;;0.2;0;;1;1;;
BIO;2014;670000272;670780543;1;1;0;1;1;1;0;0;0;0;1;1;1;0;0;0;0;0;1;191848;5749;;;;;;;;;1;;1;8;1;;;;;1;;;2;;;;;;1.8;;0.25;9.66;0.5;;;;;0;;1;1;;0
BIO;2014;670000397;670780691;1;1;0;1;1;1;0;0;0;0;1;1;1;0;0;0;0;0;1;841647;19318;79540;;;;;;;;;3;1;16;4;;;;;;;;1;3;;;;;;2.92;0.8;16.85;5.03;;;;;;0;1;;1;0
BIO;2014;670783273;670780055;1;1;0;1;1;0;0;0;0;0;0;0;0;0;1;1;0;0;0;1860642;19485;;15237;8475;33974;181;2263;7502;2119;7;12;1;58;20;;1;20;6;4;0;0;30;7;;0;6;2;7.87;8.52;0.97;76;20.16;;1;22.24;7.53;0;0;1;1;1;0
BIO;2014;680000684;680000973;1;1;0;1;1;0;0;1;0;0;1;1;1;1;1;1;0;0;1;2089300;75610;70057;15381;2972;22190;21;467;6824;795;;9;4;49;18;4;1;7;5;;4;;33;7;;;2;;;11.55;3.17;73.25;22.12;4;1;8.6;4.85;;0;;;1;
BIO;2014;680004546;680000486;1;1;0;1;1;0;1;1;0;;1;1;1;1;1;1;1;0;1;1965242;419095;337164;19742;9293;12051;42;501;5564;2254;4;9;3;51;22;3;1;11;6;1;0;0;20;10;0;;4;1;3.9;8.48;3;65.41;27.51;3;0.5;13;5.8;0;0;1;1;1;0
BIO;2014;690000575;690782222;1;1;0;1;1;1;1;1;0;0;1;1;1;0;0;0;0;0;1;721513;106203;98925;;;;;;;;7;;1;19;4;;;;;;;;10;5;;;;;4.65;;0.93;24.2;5.84;;;;;0;0;1;1;1;0
BIO;2014;690000880;690783220;0;0;0;0;0;0;0;0;0;0;0;0;0;0;1;1;0;0;0;;;;6513;168;12837;29;97;9098;;;;;;;6;1;16;7;;;;;;6;;8;;;;;;;9.4;0.95;19.87;6.65;0;0;0;0;0;0
BIO;2014;690007539;690781810;1;1;0;1;1;0;0;0;1;0;0;0;0;0;1;1;1;1;1;2302137;402942;;7030;;14338;;42;340;;22;10;6;135;59;1;1;11;5;24;6;;57;10;13;;2;2;45.7;16;6.1;177.16;63.19;12.35;0.4;12.59;6.89;0;0;;1;1;
BIO;2014;690780093;750821092;1;1;0;1;1;1;0;1;1;0;1;1;1;1;0;0;0;0;1;461146;138455;0;;;;;;;;0;2;2;23;3;;;;;1;1;;3;1;;;;;0.5;2.9;2;25.4;3.8;;;;;0;0;1;1;1;0
BIO;2014;690781836;690006598;1;0;0;1;1;1;0;0;0;0;1;1;1;1;0;0;0;0;0;242065;46691;59494;0;;0;;;0;;;;;5;2;;;;;;;;1;;;;;;0.06;1.72;;6.36;2;;;;;0;0;0;0;0;0
BIO;2014;690783154;690781810;1;1;0;1;1;0;0;0;1;0;0;0;0;0;1;1;0;0;1;2286385;402942;402942;2839;;16423;;108;2441;;16;4;4;83;48;2;1;10;5;8;4;;25;14;1;;3;1;24.88;7.51;4;103.26;55.05;2.76;0.8;12.36;5.09;0;0;1;1;1;0
BIO;2014;690784137;690781810;1;1;0;1;1;0;1;1;1;0;1;1;0;0;1;1;0;0;1;3539111;226172;226172;9637;8;22909;0;405;6233;0;18;2;;96;22;2;;16;;22;8;;54;;9;;5;;38.2;10.27;;136.94;22.07;7.29;;18.76;;;;1;1;1;
BIO;2014;690784152;690781810;1;1;0;1;1;0;0;0;0;0;1;1;1;1;0;0;0;0;1;2661298;61433;61433;8793;;12799;;96;3259;;13;2;4;53;23;2;1;7;5;14;3;;22;7;6;;2;1;25.23;3.78;4.5;67.94;28.11;7.15;0.5;8.7;6.66;0;0;1;1;1;0
BIO;2014;690805361;690805353;1;1;0;1;1;1;0;1;0;0;1;1;1;0;0;0;0;0;1;1176523;16048;14137;;;;;;;;1;3;;23;3;;;;;0;1;;6;0;;;;;0.8;3.3;;24.82;2.78;;;;;0;0;1;1;1;0
BIO;2014;700000011;700780026;1;0;0;1;1;1;0;0;0;0;1;1;1;0;0;0;0;0;0;131732;14695;14107;;;;;;;;1;;;4;1;;;;;2;;;;1;;;;;1.5;;;4;1.5;;;;;0;;0;1;;1
BIO;2014;700000029;700004591;1;1;0;1;1;1;1;0;0;0;1;1;1;0;0;0;1;0;1;1200192;44177;95138;;;;;;;;1;2;1;21;7;;;;;;1;;3;1;;;;;1;2.8;1;22.7;6.83;;;;;0;0;;1;1;
BIO;2014;710978263;710780958;1;0;0;1;1;0;0;0;1;1;1;1;1;1;0;0;0;0;1;836597;47362;22863;;;;;;;;4;;1;22;8;;;;;2;;;8;3;;;;;4.8;;0.88;27.36;8.21;;;;;;;;1;;
BIO;2014;710978289;710780263;1;1;0;1;1;1;0;1;0;0;1;1;1;1;0;0;0;0;1;733403;115206;343;0;0;0;0;0;0;0;6;;1;18;5;;;;;1;;;10;4;;;;;6.1;;1;24.5;5.58;;;;;;;;;;
BIO;2014;710978313;710976705;1;1;1;1;1;1;0;0;0;0;1;1;1;1;0;0;0;0;1;413515;1829;;;;;;;;;1;2;1;14;5;;;;;;1;;4;3;;;;;0.67;2.87;1;16.37;5.91;;;;;;;;;;
BIO;2014;720000033;720000025;1;1;0;1;1;0;1;1;0;0;1;1;1;1;1;1;0;0;1;1333898;474535;223976;8891;8;8988;375;383;730;0;3;6;2;45;19;5;0;6;3;3;2;2;39;15;;1;1;2;4.47;7.6;3;73.81;28.65;5;0.5;6.57;4;0;0;1;1;1;0
BIO;2014;720016179;720016724;1;1;0;1;1;1;0;0;0;0;1;1;1;1;0;0;0;0;1;383301;24466;5872;;;;;;;;1;2;1;12;5;;;;;;1;;3;1;;;;;0.5;1.66;0.4;14.69;3.58;;;;;0;0;;1;1;
BIO;2014;730000031;730000015;1;1;0;1;1;0;1;1;1;0;1;1;1;1;1;1;;;1;1658304;17665;8592;862188;2200;2094543;120520;139500;327428;41185;9;0;2;47;16;3;1;8;4;2;0;0;25;10;2;0;0;2;9.2;0;1.21;67.02;19.43;4.4;0.5;8.01;5.21;;;;;;
BIO;2014;730000098;730780111;1;0;0;0;1;1;0;0;0;0;1;1;1;0;0;0;0;0;1;242593;32234;1931;;;;;;;;0;2;0;7;2;0;0;0;0;0;0;0;3;1;0;0;0;0;0;2;0;8.07;2.45;0;0;0;0;0;0;0;0;1;1
BIO;2014;740000237;740781133;1;1;0;1;1;0;0;1;0;0;1;1;1;1;0;1;1;0;1;893168;103918;1864;;;;;;;;7;0;1;37;15;0;0;0;0;2;0;0;15;6;0;0;0;0;6.3;0;1;47.9;20.46;0;0;0;0;0;;1;1;;0
BIO;2014;740000302;740781133;1;0;0;1;1;0;0;0;0;0;0;0;0;0;0;0;0;0;1;176466;15548;;;;;;;;;1;0;0;9;3;0;0;0;0;1;0;0;2;2;0;0;0;0;1.6;0;0;9.8;3.92;0;0;0;0;0;;1;0;;1
BIO;2014;740000328;740790381;1;1;0;1;1;1;0;1;0;0;1;1;1;1;0;0;0;0;0;582733;14194;19407;;;;;;;;;3;1;;;;;;;;;;;;;;;;;2.8;1;;;;;;;;0;1;;1;0
BIO;2014;740780192;740780168;1;0;0;1;1;1;0;0;0;0;1;1;1;0;0;0;0;0;1;44511;56689;48592;0;;0;;;0;;1;;;2;1;;;;;;;;2;1;;;;;1;;;3.43;1.8;;;;;0;;0;0;;0
BIO;2014;740781141;740790258;1;1;0;1;1;0;0;1;0;0;1;1;1;1;0;0;0;0;0;652050;46125;18785;;;;;;;;3;;2;12;3;;;;;;;0;17;1;;;;;3;;0.37;25.97;3.95;;;;;0;;;1;;
BIO;2014;740781224;740001839;1;1;0;1;1;1;0;0;0;0;1;1;1;0;0;0;0;0;1;356808;36891;3279;;;;;;;;4;;1;7;3;;;;;;;;11;2;;;;;2.97;;1;15.11;4.01;;;;;0;;1;1;;0
BIO;2014;750000481;750110025;1;0;0;1;1;0;1;1;0;0;1;1;1;1;0;0;0;0;1;121385;8895;4744;125;;1929;;;18;;2;;2;13;4;;;4;4;5;;;;1;2;;;1;4.31;;1.33;11.32;4.44;0.28;;1.73;0.4;;;;;;
BIO;2014;750000499;750140014;1;1;0;1;1;1;0;0;0;0;1;1;1;0;0;0;0;0;1;;;;40;;1659;;;2063;;5;2;1;18;8;5;1;5;5;1;;0;0;0;;0;1;0;4.45;1.1;0.5;18.55;7.77;3.37;1;5.28;4.73;;;1;1;;0
BIO;2014;750000523;750150120;1;1;0;1;1;1;0;1;0;0;1;1;1;1;1;0;0;0;1;2123140;449632;395460;3716;;13953;;226;605;;7;1;1;34;16;3;1;6;5;8;3;2;20;4;4;;;;12.65;2.95;0.97;53.56;14.08;4;0.97;6.09;4.84;0;0;0;1;1;0
BIO;2014;750100018;750712184;1;0;0;0;0;0;0;0;0;0;0;0;0;0;0;0;0;0;0;88395;28306;28306;586;418;4;3;0;3839;2;;1;;3;4;;;;;;1;1;1;1;;;;;;1;0.8;3.5;4.8;1.2;0.7;4.9;2.8;0;1;1;0;0;0
BIO;2014;750100042;750712184;1;1;0;1;1;1;0;0;0;0;1;1;1;1;1;1;0;0;0;2570762;;142609;7464;2016;11944;54;580;3009;14;30;;4;108;49;4;1;9;8;70;;;22;5;8;;5;1;57.2;;4;114;52.9;7.5;1;13.5;8.5;1;1;1;;;
BIO;2014;750100075;750712184;1;1;0;1;1;1;1;1;1;0;1;1;1;1;1;;0;0;1;3209480;;380548;11730;1131;17987;48;777;1082;0;42;;10;158;61;2;1;17;6;64;;;31;10;17;;2;1;62.9;;10;183;66.5;10.3;1;19.4;7.5;0;0;1;1;1;1
BIO;2014;750100091;750712184;1;1;0;1;1;1;0;1;1;0;1;1;1;0;1;1;0;0;0;2453584;;304080;1946;408;14003;99;153;4491;336;;57;9;146;49;10;1;11;6;;0;0;0;0;0;0;0;0;;46.1;8.8;145.6;47.7;7.8;0.8;11.1;6;1;1;1;1;1;0
BIO;2014;750100109;750712184;1;1;;1;1;1;1;1;1;;1;;;1;1;1;;;0;945044;;31856;3375;1909;3225;6;19;261;;;27;6;77;28;2;1;7;6;;0;0;0;0;6;0;0;0;;22.6;6.4;77.4;28.4;8.3;0.5;7.1;5.5;1;1;1;1;1;0
BIO;2014;750100125;750712184;1;1;0;1;1;1;0;1;1;1;1;1;1;1;1;1;0;0;0;6304284;209731;;8033;1307;34838;145;1759;2071;0;125;;18;218;110;14;3;20;13;22;;1;47;13;11;;9;4;125.35;;16.7;261.3;117.2;16.86;2.5;26.54;18.11;1;;;;;
BIO;2014;750100166;750712184;1;1;0;1;1;1;1;1;0;1;1;1;1;1;1;1;1;1;0;3039806;561377;561377;14657;4589;23777;284;937;1754;5;28;60;9;163;70;16;3;23;12;13;19;0;47;12;2;0;5;3;19.95;52.3;8.6;189.8;75;11.5;1.67;19;10.8;1;1;1;1;1;0
BIO;2014;750100208;750712184;1;1;0;1;1;1;1;1;1;0;1;1;1;1;1;1;0;1;0;3210860;205258;153518;1100;19;8235;1;96;4361;1;;;8;128;46;1;1;9;4;;;0;28;14;15;0;4;0;54.67;26.79;8;149.5;57;7.9;1;11.5;4;0;0;1;1;0;
BIO;2014;750100232;750712184;1;1;;1;1;1;1;1;;;1;1;1;1;1;1;1;1;0;3245417;302358;302358;6423;1836;16357;250;356;473;1;43;5;10;125;47;18;;;;1;;;22;7;;;;;40.8;5;10;140.85;49.56;11;;;;1;0;1;0;;
BIO;2014;750100273;750712184;1;1;0;1;1;1;0;1;1;0;1;0;0;1;0;1;0;0;;1697859;;10725;8767;127;16482;28;625;1869;5;;40;4;78;30;7;1;14;8;;;;;;;;;;;30.6;3.2;75.1;27.3;6.3;0.9;14.3;8.4;1;1;1;1;1;0
BIO;2014;750120016;750821092;1;1;0;1;1;1;0;0;0;0;1;1;0;0;0;0;0;0;1;434319;16961;4690;;;;;;;;;1;1;17;3;;;;;2;1;;3;1;;;;;1.1;1.3;1;19.4;3.4;;;;;0;0;1;1;1;0
BIO;2014;750150104;750720476;1;1;0;1;1;1;0;1;0;0;1;1;1;1;0;0;0;1;1;909087;295970;195172;1993;;8105;4;400;122;;5;1;3;33;6;3;1;4;4;2;;1;2;2;4;;1;1;6.21;1;3.23;35.72;9.3;4.9;1;4.93;5.64;0;0;1;1;1;0
BIO;2014;750150146;750720609;1;0;0;1;1;1;0;0;0;0;1;1;1;0;0;0;0;0;1;160504;31771;;;;;;;;;;;;5;1;;;;;3;;;4;2;;;;;1.55;;;7;2.11;;;;;0;0;0;0;0;0
BIO;2014;750150237;750006728;1;1;0;1;1;1;0;0;0;0;1;1;1;0;0;0;0;0;1;153658;8019;5319;;;;;;;;;;;;;;;;;;;;;;;;;;;1.32;0.33;7.22;1.63;;;;;0;;;1;;0
BIO;2014;750160012;750813321;1;1;0;1;1;1;0;0;0;0;1;1;1;0;1;1;0;0;0;652647;6816;6028;6054;98;14101;;1845;1463;;16;2;2;49;30;8;4;19;6;4;0;1;6;2;3;0;7;0;16.77;2;2.8;54.97;30.83;9.4;4;24.25;7.07;0;0;0;0;0;0
BIO;2014;750803447;750712184;1;1;0;1;1;1;0;1;0;0;1;1;1;1;1;1;0;0;0;2358415;133655;;4588;1489;20383;261;835;1092;0;15;28;6;87;35;10;1;10;5;3;3;1;18;5;6;0;5;2;9.7;22;6.4;103.8;40.13;9.5;1;14.3;6.3;1;1;1;1;1;1
BIO;2014;750803454;750712184;1;1;0;1;1;0;1;1;1;0;1;1;1;1;1;1;0;0;0;1229348;167133;;2434;1549;3625;10;35;72;0;16;23;6;91;36;2;0;5;1;3;7;1;17;1;2;1;1;1;12.9;23.2;6.5;103.9;36.5;2.1;0.5;5.8;1.8;1;1;1;0;0;0
BIO;2014;760000018;760780023;1;1;0;1;1;0;1;1;0;0;1;1;1;1;0;0;0;0;1;16938448;2068311;650184;;;;;;;;;4;1;20;3;;;;;;2;0;2;2;;;;;;5.2;1;20.34;3.65;;;;;;0;;;1;
BIO;2014;760000141;760780239;1;0;0;1;1;0;0;0;0;0;0;0;0;0;0;0;0;0;0;185292;12413;12413;;;;;;;;;;;;;;;4;2;;;;;;;;2;1;;;;;;;;5.4;2.01;;;;;;
BIO;2014;760000158;760780239;1;1;0;1;1;0;1;1;1;1;1;1;1;1;1;1;1;1;1;5247682;351554;308412;4619;1779;26222;82;440;10680;844;32;6;5;96;58;10;2;18;16;7;7;1;65;14;8;;13;5;25.2;8.23;4.47;136.82;56.86;10.67;1.5;28.45;15.77;;;;;;0
BIO;2014;760000166;760780247;1;0;0;1;1;0;0;1;0;0;1;1;1;0;0;1;0;0;1;426614;33079;;6512;1;6512;;568;904;;2;2;2;16;2;3;;6;1;1;;1;4;7;;2;2;3;2.8;2;2.6;18.6;6.05;3;1.1;7.6;2.7;0;0;0;0;0;0
BIO;2014;760000463;760024042;1;0;0;1;1;1;1;0;0;0;1;1;1;1;0;0;0;0;1;617228;35257;8363;0;;0;;;;;3;;1;17;7;;;;;2;;;16;11;;;;;4.6;;1;29.4;8.5;;;;;0;;1;1;;
BIO;2014;760805770;760780726;1;1;0;1;1;0;1;1;0;0;1;1;1;1;1;0;0;0;1;1885540;35149;;5414;1693;7219;17;237;880;433;13;;6;41;29;4;0;2;5;1;;0;28;7;;0;4;2;13.24;;5.99;61.29;35.04;3.11;0;5.2;5.78;0;0;1;1;1;0
BIO;2014;770000131;770110013;1;1;0;1;1;1;0;0;0;0;1;1;0;1;0;0;0;0;1;461541;41499;21086;;;;;;;;3;;;15;8;;;;;1;;;2;1;;;;;3.2;;;17.49;8.8;;;;;0;;1;1;;0
BIO;2014;770000149;770110021;1;1;0;1;1;1;1;0;0;0;1;1;1;1;0;0;0;0;1;665622;43756;13450;;;;;;;;;3;1;15;8;;;;;1;1;;6;1;;;;;0.6;3;1;18.74;6.85;;;;;;;0;1;;0
BIO;2014;770000156;770110054;1;1;0;1;1;0;0;1;0;0;1;1;1;1;0;0;0;0;1;747215;21825;1472;;;;;;;;1;3;1;19;4;;;;;;;;9;1;;;;;1;3;1;24.65;4.8;;;;;0;0;1;1;1;1
BIO;2014;770000164;770110062;1;1;;1;1;1;0;0;0;0;1;1;1;0;0;0;0;0;1;257166;62058;364;;;;;;;;;2;1;14;5;;;;;;1;;;2;;;;;;2.8;1;14;5.06;;;;;;0;1;;0;
BIO;2014;770000172;770110070;1;1;0;1;1;1;0;0;0;0;1;1;1;1;0;0;0;0;;362473;91442;193;;;;;;;;1;2;;12;2;;;;;;1;;7;;;;;;1;2.27;0.33;16.51;2;;;;;;;;1;1;
BIO;2014;770000214;770130052;1;1;0;1;1;1;0;0;0;0;1;1;1;0;0;0;0;0;1;244479;16872;;;;;;;;;1;1;;9;2;;;;;;;;2;;;;;;1;1;;11.32;2;;;;;0;;;1;1;1
BIO;2014;770000446;770700185;1;1;0;1;1;0;1;1;0;0;1;1;1;1;1;1;0;0;0;1118289;14418;8641;;;;;;;;1;7;;10;;;;;;;2;;1;;;;;;1;5.8;;10.98;;;;;;0;0;1;1;1;0
BIO;2014;770019032;770170017;1;1;0;1;1;1;0;1;0;0;1;1;1;1;0;0;0;0;1;1012094;163857;160248;6288;2027;6200;24;138;14121;2201;1;6;2;31;5;5;1;7;2;1;3;1;4;2;3;;1;1;1.7;7.6;2.5;34.2;6.6;6.34;0.5;7.8;2.8;0;0;1;1;1;0
BIO;2014;770150019;770019792;1;1;0;1;1;1;0;0;0;0;1;1;1;0;0;0;0;0;1;853500;523152;453911;;;;;;;;2;;;1;1;;;;;;;;;1;;;;;2.91;;;9.83;2.78;;;;;0;0;0;1;1;1
BIO;2014;780000287;780110011;1;0;0;1;1;1;0;1;0;0;1;1;1;1;0;0;0;0;1;1236905;56457;144;4803;2421;4641;39;91;;;8;;2;32;9;1;1;3;6;1;;;2;2;1;;;1;5.95;;1.5;30.68;6.4;1.66;0.1;3;2.41;0;0;1;1;1;0
BIO;2014;780000295;780002697;1;1;0;1;1;1;0;1;0;0;1;1;1;1;0;0;0;0;1;503095;88102;31835;645;0;2729;0;139;2;0;;3;;15;4;1;;2;1;;;;;;1;;;;;2.5;;13.92;3.31;1.37;;2.09;1.01;;;1;;1;
BIO;2014;780000311;780001236;1;0;0;1;1;0;0;1;0;0;1;1;1;1;1;1;1;1;1;1601110;46119;378670;5264;888;9384;7;345;2856;690;12;;3;69;18;9;;;;4;;;10;6;;;;;12.15;;2.44;78.12;22.95;7.66;;;;0;;;1;;
BIO;2014;780000329;780110052;1;1;0;1;1;1;1;0;0;0;1;1;1;0;0;0;0;0;1;711295;240873;124869;;;;;;;;;3;1;19;5;;;;;1;;;5;2;;;;;0.16;3.66;1;21.37;6.18;;;;;0;0;1;1;1;0
BIO;2014;780300323;780003679;1;0;0;0;0;0;;0;0;0;1;0;0;0;0;0;0;0;1;;;;;;4251;;;;;2;;;3;2;;;;;;;;;2;8;;4;;2;;;3;3;1;;0.5;;0;;0;0;;1
BIO;2014;780800256;780110078;1;1;0;1;1;1;1;1;1;0;1;1;1;1;1;1;0;0;1;2385584;310497;;4020;659;7496;14;87;3958;14;10;10;1;46;21;4;;5;3;7;4;0;19;3;1;;1;0;9.4;10.78;1;61.38;22.7;4;;5.83;3.53;1;1;;;;
BIO;2014;790000087;790000012;1;1;0;1;1;1;1;1;0;0;1;1;1;1;0;0;0;0;1;1258136;98499;37470;5946;3192;8777;12;512;2388;1185;1;5;1;34;12;3;;4;2;;;;8;5;1;;3;2;1;5;1;40.73;14.75;3.8;;6.75;3.65;0;;0;1;1;0
BIO;2014;790000095;790006654;1;1;0;1;1;1;0;0;0;0;1;0;0;0;0;0;0;0;0;66024;0;0;0;0;0;0;0;0;0;;2;1;2;0;;;;;;1;0;4;1;;;;;;0.7;1;4.7;0.25;;;;;0;0;1;0;1;0
BIO;2014;790003537;790006654;1;1;0;1;1;1;0;0;0;0;1;1;1;1;0;0;0;0;0;180525;4010;0;;;;;;;;4;;;7;4;;;;;0;;;6;4;;;;;1.75;;;12.01;4.88;;;;;0;0;1;1;1;0
BIO;2014;800000143;800000028;1;1;0;1;1;1;1;1;0;0;1;1;1;1;0;0;0;0;1;907778;144440;27008;;;;;;;;0;3;1;18;6;0;0;0;0;0;1;0;4;0;0;0;0;0;0;3.73;1;20.88;6.16;0;0;0;0;0;0;1;0;1;0
BIO;2014;800000192;800000044;1;1;0;1;1;0;0;0;0;0;0;0;0;0;0;0;0;0;1;765508;272;75;12689;5283;21336;41;;1701;;;;1;;1;4;1;10;8;;;;;;2;;3;3;;;0.42;9.45;2.85;3.16;1.03;10.92;8.7;1;1;1;1;1;0
BIO;2014;800000226;800000069;1;1;0;1;1;1;0;0;0;0;1;1;1;0;0;0;0;0;1;191833;9669;0;;;;;;;;;;1;5;;;;;;;;;1;2;;;;;;;0.1;5.53;0.9;;;;;;;0;;;1
BIO;2014;800000390;800000085;1;1;0;1;1;1;0;1;0;0;1;1;1;0;0;0;0;0;1;167126;67923;22716;;;;;;;;2;;1;3;2;;;;;;;;4;2;;;;;1.92;;1;5.62;2.49;;;;;1;;1;1;;1
BIO;2014;800000432;800000093;1;1;0;1;1;1;0;0;0;0;1;1;1;0;0;0;0;0;1;183791;5496;694;;;;;;;;1;1;;5;;;;;;;;;;2;;;;;0.44;1;;5;1.3;;;;;0;0;0;1;1;1
BIO;2014;800002610;800000044;0;0;0;0;0;0;0;0;0;0;0;0;0;0;1;1;1;1;1;3992;8;18;;;;;;;;;;;;4;;;;;;;;;1;;;;;;;0.24;6.6;3.32;;;;;;;1;;;1
BIO;2014;800006124;800000044;1;1;1;1;1;1;1;1;1;0;1;1;1;1;1;1;1;1;1;3776897;21189;75339;;;;;;;;30;32;7;98;53;4;93;;;7;2;;42;9;2;27;;;25.97;19.73;6.32;116.59;43.28;3.37;108.93;;;1;0;1;0;0;1
BIO;2014;810000505;810000331;1;;0;1;1;0;0;0;0;0;1;1;1;1;0;0;0;0;1;373958;88300;56076;;;;;;;;3;;2;15;7;;;;;;;;2;;;;;;2.39;;0.98;16.95;6.47;;;;;;;;1;;
BIO;2014;810000521;810000380;1;0;0;1;1;0;0;1;0;0;1;1;1;0;0;0;0;0;1;556617;20531;331;;;;;;;;1;3;2;15;6;;;;;1;;;6;4;;;;;1.3;3;1.17;18.58;6.44;;;;;0;0;1;1;1;0
BIO;2014;820000032;820000016;1;0;0;1;1;0;0;0;0;0;1;1;0;1;0;0;0;0;1;725106;95858;59253;3795;2402;2620;49;47;1260;398;1;3;2;18;8;;;1;1;;;;9;2;2;;1;1;1;3;1.14;25.51;7.33;1.2;;1.24;0.86;0;0;0;1;1;1
BIO;2014;830000279;830100517;1;1;0;1;1;1;0;0;0;0;1;1;1;0;0;0;0;0;1;475951;130381;23446;;;;;;;;1;;;8;2;;;;;2;;;4;;;;;;2.06;;0.83;11.14;1.5;;;;;0;;1;1;;0
BIO;2014;830000287;830100525;1;1;0;1;1;1;0;0;0;0;1;1;1;1;0;0;0;0;1;601727;5199;5010;;;;;;;;1;3;1;14;2;;;;;;2;;2;4;;;;;1;3.42;1;16.42;4.7;;;;;0;0;1;1;1;0
BIO;2014;830000295;830100533;1;1;0;1;1;1;1;1;0;0;1;1;1;0;0;0;0;0;1;667091;199529;19044;;;;;;;;3;;;;;;2;11;2;1;;;;;;;8;5;3.6;;;;;;2.5;16.77;4.45;0;0;1;1;1;0
BIO;2014;830000303;830100541;1;0;0;1;1;0;0;0;0;0;1;1;1;0;0;0;0;0;0;219280;25144;25144;;;;;;;;;1;1;4;2;;;;;;1;;1;2;;;;;;1.3;1;4.91;2.87;;;;;;0;0;;0;0
BIO;2014;830000311;830100566;1;0;0;1;1;1;0;0;0;0;1;1;1;0;0;0;0;0;1;987327;15967;112;;;;;;;;4;;2;20;4;;;;;;;;1;1;;;;;4.1;;1.05;20.86;5.5;;;;;0;;1;1;;0
BIO;2014;830000345;830100616;1;1;0;1;1;0;1;1;0;0;1;1;1;1;1;1;1;0;0;1971067;198878;184013;4720;2473;9956;40;577;10022;2467;10;1;1;42;12;6;0;7;6;2;;2;23;6;2;0;1;2;9.8;1;2.66;60.23;15.91;6.03;0.35;7.69;6.55;0;;1;1;;0
BIO;2014;830100574;750821092;1;1;0;1;1;1;0;1;0;0;1;1;1;1;0;0;0;0;1;1282720;435710;3496;4657;;4679;;145;;;5;2;1;36;4;1;;2;1;;;;3;1;;1;2;;4;1.9;1;36.5;4.8;1;0.1;3.6;0.8;0;0;1;1;1;0
BIO;2014;840000418;840004659;1;1;0;1;1;1;0;0;0;0;1;0;1;0;0;0;0;0;0;5334769;;;;;;;;;;1;;;8;1;;;;;2;;;7;2;;;;;2.2;;;12.3;2.55;;;;;0;;1;1;;0
BIO;2014;840000483;840000087;1;0;0;1;1;1;0;0;0;0;1;1;1;0;0;0;0;0;1;276930;1685;41516;;;;;;;;3;;1;9;3;;;;;1;;;1;;;;;;2.7;;1;9.7;2.25;;;;;0;0;1;1;0;0
BIO;2014;840001861;840006597;1;1;0;1;1;0;1;1;1;0;1;1;1;1;0;0;0;;1;1804920;326700;500;19662;2050;53055;8;610;2623;318;1;9;4;45;8;2;;7;5;2;1;;21;7;2;;;1;2;9.8;4.25;59.28;13.71;3.2;;6.5;4.57;0;0;;1;1;
BIO;2014;850000142;850000019;1;1;0;1;1;0;0;1;0;;1;1;1;0;0;0;0;0;1;1388240;34442;55743;6951;1888;13697;33;698;3934;9;;1;1;24;12;4;;4;;;6;2;17;6;2;1;5;10;;5.66;1.63;38.14;16.4;4.85;0.2;7.46;3.72;0;0;0;0;1;0
BIO;2014;850000175;850009010;1;1;0;1;1;1;0;0;0;0;1;1;1;0;0;0;0;0;1;477825;29700;22100;;;;;;;;5;;1;10;;;;;;;;;6;3;;;;;3.9;;0.5;12.64;2;;;;;0;;1;1;;0
BIO;2014;850000209;850000019;1;1;0;1;1;0;0;0;0;0;0;0;0;0;0;0;0;0;0;181538;0;0;;;;;;;;;;;4;1;;;;;6;;;5;2;;;;;0.5;;;8.14;1.46;;;;;0;;1;0;;0
BIO;2014;850009630;850000035;1;1;0;1;1;1;0;0;0;0;1;1;1;1;0;0;0;0;1;436556;166352;50375;;;;;;;;1;;;8;1;;;;;2;;;5;3;;;;;1.66;;;11.69;2.7;;;;;0;;;1;;
BIO;2014;860000025;860013382;1;1;0;1;1;1;0;1;0;0;1;1;1;1;0;0;0;0;1;397269;46948;821;;;;;;;;1;2;;16;2;;;;;;;;3;3;;;;;1;1.98;;16.87;3.89;;;;;0;0;0;1;1;1
BIO;2014;860000223;860013077;1;1;0;1;1;1;1;1;0;0;1;1;1;1;1;1;1;1;1;3614498;101860;77205;7842;1090;18189;31;1338;1581;14;15;26;6;113;33;3;1;8;4;3;5;;33;5;4;;2;3;11.19;25.25;5.8;128.27;36.43;5;0.78;9.75;6.23;0;0;1;1;1;1
BIO;2014;860010321;860010313;1;1;0;1;1;1;1;1;0;0;1;1;1;1;0;0;1;0;1;322052;217320;57712;269;;14574;;303;;;;2;;8;5;3;;5;5;2;10;;4;2;;;5;1;0.07;3.2;;3.5;2.5;3;;9.03;5.91;0;;;1;;
BIO;2014;870000064;870000015;1;1;0;1;1;0;1;1;1;0;1;1;1;1;1;1;0;0;1;3200450;188867;125063;68401;;176044;97;1690;6663;61;15;34;1;20;9;9;5;113;52;2;4;;7;2;4;;37;4;13.33;27.18;0.87;22.58;10.69;8.38;4.1;133.37;46.42;0;0;;1;1;
BIO;2014;870014859;870000015;0;0;0;0;0;0;0;0;0;0;0;0;0;0;1;0;1;1;1;5826;229;34;0;0;0;0;0;0;0;3;0;;3;1;0;;;;0;0;;;1;0;;;;3;0;0.15;3;1.61;0;;;;0;0;;1;0;
BIO;2014;880000021;880007059;1;0;0;1;1;1;1;1;0;0;1;1;1;1;0;0;0;0;1;337133;7500;5335;;;;;;;;;3;1;19;5;;;;;;;;6;1;;;;;;3;1;23.5;5.45;;;;;;0;1;;1;0
BIO;2014;880000047;880780077;1;0;0;1;1;1;1;0;0;0;1;1;1;1;0;0;0;0;1;546875;126542;6247;;;;;;;;;3;1;13;3;;;;;;1;;1;1;;;;;;3.25;1;13.86;3.9;;;;;;0;0;;1;1
BIO;2014;880000054;880007299;1;0;0;1;1;1;1;1;0;0;1;1;1;0;0;0;0;0;1;379938;56947;25770;;;;;;;;2;;1;12;5;;;;;1;;;4;;;;;;2;;0.6;13.41;3.6;;;;;0;;0;1;;1
BIO;2014;880000062;880780093;1;1;0;1;1;1;0;0;0;0;1;1;1;1;0;0;1;0;1;457941;115772;368;;;;;;;;1;1;0;13;3;0;0;0;0;0;0;0;5;1;0;0;0;0;1;2.07;0;16.89;1.4;0;0;0;0;0;0;1;1;1;0
BIO;2014;890975527;890000037;1;;0;1;1;;0;0;0;0;1;1;1;0;0;0;0;0;1;;;;;;;;;;;;4;1;18;5;;;;;;;;3;1;;;;;;4;1;20.57;5.86;;;;;;0;;;1;
BIO;2014;890975543;890000417;1;1;0;1;1;1;0;0;0;0;0;0;0;0;0;0;0;0;0;123286;7901;;;;;;;;;2;;;7;1;;;;;;;;2;;;;;;2.06;;0.32;8.16;0.93;;;;;0;;1;1;;0
BIO;2014;890975550;890970569;1;1;0;1;1;0;1;1;0;0;1;1;1;1;0;0;0;0;1;615566;70831;6351;;;;;;;;3;;1;17;5;;;;;;;;5;;;;;;3;;1;20.9;5.18;;;;;0;0;;1;0;
BIO;2014;890975568;890000433;1;0;0;1;1;1;0;0;0;0;1;0;0;0;0;0;0;0;1;155061;1144;;;;;;;;;1;;;5;1;;;;;;;;1;;;;;;0.75;;;6.3;1;;;;;0;;;1;;1
BIO;2014;900000167;900000365;1;1;0;1;1;1;1;1;1;0;1;1;1;0;0;0;0;0;1;2221574;436228;112663;17716;5366;15231;42;574;2418;364;2;5;2;29;9;1;;;2;0;0;0;12;5;1;;;;2;4.2;1.5;31.91;13.77;1.9;0.19;0.25;1.34;0;0;;1;1;
BIO;2014;910000272;910110014;1;1;0;1;1;1;0;0;0;0;1;1;1;0;0;0;0;0;1;380646;78762;;;;;;;;;2;;;14;3;;;;;0;;;;2;;;;;2.17;;;14.07;4.19;;;;;0;;1;1;;0
BIO;2014;910000280;910019447;1;1;0;1;1;1;1;0;0;0;1;1;1;1;0;0;0;0;;534568;5208;4592;;;;;;;;;3;1;14;6;;;;;;;;2;1;;;;;;3;0.5;15.41;6.08;;;;;;0;1;;1;0
BIO;2014;910000298;910110055;1;1;0;1;1;1;0;0;0;0;1;1;1;1;0;0;0;0;1;1156282;;19758;3539;1628;4287;;83;6818;761;4;;1;23;8;2;;3;4;;;;6;1;2;;1;1;4;;1;28.6;8.08;3.1;;3.64;4.8;0;0;1;0;1;0
BIO;2014;910000306;910110063;1;1;0;1;1;1;0;1;0;0;1;1;1;1;0;0;0;0;1;511535;22801;5589;;;;;;;;3;;;14;6;;;;;1;;1;2;;;;;;3.6;;0.8;15.73;5.36;;;;;0;0;1;1;1;0
BIO;2014;910001973;910019447;1;1;0;1;1;1;0;0;0;0;1;1;0;0;0;0;0;0;1;572011;96300;95617;;;;;;;;;2;1;15;3;;;;;;;;2;2;;;;;;2;0.5;15.12;4.6;;;;;;0;1;;1;0
BIO;2014;910020254;910002773;1;1;0;1;1;1;1;1;0;0;1;1;1;1;1;1;0;0;1;2438533;97631;8530;5700;2482;8705;70;245;5819;117;2;8;2;41;16;3;;4;2;1;1;;18;8;2;;1;5;2.7;8.2;2;53.1;20.65;3.46;;4.9;3.9;0;0;1;1;1;0
BIO;2014;910150010;910014919;1;1;0;1;1;1;0;0;0;0;1;1;1;0;0;0;0;0;1;72187;37648;280928;;;;;;;;1;;;5;1;;;;;1;;;;;;;;;1.74;;;5.23;2.47;;;;;0;;0;0;;0
BIO;2014;910150028;750811184;1;1;0;1;1;0;0;0;0;0;1;1;1;0;0;0;0;0;0;349815;2894;2894;0;;0;;;0;;1;;;6;2;;;;;;;1;2;;;;;;1;0.8;0.75;7.85;2;;;;;0;0;0;0;0;0
BIO;2014;910300144;910000447;1;0;0;1;1;1;0;0;0;0;1;1;1;0;0;0;1;0;1;209720;201010;;;;;;;;;2;;;8;5;;;;;0;;;1;2;;;;;2;;;7.5;6;;;;;0;;0;1;;1
BIO;2014;910300219;910003888;1;1;0;1;1;1;0;0;0;0;1;1;1;1;0;0;0;0;1;1260630;625040;464360;;;;;;;;0;1;1;16;12;;;;;0;2;0;0;0;;;;;0;3;1;16;12;;;;;;0;1;;1;0
BIO;2014;920000460;750813321;0;0;0;0;0;0;0;0;0;0;0;0;0;0;0;0;0;0;0;;;;4301;1259;6046;2;1022;1811;0;1;2;2;2;5;7;0;7;3;0;1;0;4;2;1;0;4;1;1;2.8;2;5.1;5.8;8.8;0;10.41;5.79;0;0;0;0;0;0
BIO;2014;920000577;920110020;1;1;0;1;1;1;0;1;0;0;1;1;1;0;0;0;0;0;1;470148;2996;0;;;;;;;;1;2;2;15;4;;;;;;;;3;;;;;;0.85;1.95;1.2;16.76;3.8;;;;;0;0;1;1;1;0
BIO;2014;920000585;920026374;1;0;0;1;1;1;0;0;0;0;1;1;1;1;0;0;0;0;0;763123;4130;1630;;;;;;;;3;0;1;14;7;0;;;;0;0;;7;2;0;;;;2.9;0;1;18.85;8.6;0;;;;0;;1;1;1;
BIO;2014;920000635;920150026;1;1;0;1;1;0;0;0;0;0;1;1;1;1;0;0;0;0;;65214;50229;;0;;0;;;;;;2;;3;1;;;;;0;;;;;;;;;;2;;3;1;;;;;0;0;0;0;0;0
BIO;2014;920000643;920150034;1;1;0;1;1;1;0;0;0;0;1;1;0;0;0;0;0;0;1;405443;30286;;;;;;;;;;2;;11;4;;;;;1;0;;3;;;;;;0.65;2;;12.88;1.41;;;;;0;0;1;1;1;0
BIO;2014;920000650;920150059;1;1;0;1;1;1;1;1;0;0;1;1;1;1;1;0;0;0;1;1627337;;27897;3144;;19629;;958;169;;7;;;48;17;6;1;8;7;6;;;4;2;2;;1;1;10.45;;;50.47;18;7.71;1;8.45;7.86;0;0;0;1;1;0
BIO;2014;920000684;920150091;1;0;0;1;1;0;0;0;0;0;1;1;1;1;0;0;0;0;0;163972;848;848;708;;5818;;1243;294;;3;;;25;5;3;;4;3;1;;;2;;;;;;4.25;;;25.89;5;3;;4;3.42;0;0;1;1;1;1
BIO;2014;920100013;750712184;1;1;0;1;1;1;1;1;0;0;1;1;1;1;1;1;0;0;0;1207415;217934;217934;2760;116;5869;28;90;600;;10;5;5;50;12;5;1;6;3;5;4;0;14;3;3;0;1;1;9.35;6.3;4;58;14.27;4.1;1;7.86;3.5;0;0;1;1;1;0
BIO;2014;920100021;750712184;1;1;0;1;;0;0;0;0;0;1;0;1;0;1;0;1;1;0;895966;341049;67513;4232;1206;7622;7;103;1176;0;8;9;2;57;19;1;;5;2;10;8;1;8;7;4;1;2;3;9.5;7.2;2.75;63.9;24.1;2.1;0.5;6.1;4.1;1;1;1;1;1;0
BIO;2014;920100039;750712184;1;;;1;1;;;;;;1;1;1;1;;;;;0;1135402;91085;91085;3013;1332;4889;15;317;3539;;17;;4;47;23;7;;;;1;;;5;5;;;;;17.8;;4;52.83;27.5;7;;;;1;;1;0;;
BIO;2014;920100047;750712184;1;0;0;1;1;1;0;0;0;0;1;1;1;1;0;0;0;0;0;783876;24540;24540;3013;1831;4889;288;62;3539;811;11;;2;40;13;4;0;11;;1;;;8;3;5;1;3;;11.6;;2;47.7;14.55;5.7;0.5;14;;1;;1;0;;
BIO;2014;920100054;750712184;1;1;0;1;1;1;1;0;0;0;1;1;1;1;0;0;0;0;0;497998;20478;20478;96;96;0;0;0;204;0;3;7;2;29;14;3;1;1;3;6;4;0;1;3;0;0;0;0;5.47;7.3;2;29.86;15.77;2;0.5;1;3;1;1;0;0;0;0
BIO;2014;920120011;750821092;1;1;0;1;1;0;0;0;1;0;1;1;1;1;0;0;0;0;1;705787;103696;57251;1733;0;2958;0;36;200;0;4;3;2;35;2;1;;1;;1;;;1;1;1;1;2;1;4.5;3;2;35.8;2.75;1.2;0.2;1.2;0.25;0;0;1;1;1;1
BIO;2014;920300787;920000981;1;0;0;1;1;1;0;0;0;0;1;1;1;1;0;0;1;0;1;208474;505704;35400;;;;;;;;;5;2;21;2;;;;;;;;3;;;;;;;5;2;23.1;2;;;;;;;1;;1;
BIO;2014;920300837;920001005;1;0;0;1;1;1;0;1;1;1;1;1;1;0;0;0;0;0;1;533472;;;;;;;;;;1;;;;;;;;;;;;;;3;;;;1;;;;;0.25;;;;1;;;;;
BIO;2014;930000286;930021480;1;1;0;1;1;1;1;1;0;0;1;1;1;1;1;0;0;0;1;1283064;44220;26874;3297;1155;5852;13;221;5597;860;6;;1;32;9;6;1;4;4;2;;;6;1;1;;;1;9.2;;0.9;34.25;9.86;5.2;1;4;4.6;;;;;;
BIO;2014;930000302;930110036;1;1;0;1;1;1;0;0;;0;1;1;1;0;0;0;0;0;0;1057232;27830;24207;;;;;;;;0;6;2;30;9;0;0;0;0;0;0;0;2;0;0;0;0;0;0;6;2;31.3;9;0;0;0;0;0;0;1;0;1;0
BIO;2014;930000328;930110051;1;1;;1;1;1;1;1;1;0;1;1;1;1;1;0;0;0;0;1525031;171342;114959;;;;;;;;7;1;2;40;8;;;;;4;;;13;14;;;;;9.6;1;1.13;52.43;19.29;;;;;;;;1;;
BIO;2014;930000336;930110069;1;0;0;1;1;1;1;1;1;0;1;1;1;1;1;0;0;0;0;1102604;33898;28896;4563;1754;5447;10;103;90;;3;5;1;35;10;3;;3;2;;1;;7;1;1;;;;3;5.5;1;40.3;10.6;3.1;;3;2;0;0;1;1;1;0
BIO;2014;930100037;750712184;1;1;0;1;1;0;1;1;1;0;1;1;1;1;1;1;0;0;0;1418571;46898;42146;2939;;9641;;296;567;;37;;6;77;25;6;1;8;3;;;;;;;;;;21.6;;4.2;68.48;22.25;4.3;1;7.72;3.47;0;;1;1;;0
BIO;2014;930100045;750712184;1;1;0;1;1;1;0;0;0;0;1;1;1;1;1;0;1;1;0;893556;143071;140292;3462;1434;4894;461;119;814;;27;;4;60;22;5;1;5;4;;;;;;;;;;18.61;;4;58.05;19.91;3.8;1;5;3.82;0;;1;1;;0
BIO;2014;930300553;930000633;1;0;0;1;1;1;0;0;0;0;1;1;1;0;0;0;0;0;1;8517580;13849334;;;;;;;;;1;1;;12;;;;;;;;;3;;;;;;1;1;;14;;;;;;0;0;1;1;1;0
BIO;2014;940000573;940110018;1;1;0;1;1;1;1;1;1;0;1;1;1;1;0;0;0;0;1;1072015;61346;22534;1598;394;13808;25;198;296;1;8;;4;53;19;5;;7;2;6;;1;17;2;7;2;3;1;11.93;;4.18;53.65;18.22;4.1;0.8;6.66;2.49;1;1;1;0;0;0
BIO;2014;940000599;940110042;1;1;0;1;1;1;0;0;0;0;1;1;1;1;0;0;0;0;0;1835467;;14818;2762;1012;4035;3;84;790;0;3;2;2;34;;1;0;3;2;1;1;;1;;1;0;0;0;3.5;2.5;2;34.5;;1.5;0;3;2;0;0;1;1;1;0
BIO;2014;940000649;940150014;1;1;0;1;1;1;1;1;0;0;1;1;1;1;0;0;0;0;1;1127879;124758;96241;;;;;;;;2;1;;28;5;;;;;1;1;;2;;;;;;2.8;0.8;;27.79;5;;;;;0;;1;1;1;0
BIO;2014;940000656;940150022;1;0;0;1;1;1;0;0;0;0;1;1;1;0;0;0;0;0;1;46269;5737;0;214;;;;;;;;1;;3;;0;;0;;;;;;;;;;;;1;;4;;;;;;0;0;0;0;0;0
BIO;2014;940000664;940160013;1;1;0;1;1;0;0;0;0;0;1;1;1;1;1;1;0;0;0;1759272;194030;;16911;1244;10172;0;1278;999;2;5;12;4;45;23;14;2;22;14;1;2;1;5;1;8;1;1;4;5.34;10.42;3.72;47.33;17.08;14.65;1.72;21.46;12.61;0;0;1;1;1;0
BIO;2014;940016868;940016819;1;1;0;1;1;0;0;0;0;0;1;1;1;0;0;0;0;0;0;268517;;;;;;;;;;;2;1;7;4;;;;;1;2;0;3;0;;;;;0.6;3.54;1;9.57;4;;;;;;;;;;
BIO;2014;940100027;750712184;1;1;0;1;1;0;0;1;1;0;1;1;1;1;1;1;0;0;0;4029417;811614;677784;6830;0;19222;0;388;3206;0;8;14;9;122;52;3;2;14;12;38;12;0;27;3;23;0;5;1;42.9;24.2;9;178.87;54.62;22.46;2;18.4;12.86;1;1;1;1;1;1
BIO;2014;940100035;750712184;1;0;0;1;0;0;0;0;0;0;1;0;1;0;0;0;0;0;1;48372;195;;;;;;;;;;;;5;3;;;;;4;;1;;1;;;;;2.8;;0.5;5;3.9;;;;;0;0;0;0;0;0
BIO;2014;940100043;750712184;1;1;0;1;1;0;1;1;1;0;1;1;1;0;1;0;0;0;0;2394247;910542;205550;6873;2407;19660;106;275;1043;35;9;10;7;102;39;4;1;15;6;16;14;;17;3;10;;;;20.5;15.6;7;115.9;41.4;8.3;1;14.5;5;1;;1;1;1;1
BIO;2014;940100068;750712184;1;1;0;1;1;0;0;0;0;0;0;0;1;1;0;1;0;0;0;1050115;359085;209272;;;;1;145;;;3;5;2;34;15;;;;;5;13;;15;2;;;;;3.5;13.6;2;46.3;16.6;;;;;1;1;0;1;1;1
BIO;2014;940120017;750821092;1;1;0;1;1;1;0;1;0;0;1;1;1;1;1;1;0;0;1;610399;41610;30089;2154;755;4374;;123;5316;;3;2;2;36;5;3;1;5;2;1;1;;;;;;;;3.2;2.4;2;35.1;5;3;0.3;5;2;0;0;1;1;1;0
BIO;2014;950000307;950110015;1;1;0;1;1;1;0;1;0;0;1;1;1;1;1;0;1;0;1;2060294;93705;73405;5175;2015;8043;23;281;103;0;5;3;3;30;20;4;1;4;3;1;0;1;11;6;0;1;0;0;5.55;2.87;2.87;36.75;22.22;4;0.9;4;3;0;0;1;1;1;0
BIO;2014;950000315;950001370;1;1;0;1;1;1;0;0;0;0;1;1;1;1;0;0;0;0;1;454176;130068;122314;0;;0;;;;;3;;;12;4;;;;;;;1;5;2;;;;;3;;0.04;15.7;5.1;;;;;1;0;1;0;0;0
BIO;2014;950000323;950013870;1;1;0;1;1;1;0;0;0;0;1;1;1;1;0;0;0;0;1;1004015;52051;42319;2734;1026;5278;23;77;25;0;7;1;2;37;11;2;;2;3;1;1;1;3;4;2;1;1;;7.96;1.08;2.2;40.09;13.77;2.7;0.2;2.92;2.96;1;0;0;1;0;0
BIO;2014;950000331;950110049;1;1;0;1;1;1;1;1;0;0;1;1;1;1;0;0;1;0;1;1421969;60185;14863;1617;0;5063;1;34;12;0;11;;3;36;15;2;;4;4;2;;;6;4;0;;;;11.8;;3;38.94;16.23;2;;3.86;3.08;0;;;1;;
BIO;2014;950000364;950110080;1;1;0;1;1;0;0;1;0;0;1;1;1;1;0;0;0;0;1;1321140;75345;1987;5105;4704;10329;151;502;2120;504;6;;1;15;5;4;0;4;4;1;;0;2;0;1;0;3;1;6.98;;0.25;17.49;5.06;3.82;0;6.63;4.8;;;;;;
BIO;2014;950300244;950000539;1;0;0;1;1;1;0;0;0;0;1;1;1;1;;;1;0;1;25371;10790;18852;;;9904;0;151;;;;1;;8;8;2;;2;1;;;;;;;;;1;;1;;8;8;2;;2;1.8;0;0;1;1;1;0
BIO;2014;950807982;950001636;1;0;0;1;1;1;1;0;0;0;1;1;1;0;0;0;1;0;1;119188;79459;;;;;;;;;;2;;9;3;;;;;;;;;;;;;;;2;;9;3;;;;;0;0;0;0;1;1
BIO;2014;970100392;970100178;1;1;0;1;1;1;0;0;0;0;1;1;1;0;0;0;;0;1;362478;120855;20855;;;;;;;;0;2;1;18;4;0;0;0;0;0;1;0;0;0;0;0;0;0;0;2.5;1;17.61;4;0;0;0;0;;0;1;;1;0
BIO;2014;970100426;970100202;1;0;0;1;1;1;1;1;0;0;1;1;1;0;0;0;0;0;1;40019;131967;7883;;;;;;;;1;;;6;3;;;;;1;;;;;;;;;1.2;;;6;3;;;;;0;;0;1;;1
BIO;2014;970100442;970100228;1;1;0;1;1;0;1;0;1;0;1;1;1;1;1;0;1;;1;1384335;32187;24496;2611;1173;6549;18;280;38;0;6;10;3;58;29;5;1;5;6;0;0;0;3;;2;0;3;0;5.17;10;3;58.4;29.71;5;1;7.7;6;0;0;1;1;1;1
BIO;2014;970100483;970100285;1;0;0;1;1;0;0;0;0;0;1;1;1;0;0;0;0;0;1;18590;41750;13052;;;;;;;;;1;;3;3;;;;;;;;;;;;;;0.25;1;;3;2.42;;;;;;0;0;;0;0
BIO;2014;970107249;970100731;1;0;0;1;1;1;0;1;0;0;1;1;1;0;0;0;0;0;1;600000;120000;480000;;;;;;;;1;1;1;9;5;;;;;;;;;;;;;;1;1;1;9;5;;;;;;;;1;1;1
BIO;2014;970200044;970202164;1;0;0;1;1;1;1;1;1;0;1;1;1;1;0;0;0;0;1;307409;407284;88142;;;;;;;;;;;3;1;;;;;;1;;;;;;;;;0.6;;3;1;;;;;;0;0;;0;0
BIO;2014;970202313;970200168;;;;;;;;;;;;;;;;;;;1;73610;;;1;;1217;;31;;;;;;;;;;;;;2;;;;2;;;;;1;;;;1;;;;;0;;;1;
BIO;2014;970211215;970211207;1;1;0;1;1;0;1;1;1;0;1;1;1;1;1;1;0;0;1;;;;5058;;10700;;;1910;;2;14;4;77;28;4;0;8;5;0;3;0;2;1;0;1;0;0;2;15.84;4;78.36;28.36;4.02;0.75;8;5;0;0;1;1;1;0
BIO;2014;970211223;970211207;1;0;0;1;1;0;0;0;0;0;1;1;0;0;0;0;0;0;1;7766810;521203;;;;;;;;;0;1;1;12;4;;;;;0;1;0;1;0;;;;;0;1.6;1;12.67;4;;;;;;0;1;;1;0
BIO;2014;970211231;970211207;1;0;0;1;1;1;1;0;0;0;1;1;0;0;0;0;0;0;1;4722210;835423;;;;;;;;;0;1;1;13;8;;;;;1;0;0;1;0;;;;;0.8;1;1;14.27;8;;;;;0;0;0;0;0;0
BIO;2014;970300026;970302022;1;1;0;1;1;0;1;1;1;0;1;1;1;1;0;0;0;0;0;285407;3620;2285;3150;1751;4093;189;17;6405;2309;5;0;1;35;7;2;;;;;;;2;1;;;;;4.76;;1.1;36.5;5.54;1.52;;;;0;0;1;1;1;0
BIO;2014;970300083;970302121;1;1;0;1;1;1;0;1;1;0;1;1;1;0;0;0;0;0;1;17978752;1143976;;;;;;;;;4;0;0;19;0;0;0;0;0;0;0;0;2;0;0;0;0;0;2.65;0;0;18.79;0;0;0;0;0;0;0;1;1;1;0
BIO;2014;970400024;970408589;1;1;0;1;1;0;1;1;1;1;1;1;1;1;1;1;0;0;1;1448756;49321;21440;5528;962;6570;121;99;5829;650;6;9;4;80;23;2;1;5;3;;;;;;1;;;;5;6;3.5;79.85;22.7;2.8;1;5;3;0;0;1;1;1;1
BIO;2014;970400057;970408589;1;1;1;1;1;1;1;1;0;0;1;1;1;1;1;1;1;1;1;1674847;5328;613;4044;587;10110;39;502;11;1;4;11;7;78;23;2;1;6;5;;;;;;;;;;4;10.63;5.22;77.8;22;2;1;6;5;0;0;0;1;1;0
BIO;2014;970400065;970421038;1;1;0;1;1;1;0;0;0;0;1;1;1;1;0;0;0;0;1;681274;230025;19899;;;;;;;;4;0;0;19;5;0;0;0;0;0;0;0;0;0;0;0;0;0;3.37;0;0;18.65;4.99;0;0;0;0;0;;1;1;;0
BIO;2014;980500011;980500003;1;1;0;1;1;1;1;1;0;1;1;1;1;1;0;0;0;0;0;1355107;;;;;;;;;;0;4;2;29;9;;;;;0;0;0;;;;;;;0;0;2;;;;;;;0;0;1;1;0;0
