BOR;AN;FI;FI_EJ;STRUCTURE;CONS_PSY_INT;ACT_INF_INT;CONS_MED_INT;FILACT_INT;dt_NOUV_INT;SEJ;RCP;EFFPL_PM;EFFPL_PMDOU;EFFPL_PNM;EFFPL_PNMDOU;CONS_PSY_EXT;ACT_INF_EXT;CONS_MED_EXT;FILACT_EXT;dt_NOUV_EXT;EFFPA_PM;EFFPA_PMDOU;EFFPA_PNM;EFFPA_PNMDOU;CONS_PSY18;ACT_INF18;CONS_MED18;FILACT18;dt_NOUV18;ETP_PM;ETP_PMDOU;ETP_PNM;ETP_PNMDOU
DOULEUR;2014;010000024;010780054;Consultation;53;41;62;62;62;0;5;3;;2;;452;205;723;391;50;;;3;;;;;;;0.7;;2.81;
DOULEUR;2014;020000162;020000063;Consultation;0;22;22;22;22;39;0;0;0;1;1;767;541;1631;664;337;3;1;3;0;2;3;3;3;3;0.9;0.4;1.8;1
DOULEUR;2014;020000394;020000253;Consultation;;;310;;;199;52;1;1;1;0;320;324;915;298;197;0;0;3;1;;;0;;;0.5;0.5;2.03;0.5
DOULEUR;2014;020000519;020000261;Consultation;715;1037;2772;;;0;8;;;2;2;;;3806;1221;672;7;7;1;1;;;25;13;8;1.28;1.28;2.5;2.5
DOULEUR;2014;020001061;020004404;Consultation;;;105;;;0;42;;;;;196;;525;;;;;;;;;;;;0.7;;;0.35
DOULEUR;2014;030000061;030780092;Centre;0;135;13;98;90;0;;1;1;1;1;0;1017;1010;458;243;1;1;1;1;0;0;0;0;0;0.9;0.9;1.2;1.2
DOULEUR;2014;030000087;030780118;Consultation;;28;10;625;;0;;;;;;101;314;1237;;;1;1;;;;;;;;0.95;0.95;;
DOULEUR;2014;040000911;040788879;Consultation;;;;;;0;;;;;;;;;;;;;;;;;;;;;;;
DOULEUR;2014;050000348;050002948;Consultation;;;;;;0;;;;;;274;880;756;346;166;;;;;;;;;;;;;
DOULEUR;2014;060000510;060780954;Consultation;574;0;751;262;;172;112;4;3;2;;;;;;;2;;;;;;;;;4.7;3;1.5;
DOULEUR;2014;060788957;060785011;;30;250;605;455;455;1960;10;6;;;;1095;2043;7855;3100;1576;3;;;;;;;;;6.76;;;
DOULEUR;2014;090000175;090781774;Consultation;0;29;8;30;;0;9;;;1;1;195;458;397;259;126;2;2;3;;1;0;0;1;1;0.51;0.51;1.78;0.64
DOULEUR;2014;100000090;100000017;Centre;;;;;;0;14;2;1;2;;653;2022;1589;816;388;1;;3;;0;0;0;0;0;1.05;0.4;2.22;
DOULEUR;2014;110000023;110780061;Consultation;;;71;63;61;0;;;;;;;;829;349;280;2;1;3;;;;;;;0.57;0.07;0.5;
DOULEUR;2014;110000056;110780137;Consultation;0;22;18;;18;0;12;;;;;200;540;865;400;198;1;;4;;40;12;0;0;0;0.6;;2.2;
DOULEUR;2014;120000039;120780044;;25;48;51;63;;0;4;;;;;490;474;654;289;332;;;;;;;4;;;;;;
DOULEUR;2014;120004569;120004528;Consultation;;;;;;0;12;;;;;237;305;345;123;61;2;1;3;1;;;;;;0.25;0.15;1.3;0.6
DOULEUR;2014;120004668;120004619;Consultation;;;;2;;0;12;1;;3;2;238;351;380;100;32;1;1;;;;;;;;0.63;0.33;1;0.8
DOULEUR;2014;130000409;130041916;Consultation;728;1669;1881;406;;467;96;2;1;5;1;548;509;2891;868;413;6;;2;;;;;;;2.36;1;6.04;1
DOULEUR;2014;130001225;130782634;Consultation;588;1343;1220;579;480;0;64;;;;;489;242;1344;491;169;3;3;2;2;;;;;;0.5;0.5;1;1
DOULEUR;2014;130001647;130784127;Consultation;92;;;;;0;;;;;;158;;616;;;1;;;;;;;;;0.5;;;
DOULEUR;2014;130043664;130002157;Consultation;51;135;131;66;50;0;;;;1;;7;;466;233;30;2;2;8;1;;;;;;1.6;1.6;4.4;0.8
DOULEUR;2014;130783293;130786049;Centre;402;2735;7012;2093;1526;552;3;3;2;4;;;;;;;4;2;2;;;;;;;3.7;3;4.37;
DOULEUR;2014;130784051;130037823;Consultation;;;;;;0;;;2;1;1;;;156;61;54;;;1;1;;;;;;;2;2;2
DOULEUR;2014;130784903;130002041;Centre;98;73;;;;0;;;;6;2;;;1464;997;;8;2;2;;;;;;;6;1;7;2
DOULEUR;2014;130785652;130014228;Consultation;74;40;184;119;76;257;;;;;;299;354;1602;1041;671;4;;;;;;;;;1.7;;;
DOULEUR;2014;140000027;140000035;Consultation;38;555;504;200;124;0;22;2;2;1;1;397;542;1265;496;221;0;0;3;2;1;4;5;3;2;1.56;2;2.4;1.5
DOULEUR;2014;140000555;140000639;Consultation;;210;310;198;38;0;10;3;2;3;1;199;322;1170;487;257;3;1;3;;;;;;;1.08;1;1.75;1
DOULEUR;2014;140004383;140000100;Centre;3;37;62;56;54;0;;1;1;3;1;513;717;3727;1023;646;7;7;4;2;2;22;816;254;185;2.56;2.56;3.57;1.94
DOULEUR;2014;140016759;140003146;Consultation;;;5;;;0;;;;;;;;;;;2;;;;;;;;;0.5;;;
DOULEUR;2014;140024886;140000092;Centre;6;374;615;210;96;191;30;3;1;3;;446;862;2405;650;231;5;;1;;;7;7;;;1.7;1;3.31;
DOULEUR;2014;150000040;150780096;Consultation;34;;;;;0;;;;;;260;0;819;459;410;2;1;3;1;;;;;;0.5;0.2;1.05;0.1
DOULEUR;2014;160000253;160000451;Consultation;;;;;;0;0;3;3;0;0;34;186;727;370;196;0;0;5;0;;;2;2;2;0.5;0.5;1.42;0
DOULEUR;2014;160013207;160001632;Consultation;;;;;;0;;;;1;;;;;;;2;1;;;;;;;;0.83;0.57;1;
DOULEUR;2014;170000087;170023279;Consultation;49;692;277;153;144;0;;3;3;6;1;614;96;1306;498;264;2;2;1;;;2;;;;2.28;2.28;6.35;1
DOULEUR;2014;170000152;170780225;Consultation;;;;;;0;;1;;1;;;;208;;;;;;;;;;;;0.2;;0.1;
DOULEUR;2014;180000010;180000028;Consultation;94;53;79;;;0;;2;;1;1;1095;737;2066;1592;357;1;;3;;;;;;;1.3;;2.6;1
DOULEUR;2014;190000018;190000042;Consultation;;;;;;0;;1;1;4;;256;177;218;139;70;;;1;;;;;;;0.2;0.2;2.05;
DOULEUR;2014;210987558;210780581;Consultation;;;100;;;0;24;4;2;7;3;;1733;3219;;;6;;;;;;;;;1.5;0.7;2.2;1.2
DOULEUR;2014;210987731;210780417;;;;;;;342;;7;5;;;;;;;;;;;;;;;;;5.8;5;;
DOULEUR;2014;220000012;220000020;Consultation;199;522;1026;532;357;0;41;1;1;0;0;0;98;241;182;115;2;0;5;2;1;0;8;6;5;0.81;0.64;2.3;1.6
DOULEUR;2014;220000095;220000046;Consultation;;250;10;;;0;;;;1;;;53;372;;115;1;1;;;;;;;;0.1;0.1;1;
DOULEUR;2014;220012884;220000103;Consultation;;;;;;;22;1;1;;;206;207;1226;773;377;1;1;;;;;;;;0.5;0.5;;
DOULEUR;2014;230000820;230780041;Consultation;;;;;;0;10;1;1;;;188;507;719;;192;;;1;;4;;;;;0.4;0.4;0.5;
DOULEUR;2014;240000372;240000059;Consultation;;;9;9;1;0;0;1;1;2;1;;;47;34;23;;;;;;;0;0;0;0.25;0.25;1;1
DOULEUR;2014;240000489;240000117;Centre;15;88;132;116;106;0;16;;;5;;802;1019;1011;378;287;4;4;0;;10;2;6;4;3;1.09;1.09;2.84;
DOULEUR;2014;250000114;900000365;Centre;;;1002;;;79;11;0;;;;300;2612;2932;811;295;;;;;3;;9;;;;;;
DOULEUR;2014;250000700;250000452;Consultation;;64;135;97;90;0;;1;;1;;602;671;;630;;1;;2;;;;;;;1.05;;1.6;
DOULEUR;2014;250006954;250000015;Centre;8;4;244;;;1222;64;1;1;;;671;505;3076;1430;824;3;1;5;;;;174;;;2.21;1.41;2.78;
DOULEUR;2014;260000013;260000021;Centre;136;154;76;;;0;;0;0;1;;1107;1397;1651;684;384;4;2;5;3;7;5;12;4;3;1.3;0.9;3.7;1.5
DOULEUR;2014;270000359;270023724;Consultation;226;1231;1413;552;313;0;;3;;4;;;1;814;405;222;;;5;;;;;;;2.58;;6.7;
DOULEUR;2014;270000458;270023724;Consultation;5;267;241;132;120;0;;;;1;;;0;255;113;60;;;1;;;;;;;;;1.2;
DOULEUR;2014;280000084;280000183;Consultation;37;527;34;31;30;0;45;1;;1;;589;710;1189;517;347;4;4;3;1;1;8;8;8;3;1.3;0.8;2.61;0.5
DOULEUR;2014;280504267;280000134;Consultation;26;58;33;29;24;0;0;;;2;1;739;712;1336;677;393;5;5;4;1;45;3;20;8;6;1.27;1.27;2.95;1
DOULEUR;2014;290000025;290020700;Consultation;0;138;37;34;32;0;38;3;3;3;1;390;468;1411;660;379;3;1;1;1;0;0;3;3;3;0.85;0.55;2.2;0.8
DOULEUR;2014;290000033;290021542;Consultation;146;105;513;178;127;0;10;1;1;3;2;0;0;27;24;24;2;2;0;0;1;0;3;3;3;0.5;0.5;0.9;0.4
DOULEUR;2014;290000728;750821092;Consultation;2;;64;19;;0;3;2;;2;;102;;436;253;;1;1;;;;;;;;0.5;0.3;0.15;
DOULEUR;2014;290004324;290000017;;;226;244;118;;318;17;9;5;7;1;;919;3303;1416;;;;;;;;203;74;;2.6;2;3.8;1
DOULEUR;2014;300000023;300780046;Consultation;;;;;;0;;2;1;;;;;179;114;112;0;0;;;;;2;1;0;1.6;0.6;;
DOULEUR;2014;300780152;300000114;Consultation;1467;2961;917;209;94;0;80;;;2;1;;1104;2049;273;;1;1;2;;;;259;;;0.5;0.5;2.87;1
DOULEUR;2014;300782117;300780038;Centre;3;;555;389;323;3043;86;3;2;12;;732;;6745;2279;1493;1;;;;5;;767;37;31;3.4;2;9.97;
DOULEUR;2014;310000310;310780671;Consultation;;;;;;0;4;2;;2;1;454;568;1769;442;184;2;;;;;;;;;2.8;;0.3;0.18
DOULEUR;2014;310016977;310781406;Centre;363;3500;221;51;30;0;22;1;;2;2;669;22;1351;741;690;;;;;1032;3522;1572;792;720;1;;2;1.5
DOULEUR;2014;310780259;310000096;Centre;;;242;;;0;40;;;;;736;132;1653;606;491;2;2;3;2;;;4;4;;1;1;1;1
DOULEUR;2014;310780283;310000112;Centre;272;527;1969;250;180;0;61;1;1;1;1;176;165;2314;1198;795;1;;2;1;;;6;6;6;1.5;1;2;1.5
DOULEUR;2014;310780309;310000120;Centre;484;91;;;;1838;158;4;4;3;1;;821;4865;1203;1068;;;5;4;;;2;;;4;4;3;3
DOULEUR;2014;310781067;310788898;Consultation;1;60;210;95;88;0;10;2;2;3;1;654;657;1160;362;163;;;2;;;;1;;;0.7;0.7;1.85;0.8
DOULEUR;2014;310781125;310000419;;;;;;;;52;;;6;;;;;;;;;2;;;;;;;;;7.86;
DOULEUR;2014;310782347;310789136;Centre;105;;90;45;;0;31;;;2;2;201;339;608;359;261;3;2;;;;;;;;1.7;0.9;2;2
DOULEUR;2014;310783048;310781406;Centre;1126;51;180;156;175;0;30;1;1;2;1;1380;1031;3485;1160;1289;2;2;1;1;;;;;;2.8;2.5;2.6;1.6
DOULEUR;2014;320000086;320780117;Consultation;2;2;40;36;33;0;0;1;1;2;1;213;50;139;108;85;0;0;0;0;8;7;6;4;4;1;1;2;1
DOULEUR;2014;330000555;330781204;Consultation;;81;10;28;27;0;;2;1;3;1;220;211;560;203;109;;;;;;;;2;2;0.5;0.4;1.5;0.8
DOULEUR;2014;330000589;330027509;Consultation;0;0;9;;;0;;;;1;1;252;73;577;;;1;1;3;2;0;0;0;;;0.2;0.2;0.8;0.6
DOULEUR;2014;330000597;330027509;Consultation;1;0;6;9;3;0;;0;0;1;1;168;48;385;447;343;1;1;3;2;0;0;2;;;0.3;0.3;1.8;1.4
DOULEUR;2014;330000605;330781253;Consultation;2;32;58;53;51;0;;3;;;;277;54;865;424;236;;;;;0;0;7;5;4;1.6;;;
DOULEUR;2014;330000662;330781329;Centre;;;;;;16577;;2;;1;1;;;;;;0;;1;;;;;;;2;1;1.75;0.75
DOULEUR;2014;330781360;330781196;Centre;;;;;;6;20;9;4;;;;;3200;1547;849;;;;;;;;;;2.7;2.7;9.5;3
DOULEUR;2014;340000033;340780055;Centre;;;184;174;;0;11;0;0;3;0;660;1820;2283;886;;4;0;1;0;;;2;3;;1.02;0;2.92;0
DOULEUR;2014;340000223;340011295;Consultation;8;4;91;82;82;0;15;1;;4;;116;18;651;271;143;1;;0;;0;0;2;2;2;1.83;;3.52;
DOULEUR;2014;340780675;340000298;Centre;48;114;436;295;238;44;35;1;1;0;0;685;167;1715;623;480;2;1;3;1;37;3;19;10;6;1.4;1.2;1.7;0.8
DOULEUR;2014;340781608;340015171;Consultation;0;0;58;32;32;0;0;;;;;0;0;51;18;18;1;1;1;1;;;;;;0.1;0.1;0.05;0.05
DOULEUR;2014;340782036;340780477;Centre;;;487;3715;3262;474;90;2;2;5;4;700;2644;3952;14485;8311;7;7;7;5;;;;48;44;3.9;3.9;8.9;6.6
DOULEUR;2014;340785161;340780477;Centre;49;369;379;375;;0;20;2;2;1;1;171;137;572;242;;;;2;;220;506;951;617;;1.5;1.5;1.5;1
DOULEUR;2014;350000139;350001137;Centre;153;45;0;;;305;;0;0;;1;593;1061;2141;1023;;4;1;;6;;;;;;1.24;0.8;;4.66
DOULEUR;2014;350000147;350000022;Consultation;;;20;;;368;40;1;1;1;;347;855;1485;698;439;1;1;5;1;;;20;10;;0.7;0.7;2.75;0.75
DOULEUR;2014;350000741;350005179;Centre;;;;;;0;28;3;2;1;;537;947;3415;1196;771;2;2;6;2;88;283;314;247;239;2.17;1.67;2.6;0.8
DOULEUR;2014;350002812;350023503;Consultation;427;564;132;97;61;0;23;0;0;2;1;206;248;603;315;188;5;1;7;0;0;0;0;0;0;0.95;0.65;2.4;1
DOULEUR;2014;360000137;360000053;Consultation;0;47;19;19;19;0;25;;;1;;207;451;238;135;135;;;2;;0;2;0;0;0;;;2;
DOULEUR;2014;370000531;370000606;Consultation;284;0;229;0;;0;;1;1;3;2;222;1943;748;316;93;;;;;;;;;;0.2;0.2;0.85;0.7
DOULEUR;2014;370000861;370000481;;;;197;149;;0;;1;1;;;361;;3033;1301;723;2;1;;;;;49;22;;1.7;1.6;;
DOULEUR;2014;380000018;380780023;;430;85;12;355;;368;;;;3;1;318;207;729;429;174;2;1;2;;;;;;;0.6;0.3;2.23;0.5
DOULEUR;2014;380000034;380780049;Consultation;;;77;;;0;;1;1;;;;;722;344;188;;;;;;;;;;0.5;0.5;;
DOULEUR;2014;380000067;380780080;;1;9;635;270;219;0;;1;;1;;604;611;3600;1055;664;4;;3;;2;17;160;73;59;3.05;;3.62;
DOULEUR;2014;380000174;380781435;Consultation;2;17;16;16;14;0;;;;2;;243;1138;903;322;155;2;;6;;0;0;0;0;0;0.49;;2.05;
DOULEUR;2014;380000406;380784751;Consultation;;;;;;0;;;;;;;;1168;825;;2;2;3;;;;;;;0.7;0.7;1.7;
DOULEUR;2014;380012658;380012609;Centre;152;199;141;;;177;;2;1;;;894;655;3814;700;269;1;1;4;0;;;;;;2.6;2;1.35;0
DOULEUR;2014;390000040;390780146;Centre;3;14;90;;;0;0;1;1;1;;588;1229;3731;601;272;;;5;1;;;;;;1;1;2.9;0.5
DOULEUR;2014;390000222;390780609;;;36;45;40;45;58;13;1;1;;;200;503;813;337;188;;;1;;;;;;;0.6;0.6;1;
DOULEUR;2014;400000105;400780193;Consultation;0;370;56;27;22;0;40;;;1;;341;882;1456;431;274;1;1;3;;15;23;6;3;3;0.6;0.6;2.7;
DOULEUR;2014;400000139;400011177;;2;162;109;88;41;0;1279;1;1;4;;92;194;604;335;87;3;1;1;;0;0;0;0;0;2.5;1.5;2.5;
DOULEUR;2014;410000020;410000087;Consultation;17;47;405;299;;0;;1;1;3;1;1168;1331;1762;834;312;0;0;3;0;7;18;13;3;0;1;1;3.78;1
DOULEUR;2014;420000010;420780033;Consultation;0;0;14;14;14;0;0;3;1;2;1;706;971;2116;679;226;2;1;3;1;;;;;;1.27;1.14;2.98;1
DOULEUR;2014;420000226;420013831;Consultation;25;78;10;;;0;;0;;0;;150;539;747;462;127;5;2;4;2;;;;;;1;0.5;1.15;0.55
DOULEUR;2014;420785354;420784878;Centre;24;;222;222;200;626;128;4;;2;0;1081;2220;7545;2871;1310;3;;1;0;;;;;;1.07;;1.9;0
DOULEUR;2014;430000117;430000018;Consultation;557;437;799;499;191;0;;0;;0;;538;432;669;425;191;1;1;4;;0;0;0;0;0;0.77;0.77;1.86;
DOULEUR;2014;430000307;430000067;Consultation;4;4;8;4;4;0;;;;;;28;16;42;15;15;1;1;4;1;;;;;;0.05;0.05;0.23;0.1
DOULEUR;2014;440000016;440000057;Consultation;;95;;;;0;12;1;1;;;497;285;2185;1063;599;1;1;;;2;11;30;13;11;1.35;1.35;3;1
DOULEUR;2014;440000271;440000289;Consultation;;71;15;13;8;0;48;9;;0;;139;101;2455;1380;1205;1;;2;;;52;302;156;98;1.37;;1;
DOULEUR;2014;440000412;440000941;Centre;1509;4028;11296;;2548;1358;11;3;3;9;3;;;;;;5;4;1;;;;14;;;5;4.4;9.5;3
DOULEUR;2014;440000453;440000289;Consultation;;0;4;4;0;0;;0;0;0;0;;2;308;79;42;0;0;0;0;;0;0;0;0;0;0;0;0
DOULEUR;2014;440001113;490017258;Consultation;;;109;;;0;12;4;;1;1;112;342;1764;535;338;5;1;1;1;;;0;;;7.82;0.5;1;1
DOULEUR;2014;440017598;440000289;Centre;;5;59;36;18;603;440;6;;2;;536;1092;4297;1847;815;2;;7;;;1;35;8;4;2.52;;5.89;
DOULEUR;2014;440023364;440006377;Centre;0;0;50;0;0;985;60;3;3;12;1;380;986;4294;2526;1451;1;1;2;0;5;0;15;0;10;3.2;3.2;11.12;1
DOULEUR;2014;440050433;440041895;Consultation;;56;;;;0;8;;;;;296;161;637;262;156;2;2;;;0;0;0;0;;0.2;0.2;0.8;
DOULEUR;2014;450000021;450000088;Centre;50;1027;941;134;;46;;5;;25;;302;1967;2913;1290;748;3;;5;;;;;;;3.85;;25.6;
DOULEUR;2014;460000110;460780216;Consultation;148;77;634;419;;0;146;;;3;2;612;164;558;386;167;2;1;1;1;;;;;;0.5;0.4;1.9;1.4
DOULEUR;2014;470000423;470000316;Consultation;0;372;72;224;181;0;0;1;1;3;0;150;1105;1210;521;319;0;0;1;0;;;;10;;0.87;0.87;1.66;0
DOULEUR;2014;470000431;470000324;Consultation;52;;;;;0;;;;;;154;;;195;;1;;;;15;;;;;0.29;;;
DOULEUR;2014;490000049;490000031;Consultation;117;3;6;6;3;0;;0;0;3;;690;373;1628;874;293;1;1;7;;0;0;0;0;0;0.5;0.5;3.8;
DOULEUR;2014;490000155;490017258;Centre;;;;;;0;24;;;;;;;1684;553;399;5;5;3;;;;;;;1.1;1.1;1.2;
DOULEUR;2014;490000635;490000676;Consultation;9;56;2;;;0;;3;1;;;272;683;753;367;172;2;2;4;1;0;0;1;1;1;0.73;0.57;1.4;0.67
DOULEUR;2014;490540440;490004330;Consultation;;;;;;0;;;;;;;;67;;20;1;;;;;;;;;0.05;;;
DOULEUR;2014;500000021;500000054;Consultation;;;;;;0;;;;;;;;642;;;1;1;;;;;;;;0.2;0.2;;
DOULEUR;2014;500000187;500000013;Consultation;;82;18;;;0;;;;1;;357;933;509;271;142;5;1;4;2;;;;;;0.32;0.06;2.5;1.3
DOULEUR;2014;500000260;500000054;Consultation;;;;;;0;;;;1;2;;;483;;;1;1;3;2;;;;;;0.3;0.3;2.19;3.6
DOULEUR;2014;500000450;500000112;Consultation;;318;115;115;115;0;;3;2;1;1;512;401;1821;628;249;2;;2;1;;;;;;1.3;1;2;
DOULEUR;2014;500000468;500000013;Consultation;;;;;;0;;;;;;;;235;127;89;2;;1;1;;;;;;0.16;;0.2;0.2
DOULEUR;2014;510000250;510000078;Consultation;;;;;;0;;;;;;0;0;60;31;25;1;;;;0;0;0;0;0;0.25;;;
DOULEUR;2014;510002447;510000029;Centre;;;;;;0;;5;5;0;0;684;430;3268;1724;559;1;1;2;0;0;2;43;0;13;2.34;2.34;1.3;0
DOULEUR;2014;520000068;520780073;Consultation;0;0;22;0;0;0;18;;;;;557;893;1166;456;242;3;1;4;1;0;0;0;0;;0.8;0.6;2;0.75
DOULEUR;2014;530000017;530000025;Centre;;20;102;19;58;413;43;;;;;673;3167;1630;876;553;2;;7;;6;4;18;6;;0.92;;3.28;
DOULEUR;2014;540001138;540023264;Centre;7;;;;;0;;2;;2;;1003;55;1402;;599;;;3;;;;;;;0.55;;3.34;
DOULEUR;2014;540001286;540003019;Consultation;167;1064;1527;439;123;0;24;3;1;3;1;63;89;1123;461;112;;;1;;0;0;0;0;;1.4;0.5;2.4;1
DOULEUR;2014;540002698;540023264;Centre;;;502;;;0;10;2;;1;;527;;266;;;;;2;;527;;768;;;0.43;;1.36;
DOULEUR;2014;550000012;550006795;Consultation;17;180;13;48;52;0;20;;;1;;485;127;782;420;131;2;2;2;2;;;;;;0.61;0.61;2;1
DOULEUR;2014;560000127;560023210;Consultation;19;1;37;30;15;0;20;1;0;3;0;1397;266;3524;1268;353;1;0;2;1;20;4;23;10;9;1.2;0;2.67;0.5
DOULEUR;2014;560000143;560014748;;;;;;;206;;;;1;;;;;;;2;;3;;;;;;;1.43;;2.25;
DOULEUR;2014;560000192;560000044;Consultation;0;18;30;21;13;0;12;;;1;;0;237;605;133;60;1;1;2;1;0;0;5;1;1;0.6;0.6;0.73;0.34
DOULEUR;2014;560002933;560006074;Centre;;;;;;0;18;;;;;382;329;2323;1274;540;15;7;8;6;;;;;;1.6;1.4;3.26;1.39
DOULEUR;2014;570000216;570010173;Consultation;;;;;;0;;;;;;;;;;;;;;;;;;;;;;;
DOULEUR;2014;570000281;570005165;Consultation;0;0;0;0;0;0;0;;;1;;882;0;1078;603;271;;;2;;7;0;8;4;3;;;1.73;
DOULEUR;2014;570000901;570000158;Consultation;;;;;;0;;1;;;;116;1215;;;;;;;;;;;;;1;;;
DOULEUR;2014;570001099;570023630;Centre;;;;680;;1981;;3;;;13;;;5703;2370;1158;;;;1;;;;;;2;;;13.5
DOULEUR;2014;570026682;570005165;Consultation;0;0;160;124;124;0;0;;;1;;765;0;1995;675;375;2;;1;;0;0;1;1;1;1;;1.68;
DOULEUR;2014;590000188;590780334;Consultation;14;;109;72;54;0;;5;;1;;7;;717;295;193;;;;;1;;6;4;3;0.5;;0.2;
DOULEUR;2014;590000428;590781605;Consultation;;;;;;0;;;;;0;292;611;1491;;143;;;4;0;;;;;;;;2.32;0
DOULEUR;2014;590000535;590781803;Consultation;;;55;;;0;;3;3;2;;1;104;424;160;70;;;1;;;;;;;0.6;0.6;2.5;
DOULEUR;2014;590000618;590782215;Centre;0;132;72;;;628;8;2;2;6;4;;125;2041;1253;567;1;1;6;;;;;;;2.42;2.42;7.62;2.48
DOULEUR;2014;590001004;590783239;;79;432;60;60;60;0;;1;;;;400;81;1878;983;385;2;;1;;;;;63;;1.2;;0.64;
DOULEUR;2014;590001442;590784245;Consultation;120;650;123;120;110;;6;6;6;2;;492;140;1760;956;449;;;2;;;;;;;1;1;1.25;
DOULEUR;2014;590006607;590780193;;60;;70;435;;0;418;;;;;193;;680;40;64;2;2;2;1;253;;750;475;64;0.6;0.6;0.8;0.5
DOULEUR;2014;590049565;780020715;Consultation;;;;;;0;;;;;;20;50;60;29;17;1;1;7;6;;;;;;0.2;0.2;0.5;0.3
DOULEUR;2014;590796975;590780193;;;;;;;0;40;;;;;888;0;3975;1840;571;;;;;;;;;;2.65;;4.1;
DOULEUR;2014;590801106;590782421;Consultation;188;;;;;0;25;;;;;585;121;1261;563;297;5;2;3;1;292;;;;;0.9;;1;
DOULEUR;2014;590811279;590780193;;;;;;;0;44;1;1;2;1;396;2010;5229;2216;1067;1;;1;;;;4;3;3;2.2;1;3.2;1
DOULEUR;2014;600000194;600100713;;43;43;234;54;54;7;48;;;2;;728;1695;1404;476;221;2;1;2;1;;;3;3;3;0.8;0.6;3;0.2
DOULEUR;2014;600000467;600101984;Consultation;;;381;82;50;0;12;3;0;6;0;618;454;982;526;197;0;0;0;0;0;1;8;5;3;0.72;0.7;3.4;1
DOULEUR;2014;600113476;600100721;Consultation;54;270;;;;0;;1;0;3;0;712;893;1959;829;1177;1;0;3;1;0;75;17;10;261;0.53;0;3.31;0.89
DOULEUR;2014;610000051;610780082;;2;;13;;10;0;15;;;1;1;694;508;1508;486;171;1;;2;1;2;;2;2;;0.8;;2.9;1.9
DOULEUR;2014;610000069;610780090;Consultation;;152;74;37;;0;;;;;;278;1194;664;268;119;2;1;4;1;;;;4;;0.7;0.6;1.8;0.3
DOULEUR;2014;610000119;610780165;Consultation;;;;;;0;10;;;1;;282;677;629;452;144;2;;3;;;;5;;;1;;1.53;
DOULEUR;2014;620000026;620003814;Centre;1189;2500;211;156;126;1280;;3;3;21;14;857;15;4249;3111;1128;3;;4;;10;;20;5;5;3.8;3;22.7;14
DOULEUR;2014;620000034;620100057;Consultation;50;62;37;37;37;0;3;0;;1;1;212;1117;1029;761;458;1;1;1;1;;1;1;;1;0.4;0.4;1.75;1.75
DOULEUR;2014;620000059;620100073;Consultation;;;;;;;;;;;;;;20;10;5;1;;;;;;;;;0.2;;;
DOULEUR;2014;620000224;620100651;;;;;;;453;;2;2;1;;;;3109;1261;;5;;3;;;;;;;2.88;2;2;
DOULEUR;2014;620000257;620100685;Consultation;15;1298;359;545;331;0;;;;;;548;1243;1690;1050;487;;;;;;;;;;;;;
DOULEUR;2014;620000349;620101360;;12;55;194;103;97;0;;2;;;;158;446;510;219;176;1;;;;;;;;;0.2;0.2;0.46;
DOULEUR;2014;620000653;620103440;Consultation;12;82;37;33;24;0;83;1;;2;;364;645;1051;487;328;2;;3;;50;24;78;51;1;0.67;;2.56;
DOULEUR;2014;630000404;630780989;Centre;;;;;;0;;1;;5;;509;225;5403;2037;;3;;3;;;;;;;2.2;;6.5;
DOULEUR;2014;630000420;630781003;Centre;;52;25;;;0;2;;;;;15;61;671;;130;1;1;1;1;;;1;;;0.5;0.5;0.4;0.4
DOULEUR;2014;630000479;630781110;Consultation;0;0;355;;;0;;1;1;;;0;0;935;;;1;;;;0;0;;;;0.82;0.6;0;0
DOULEUR;2014;640000162;640780417;Consultation;;2;5;;;0;63;1;0;2;0;249;1085;1155;454;45;2;0;1;0;;;;;;1.32;0;2.25;0
DOULEUR;2014;640000600;640781290;Consultation;0;0;30;30;;0;;0;0;2;1;348;928;705;347;188;1;1;1;0;4;2;8;4;;0.5;0.5;2.5;1
DOULEUR;2014;650000417;650783160;Centre;1;;2;1;1;0;;4;;1;;248;;922;303;175;;;1;;0;;13;4;4;0.64;;1.3;
DOULEUR;2014;660000084;660780180;Consultation;;;13;;;0;10;1;;2;1;1001;1251;1172;1532;;;;;;;;7;7;;1;;2.13;1
DOULEUR;2014;670000025;670780055;;;;460;;;197;62;1;1;1;;1385;810;6021;;;11;7;1;;0;0;;;;5;4.5;1.8;
DOULEUR;2014;670783273;670780055;Centre;;;460;;;0;62;1;1;3;;1385;810;6021;;;11;7;1;;;;;;;5;4.5;3.72;
DOULEUR;2014;670797539;670014604;Consultation;;;2526;634;214;58;;;;;;;;;;;4;;2;;;;;;;2.23;;0.5;
DOULEUR;2014;680000577;680000411;Consultation;;;81;62;53;0;;;;5;;;939;2704;814;436;2;1;2;;;;;;;0.35;0.3;3.42;
DOULEUR;2014;680000601;680000437;Centre;2;;6;6;5;217;4;;2;;;6;348;3702;463;322;2;;8;2;;;1;1;1;1.8;2;3;0.66
DOULEUR;2014;680000684;680000973;Centre;17;427;786;408;40;127;40;1;1;1;;259;529;4080;1469;1005;2;1;5;3;0;5;34;14;13;1.7;1.5;3.5;1.5
DOULEUR;2014;680004546;680000486;Centre;621;2;91;360;;2;1;1;1;1;1;148;739;4772;1507;610;2;1;4;;;;26;;12;1.4;1.2;3.1;1
DOULEUR;2014;690000880;690783220;Consultation;98;600;761;407;102;0;312;2;2;5;3;221;871;1474;656;94;2;2;0;0;0;3;20;13;5;1.48;1.48;3.76;2.34
DOULEUR;2014;690780093;750821092;;94;;41;;;0;;;;;;;;646;314;;;;;;;;5;;;;;;
DOULEUR;2014;690780416;690031190;Consultation;;;;;;0;;0;0;;;;;;;;1;1;;;;;;;;0.1;0.1;;
DOULEUR;2014;690781836;690006598;Consultation;120;;876;317;298;0;41;1;1;6;1;48;;1719;1104;490;1;1;0;;;;;;;1.4;1.4;1;0.1
DOULEUR;2014;690783154;690781810;Consultation;;;4;4;;0;;;;;;;;188;141;;;;;;;;;;;;;0.77;0.34
DOULEUR;2014;690784137;690781810;Consultation;86;;272;226;167;0;;1;0;0;0;630;107;1116;554;231;4;3;4;1;0;0;5;4;4;1;0.4;1.5;0.25
DOULEUR;2014;690784152;690781810;Consultation;;;52;45;45;0;34;0;0;0;;36;;1611;650;391;6;6;4;;0;;4;2;0;0.9;0.9;2.15;
DOULEUR;2014;690784178;690781810;Centre;0;25;411;92;31;549;22;1;1;3;2;757;459;2616;1071;510;5;5;3;1;316;215;491;187;99;2.3;2.3;4.8;
DOULEUR;2014;690784194;690781810;Consultation;;;75;66;;0;;;;;;;;29;28;;;;;;;;;;;;;;
DOULEUR;2014;690796727;690796727;Centre;16;17;33;10;4;;;1;;4;;502;539;564;160;75;2;1;7;;;4;;;;0.62;0.4;5.81;0.67
DOULEUR;2014;690805361;690805353;Consultation;187;478;1062;850;;0;;2;;1;;211;460;2215;844;252;5;4;2;1;0;1;10;11;2;1;0.64;1.53;0.54
DOULEUR;2014;700000029;700004591;Consultation;;92;34;;;0;3;1;;3;;253;273;334;321;133;;;;;;;;;;0.5;;2.15;
DOULEUR;2014;710010067;710780644;Consultation;;;;;;0;;;;3;3;0;205;143;89;75;1;1;;;0;0;0;0;0;0.03;0.03;1.3;1.3
DOULEUR;2014;710978289;710780263;Centre;;75;7;;;411;8;;;3;;317;299;1737;874;397;3;;3;;;;10;8;4;1;;2.77;
DOULEUR;2014;710978313;710976705;Consultation;;;683;633;592;0;;1;;2;;;;1408;410;234;;;;;;;29;18;5;0.5;;0.85;
DOULEUR;2014;720000033;720000025;Centre;;;;;;0;11;;;2;1;380;549;2195;912;374;;;3;1;;;294;;89;1;1;2.6;1.1
DOULEUR;2014;720000199;720000595;Consultation;29;87;53;;;0;12;;;;;41;120;292;147;121;2;2;4;4;;;;;;;;1;1
DOULEUR;2014;720000413;720008390;Consultation;;;;;;;;1;1;1;1;0;28;55;27;14;;;;;;;;;;0.03;0.03;0.03;0.03
DOULEUR;2014;720001437;720006022;Consultation;;;;;;0;;;;;;;;112;48;32;2;;2;2;;;;;;0.07;;0.42;0.42
DOULEUR;2014;720016179;720016724;Consultation;;;;;;0;;1;1;;;13;54;256;108;54;1;1;1;;;;;;;0.8;0.8;0.2;
DOULEUR;2014;720017748;720000561;Centre;;;;;;0;4;;;;;;1409;1494;644;337;4;;6;;;;0;;;1.5;;4;
DOULEUR;2014;730000031;730000015;Consultation;198;650;1040;198;299;125;97;;;1;;344;925;929;237;225;5;3;5;2;5;7;14;5;5;1.1;0.55;3.15;1.05
DOULEUR;2014;730004298;730010048;Consultation;;;103;82;82;0;;;;;;;;;;;1;1;1;1;;;;;;0.1;0.1;0.1;0.1
DOULEUR;2014;730783644;730780111;Centre;;;596;485;;0;;2;2;1;1;;;1557;822;;1;0;2;1;;;;;;0.8;0.5;1.14;0.45
DOULEUR;2014;740000237;740781133;Centre;;;;;;0;20;3;0;4;0;156;703;2362;1005;568;3;0;5;0;2;16;97;54;40;1.18;0;3.14;0
DOULEUR;2014;740000302;740781133;Centre;;;;;;0;0;0;0;0;0;;;230;129;125;0;0;1;0;;;1;1;1;0;0;0.5;0
DOULEUR;2014;740000328;740790381;;133;57;;;;0;;;;;;;47;2783;85;;;1;3;2;;;;;;;0.15;0.72;0.64
DOULEUR;2014;740781141;740790258;Consultation;;8;55;37;;0;;;;;;170;;387;177;107;2;;1;;;;1;;;0.2;;0.2;
DOULEUR;2014;750000499;750140014;Centre;23;188;132;;;169;47;0;0;3;1;437;250;2517;745;;6;2;3;0;0;0;0;0;0;1.6;0.8;4;1
DOULEUR;2014;750000549;750150229;Centre;328;232;;686;247;488;35;2;2;0;0;;;2301;;;3;1;4;0;0;0;0;0;0;3.35;2.5;2.5;
DOULEUR;2014;750100018;750712184;;;;150;;;0;50;3;;3;1;510;616;3947;1500;;1;;;;;;25;;;4;;3;1
DOULEUR;2014;750100042;750712184;;;98;325;;;305;140;3;3;3;2;;362;3685;1742;902;4;4;1;;;;;;;3.06;3.06;3.25;2
DOULEUR;2014;750100075;750712184;Consultation;195;737;1808;1070;407;0;20;1;1;2;1;1285;978;2389;;298;5;;2;;;;;;;2.7;1;3.4;1
DOULEUR;2014;750100083;750712184;Consultation;0;765;657;291;291;0;11;1;1;2;1;100;7;622;370;182;0;0;0;0;0;0;1;1;1;1;1;1.5;1
DOULEUR;2014;750100091;750712184;Consultation;379;262;2550;650;500;125;45;4;4;8;5;190;768;3599;1200;620;10;6;2;0;0;0;0;0;0;3.1;2.7;3.9;2
DOULEUR;2014;750100109;750712184;Centre;0;0;476;;;0;;3;3;5;2;0;0;1412;;;2;0;1;2;0;0;1856;;;3.7;3;5.5;3
DOULEUR;2014;750100125;750712184;Centre;20;30;188;52;52;87;11;3;3;3;1;30;71;3569;1000;330;;;;;;;;;;2.5;2.5;2.4;1
DOULEUR;2014;750100208;750712184;Centre;0;1218;909;288;171;0;75;1;1;2;2;137;81;523;278;165;1;1;1;0;135;803;1123;450;100;1.07;1.02;2.7;2
DOULEUR;2014;750100232;750712184;Centre;0;0;392;320;320;0;40;1;1;3;0;394;0;2604;926;479;5;0;0;0;0;0;0;0;0;2.3;1;3;0
DOULEUR;2014;750100273;750712184;;281;691;443;215;124;0;14;1;1;6;2;322;163;1149;473;249;4;3;3;1;0;0;0;0;0;1.2;1.1;2.85;1
DOULEUR;2014;750100299;750712184;;;;;;;0;;2;;;;;;360;;;3;;;;;;;;;3.7;;;
DOULEUR;2014;750160012;750813321;Consultation;0;476;0;0;0;0;50;7;3;5;3;127;145;3160;1113;145;7;2;1;0;0;0;0;0;0;3.5;1.6;4.5;2
DOULEUR;2014;750300774;750000895;;;;;;;0;;;;;;;;;;;1;1;;;;;;;;0.3;0.2;;
DOULEUR;2014;750803447;750712184;Centre;;3000;3643;600;480;0;;3;3;3;2;310;112;3657;707;141;1;1;;;;;11;11;11;3.2;3.2;3;2
DOULEUR;2014;750803454;750712184;Centre;1100;1300;350;;;0;90;1;;2;3;1030;100;700;400;;5;2;4;1;;;600;400;;2.3;1.8;4.6;3.5
DOULEUR;2014;760000018;760780023;Consultation;;;;;;0;12;;;0;0;532;551;742;411;201;1;;2;1;;;;;;0.8;;0.96;0.46
DOULEUR;2014;760000158;760780239;Centre;;;;;;367;;4;;;;1389;1181;4214;2771;1414;4;;;;564;117;619;649;167;2.6;;;
DOULEUR;2014;760000463;760024042;;;;;;;0;24;;;;;560;198;815;359;190;1;1;4;;;;;;;0.5;0.5;1.5;
DOULEUR;2014;760805770;760780726;Centre;10;230;24;;;0;15;1;;3;0;721;896;1521;671;393;;;1;0;25;42;88;41;33;1;;2.84;0
DOULEUR;2014;760921809;760000273;;;;;;;112;12;;;;2;;;798;486;177;5;2;4;1;;;0;0;;;;;
DOULEUR;2014;770000156;770110054;Consultation;6;11;6;0;6;0;4;;;;;97;352;97;46;31;;;;;0;10;0;0;0;;;;
DOULEUR;2014;770000214;770130052;Consultation;;;;;;0;42;1;1;3;;321;120;3159;1580;152;6;4;1;;;;;;;3.11;1.71;3.5;
DOULEUR;2014;770000446;770700185;Consultation;;50;150;50;50;0;30;;;1;1;120;390;869;419;226;2;1;2;;;;;;;0.85;0.6;1.8;1
DOULEUR;2014;770019032;770170017;Consultation;;32;103;;;0;30;;;;;50;175;425;366;297;;;2;2;;;;;;;;1.6;1.6
DOULEUR;2014;770700011;750042590;Centre;579;;935;935;;185;59;1;1;11;4;;;7;7;;;;;;;;;;;1;1;8.15;3.5
DOULEUR;2014;780000295;780002697;Consultation;0;;;;;0;;2;3;2;;0;0;1220;104;;;;1;;;;;;;1.5;1.5;1.23;
DOULEUR;2014;780000311;780001236;Consultation;;;39;;;0;45;5;2;1;;;;1059;339;169;2;1;;;;;;;;1.27;0.87;0.5;
DOULEUR;2014;780000329;780110052;Consultation;5;10;60;52;52;0;64;;;;;392;742;1163;400;246;3;2;5;1;0;0;5;2;0;0.9;0.6;1.7;0.5
DOULEUR;2014;780800256;780110078;Centre;13;159;175;114;953;90;50;2;;1;;535;33;2985;1004;951;3;;5;;2;;15;14;12;2.25;;3.79;
DOULEUR;2014;790000087;790000012;Consultation;103;;323;229;203;0;;;;2;1;628;574;2071;748;374;2;1;5;1;0;0;9;7;5;0.7;0.6;4.25;1.2
DOULEUR;2014;790000095;790006654;Consultation;19;145;404;0;0;0;1;1;1;2;0;724;765;1023;445;51;0;0;1;0;0;0;0;0;0;0.8;0.8;2.05;0
DOULEUR;2014;800000143;800000028;Consultation;;;11;;;0;;2;0;3;0;124;293;2298;914;512;0;0;0;0;;;;;;1.5;0;2.72;0
DOULEUR;2014;800000192;800000044;Centre;;;82;72;62;0;;3;1;6;;1318;1045;644;1120;478;1;1;;;;;154;62;58;1.79;0.69;5.03;
DOULEUR;2014;800000390;800000085;Consultation;0;0;0;;;0;;;;;;0;0;32;341;80;1;1;;;;;;1;;0.1;0.1;;
DOULEUR;2014;800009920;800003071;Consultation;176;240;99;86;69;0;24;0;0;0;0;79;;1072;613;250;3;3;6;3;0;;14;6;6;1;1;1.7;0.9
DOULEUR;2014;800012528;800003071;Consultation;;;25;20;10;;;;;;;;;;;;1;1;;;;;;;;0.08;0.08;;
DOULEUR;2014;810000505;810000331;Consultation;62;;450;119;67;0;;1;1;4;;704;898;755;471;311;;;1;;;;;2;;0.5;0.5;1.52;
DOULEUR;2014;820000032;820000016;Consultation;10;23;64;59;24;0;;2;1;2;;861;381;1994;653;293;2;1;2;;2;7;22;8;8;1.05;0.33;1.83;
DOULEUR;2014;830000311;830100566;Centre;;;574;;;581;29;1;1;5;2;913;1449;1712;527;376;;;5;;3;10;15;7;4;1;1;5.14;2
DOULEUR;2014;830000337;830100590;;;;;;;46;;;;;;;;;;;;;;;;;;;;;;;
DOULEUR;2014;830000345;830100616;Consultation;;;446;198;184;0;;4;4;0;;;;1691;951;711;;;8;;;;8;4;3;0.7;0.7;0.86;
DOULEUR;2014;840000350;840000657;Consultation;46;670;176;90;16;0;4;;;;;0;307;639;132;162;2;2;4;;;;;;;0.5;0.5;1.85;
DOULEUR;2014;840000525;840000111;Consultation;0;0;0;0;0;0;;1;1;;;0;0;155;61;51;1;1;;;0;0;0;0;0;1.6;1.6;;
DOULEUR;2014;840001861;840006597;Centre;;3;945;155;73;644;21;2;1;4;;368;601;2835;642;422;1;0;4;;;9;10;9;8;1.2;0.1;4.51;
DOULEUR;2014;850000142;850000019;Centre;1;0;82;73;;333;;1;;;;650;1577;6552;1578;995;8;;7;;;;14;;;1.73;;5.4;
DOULEUR;2014;850000647;850011453;Consultation;;;;;;0;;;;;;45;37;181;;73;2;2;2;1;;;;;;0.12;0.12;0.2;0.1
DOULEUR;2014;850009630;850000035;Consultation;;;;;;0;;1;;1;1;;;482;;;;;;;;;;;;0.2;;0.5;0.5
DOULEUR;2014;860000223;860013077;Centre;;0;613;611;190;4939;240;2;2;7;1;;953;7697;2380;1303;4;;3;;;4;98;40;23;2.91;2;7.09;1
DOULEUR;2014;870000064;870000015;Centre;98;198;352;254;233;0;19;4;3;3;;520;328;2873;1068;806;0;0;;;;;;;;1.53;1.5;2.5;
DOULEUR;2014;870000270;870000031;Consultation;;;20;20;20;0;10;;;;;;;492;155;96;;;;;;;;;;;;;
DOULEUR;2014;880000021;880007059;Consultation;12;0;63;63;28;0;;;;;;903;1121;1651;739;;4;;;;;;;4;;1.2;;;
DOULEUR;2014;890975527;890000037;Consultation;;;;;;0;0;2;2;;;;;1320;510;265;;;;;;;;;;1.5;1.5;;
DOULEUR;2014;890975550;890970569;Consultation;;;23;23;23;0;4;;;;;98;;1373;684;383;1;1;;;;;9;;7;0.4;0.4;;
DOULEUR;2014;900000167;900000365;Centre;;;60;;;4;11;2;;;;250;2056;1334;532;155;1;;;;;;3;;;2.57;;;
DOULEUR;2014;910000306;910110063;;;;;;;0;;;;;;;;276;;;1;;1;;;;;;;0.2;;0.86;
DOULEUR;2014;910000330;910140029;Centre;;27;27;17;14;;;1;0;3;;;570;272;203;167;1;;;;;;124;66;73;0.5;;1.97;
DOULEUR;2014;910020254;910002773;Consultation;;32;48;;;0;;;;1;1;;573;1166;482;176;2;2;1;;;;5;;;0.8;0.8;1.5;1
DOULEUR;2014;920000460;750813321;Consultation;;;;;;0;;;;;;;;;;;;;;;;;;;;;;;
DOULEUR;2014;920000577;920110020;Consultation;;;100;54;46;0;14;0;0;0;0;47;237;424;275;138;2;1;2;1;0;0;1;1;1;0.6;0.4;0.8;0.5
DOULEUR;2014;920000650;920150059;Consultation;;;1192;384;;0;29;2;2;4;;440;319;1436;664;;;;3;;;;;;;2;2;5.3;
DOULEUR;2014;920100013;750712184;Centre;;2300;300;;;169;43;1;;4;1;268;;4700;1940;;0;;0;;;;;;;1;;4;1
DOULEUR;2014;920100021;750712184;;0;;20;;;0;0;;;;;;;;;;1;1;1;;;;;;;0.1;0.1;0.5;
DOULEUR;2014;920100054;750712184;Consultation;;;20;;;0;;1;;1;;;;146;;;0;;;;;;;;;1;;1;
DOULEUR;2014;920100062;750712184;;;;;;;0;82;;;;;;;;;;;;;;;;;;;;;;
DOULEUR;2014;930100037;750712184;Centre;;;;;;0;0;2;2;2;;168;178;832;832;236;;;1;1;;;;;;2;2;2.8;0.8
DOULEUR;2014;940000599;940110042;;0;0;221;0;;0;;;;;;0;0;221;0;;2;;1;;0;0;0;0;;0.16;;0.1;
DOULEUR;2014;940000649;940150014;Consultation;;356;356;117;107;0;21;;;1;;593;206;1697;612;237;2;1;4;;;;;;;1;0.4;2.7;
DOULEUR;2014;940000664;940160013;Centre;1500;1425;1455;1202;;0;795;2;1;3;2;;;2270;;;4;4;0;0;;;171;;;3.1;2.1;3;2
DOULEUR;2014;940100027;750712184;;10;53;190;140;130;0;28;2;;1;1;181;72;4068;2513;1500;16;1;4;;0;0;5;0;0;7.2;0.5;2.35;1
DOULEUR;2014;940100043;750712184;;477;2369;2304;;;7;25;2;1;3;1;;95;250;654;200;3;1;4;2;;;363;203;126;2.6;1.6;5.4;2.4
DOULEUR;2014;940100068;750712184;;;;438;;;0;;;;;;;;181;;;1;1;;;;;;;;0.6;0.6;;
DOULEUR;2014;950000307;950110015;Centre;;72;;778;458;0;44;1;1;1;0;417;2002;;;;1;1;4;1;;9;;;;1.2;1.2;2.5;0.6
DOULEUR;2014;950000323;950013870;Consultation;225;338;206;533;533;0;;;;;;34;14;360;162;162;3;;;;;;;;;0.32;;0.92;
DOULEUR;2014;950000331;950110049;Consultation;;;12;;;0;22;1;;;;354;147;1063;354;146;;;;;;;;;;0.5;;;
DOULEUR;2014;970100442;970100228;Consultation;43;180;292;180;150;0;0;3;3;6;5;7;157;1450;505;264;0;0;0;0;0;5;1;5;;1.5;1.5;3;2.5
DOULEUR;2014;970211215;970211207;Centre;8;23;79;;;0;56;;;3;;347;142;1270;299;122;2;2;2;;;;;;;1.9;1.9;4.6;
DOULEUR;2014;970400024;970408589;Consultation;7;3;369;183;91;0;;1;1;2;1;306;;1417;597;308;1;;2;2;;1;138;40;35;1.03;1;3;2
DOULEUR;2014;970400065;970421038;Consultation;;;;;;0;7;0;0;0;0;463;;1162;343;210;2;2;2;0;1;;6;;;0.38;0.38;1.35;0
DOULEUR;2014;970400081;970408589;Consultation;;;;;;0;19;;;2;1;358;744;2191;867;348;3;2;2;1;;;;;49;1.3;1.2;2.8;1.5
DOULEUR;2014;970462107;970400305;Centre;;;;;;1224;;2;;;;;;;;;;;;;;;;;;2;;;
