BOR;AN;FI;FI_EJ;ANTGEO;NB_ANT;FI1;FI2;FI3;POP;EMSP;EQDOU;TELESUR;TELECONS;INDOM;ASTR;CONVPER;CONV;AUTMED;PLAMED;AUTOBS;PLAOBS;AUTSSR;PLASSR;AUTCAN;PLACAN;PLATOT;SEJ_HAD;SEJ_PER;SEJ_PAL;SEJ_CAN;JOU_HAD;JOU_PER;JOU_PAL;JOU_CAN;FIL_HAD;FIL_PER;FIL_PAL;FIL_CAN;P80_HAD;P80_PAL;P80_CAN;PMS_HAD;PMS_PER;PMS_PAL;PMS_CAN
HAD;2014;010000024;010780054;0;;;;;241000;1;0;0;0;1;1;;;1;;0;;1;;1;;40;480;0;137;190;12184;0;4585;2044;240;0;110;54;69;33;7;20;0;9;0
HAD;2014;010005379;690006598;0;;;;;;0;0;0;0;1;1;0;0;1;60;1;60;1;60;1;60;60;242;0;67;39;11793;0;2779;1315;154;0;56;19;46;22;3;8;0;3;0
HAD;2014;020000089;020000022;0;;;;;37785;0;0;0;0;1;0;0;0;1;15;0;;0;;0;;15;125;0;52;1;5444;0;2206;14;72;0;35;1;35;20;0;4;0;3;0
HAD;2014;020000105;020000055;1;1;020000055;;;44000;0;0;0;0;1;0;0;0;1;15;0;;0;;0;;15;103;0;50;0;4078;0;2062;0;71;0;38;0;31;19;0;2;0;2;0
HAD;2014;020004297;020005179;0;;;;;;0;0;0;0;1;1;;;1;44;0;;0;;0;;44;301;0;106;4;9601;0;3574;43;149;0;72;2;42;17;0;6;0;1;0
HAD;2014;020010898;750721334;0;;;;;54000;0;0;0;0;1;0;0;0;1;25;0;;0;;0;;25;140;3;25;16;3879;57;562;614;80;3;13;8;22;5;2;0;0;0;0
HAD;2014;020011698;020006318;0;;;;;83086;1;1;0;0;1;0;0;0;1;20;0;0;0;0;0;0;20;180;2;59;8;4281;53;1171;130;97;1;28;4;33;8;0;4;0;1;0
HAD;2014;020014767;590805065;0;;;;;300000;0;0;0;0;1;0;0;0;1;40;0;;0;;0;;40;296;0;46;0;10882;0;903;0;163;0;32;0;55;14;0;7;0;3;0
HAD;2014;030000061;030780092;1;1;030000061;;;;1;1;0;0;1;1;0;0;1;16;0;;0;;0;;16;305;0;11;5;4791;0;89;43;230;0;11;5;55;2;1;8;0;1;0
HAD;2014;030000079;030780100;0;;;;;127571;1;1;0;0;1;1;;;;;;;;;;;30;249;0;61;9;3949;0;889;37;157;0;49;2;43;23;0;16;0;15;0
HAD;2014;030000087;030780118;1;2;;;;230000;1;1;0;0;1;0;0;0;1;50;0;;0;;0;;50;557;0;151;72;16752;0;4299;2073;351;0;102;41;81;25;5;37;0;8;1
HAD;2014;050007368;050007343;0;;;;;172454;0;0;0;0;1;1;;;1;38;;;;;;;38;283;1;95;14;10452;12;2925;245;201;1;69;8;64;35;0;13;0;6;0
HAD;2014;060000478;060780897;0;;;;;;1;1;0;0;1;0;0;0;1;15;0;;0;;0;;15;95;0;21;1;3995;0;374;3;69;0;14;1;19;5;0;6;0;0;0
HAD;2014;060000544;060780988;0;;;;;184000;0;0;0;0;1;0;0;0;1;20;0;;0;;1;20;20;293;0;77;33;5376;0;1186;793;93;0;31;7;38;14;0;0;0;0;0
HAD;2014;060006558;060798865;0;;;;;;0;0;;;1;0;0;0;1;30;0;;0;;0;;30;277;0;56;30;8974;0;854;387;206;0;49;8;74;28;0;20;0;10;0
HAD;2014;060785243;060001484;0;;;;;;1;1;0;0;1;0;1;1;1;150;;;;5;;5;160;1208;0;395;43;52206;0;8631;1273;838;0;313;36;431;171;7;140;0;53;0
HAD;2014;070000609;070005566;0;;;;;80000;1;1;0;0;1;1;0;0;1;24;0;;0;;0;;24;277;0;130;12;7334;0;2958;199;178;0;99;8;52;32;2;11;0;8;0
HAD;2014;080008279;080001969;0;;;;;65527;1;0;0;0;1;1;;;1;18;;;;;;;18;181;0;99;5;6014;0;2873;63;99;0;61;5;41;28;0;3;0;0;0
HAD;2014;080010267;080010242;0;;;;;218000;0;0;0;0;1;1;;;1;50;0;;0;;0;;50;288;0;134;0;11830;0;4056;0;174;0;82;0;50;21;0;1;0;0;0
HAD;2014;090000175;090781774;0;;;;;80000;0;0;0;0;1;1;;;1;30;1;8;0;;0;;38;481;227;93;68;9166;1960;2496;421;350;210;75;11;43;22;0;9;0;5;0
HAD;2014;090002478;090002429;0;;;;;34117;1;1;0;1;1;0;1;0;1;20;0;;0;;0;;20;182;0;58;5;5577;0;1365;78;146;0;46;5;71;29;0;12;0;5;0
HAD;2014;100007699;100006279;0;;;;;69767;1;1;0;0;1;1;;;1;40;0;;0;;0;;40;466;0;22;6;4513;0;421;55;168;0;17;6;78;8;0;48;0;3;0
HAD;2014;100008903;100007335;0;;;;;261900;0;0;0;0;1;1;;;1;45;0;;0;;0;;45;1145;0;225;1;15314;0;7601;51;277;0;136;1;63;40;0;5;0;2;0
HAD;2014;110000247;110780772;0;;;;;39315;1;1;0;0;1;1;0;0;1;;1;;1;;1;;10;91;0;31;17;2429;0;696;188;58;0;21;6;21;11;1;2;0;0;0
HAD;2014;110005048;110000114;0;;;;;115135;1;0;0;0;1;1;;;1;16;1;16;0;;1;16;16;179;0;50;0;4621;0;968;0;111;0;34;0;22;7;0;6;0;0;0
HAD;2014;110005394;750047367;0;;;;;190000;1;1;0;0;1;1;;;1;45;;;;;;;45;227;0;122;19;8239;0;4351;679;155;0;84;14;42;21;2;11;0;3;1
HAD;2014;120783618;120784616;0;;;;;;;;;;;;;;1;64;1;10;;;;;64;721;111;100;13;24417;2041;2705;220;534;100;78;10;177;26;2;38;0;4;0
HAD;2014;130000409;130041916;0;;;;;;1;1;0;0;1;1;;;1;8;;;;;1;8;8;81;0;39;16;2581;0;944;374;52;0;28;12;4;2;1;0;0;0;0
HAD;2014;130000565;130781446;0;;;;;90439;0;0;0;0;1;1;;;1;20;0;;0;;0;;20;172;57;13;47;4221;1338;261;841;109;45;12;13;27;10;4;19;0;5;0
HAD;2014;130001647;130784127;0;;;;;;0;0;0;0;0;1;;;1;20;;;;;1;20;20;2078;0;0;2035;9660;0;0;9013;361;0;0;338;36;0;34;0;0;0;0
HAD;2014;130002215;130785512;0;;;;;154127;0;0;0;0;1;0;0;0;1;10;1;4;1;4;1;2;20;111;0;29;16;3268;0;663;454;54;0;19;7;26;11;2;6;0;2;0
HAD;2014;130021488;130021439;0;;;;;;1;1;0;0;1;0;1;0;1;40;0;;0;;0;;40;242;0;46;10;9447;0;1062;352;182;0;37;8;107;21;2;72;0;13;0
HAD;2014;130021819;130021769;0;;;;;560000;1;0;0;;1;;;1;;60;0;;0;;0;;60;442;0;112;44;16171;0;2153;1402;319;0;85;25;124;46;3;51;0;19;0
HAD;2014;130022619;130810161;0;;;;;105200;1;0;0;0;1;0;0;0;1;40;1;40;0;;1;40;40;133;0;37;2;3169;0;631;19;100;0;29;2;49;17;0;8;0;3;0
HAD;2014;130024458;130804396;0;;;;;;0;0;0;0;1;1;0;0;1;40;;;;;;;40;333;0;133;9;14462;0;4918;386;239;0;102;8;154;62;0;82;0;27;0
HAD;2014;130782071;130002454;0;;;;;141287;1;0;0;0;1;1;;;1;25;0;;0;;0;;25;216;0;26;16;10625;0;854;476;139;0;22;16;66;13;3;40;0;8;0
HAD;2014;130783236;130786049;0;;;;;;;;;;;;;;;;;;;;;;50;766;204;20;100;18174;3112;813;1766;496;170;16;31;65;4;16;15;0;0;1
HAD;2014;130785652;130014228;0;;;;;188655;1;1;0;0;1;0;0;0;1;10;1;10;0;;1;10;30;567;15;61;273;11552;345;1181;808;234;13;51;36;122;39;11;42;0;19;0
HAD;2014;130802143;130804396;0;;;;;;0;0;0;0;1;1;0;0;1;60;;;;;;;60;385;0;145;26;17667;0;5072;476;244;0;86;11;118;37;0;24;0;6;0
HAD;2014;130809015;130001928;0;;;;;850000;0;0;0;0;1;0;0;0;1;25;;;;;;;25;210;0;75;1;8259;0;2366;34;172;0;72;1;135;57;1;137;0;56;0
HAD;2014;140000027;140000035;1;2;610780157;;;;1;1;0;0;1;1;;;1;;1;;1;;1;;42;496;0;113;22;11578;0;2673;298;312;0;98;12;136;45;1;27;0;14;1
HAD;2014;140000076;140000084;0;;;;;45000;0;0;0;0;1;1;;;1;12;0;;0;;0;;12;100;0;76;0;3012;0;2234;0;74;0;59;0;29;23;0;17;0;13;0
HAD;2014;140000209;140000100;0;;;;;;1;0;0;0;1;1;;;;5;0;;0;;0;;5;112;19;0;0;1406;211;0;0;97;18;0;0;0;0;0;0;0;0;0
HAD;2014;140000233;140000118;0;;;;;67000;1;1;0;0;1;1;;;1;12;0;;0;;0;;12;165;0;65;11;3439;0;1079;137;109;0;55;5;43;25;0;10;0;5;1
HAD;2014;140000258;140000415;0;;;;;;0;0;0;0;1;1;;;1;14;1;1;0;0;0;0;15;174;5;61;2;6702;131;1228;57;123;4;55;2;38;25;0;23;0;15;0
HAD;2014;140000373;140000159;1;3;140000373;500021282;500021274;;1;1;0;0;1;1;;;1;16;;;;;;;16;136;0;61;6;4705;0;2204;227;94;0;42;4;43;23;2;2;0;0;0
HAD;2014;140002619;750721334;0;;;;;300000;1;1;0;0;1;0;1;1;0;;0;;0;;0;;60;518;0;120;12;16884;0;1930;193;378;0;109;9;148;47;0;49;0;14;0
HAD;2014;140016155;140027426;0;;;;;86810;1;1;0;1;1;1;;;1;40;0;;0;;0;;40;269;0;137;10;13510;0;4219;458;178;0;89;10;73;41;1;13;0;8;0
HAD;2014;150000040;150780096;0;;;;;;1;1;0;0;1;0;1;0;;;;;;;;;10;261;0;14;129;3204;0;208;431;97;0;9;13;31;3;3;8;0;0;0
HAD;2014;160002036;160009908;0;;;;;382363;1;;0;0;1;0;0;0;1;90;0;;0;;0;;90;999;86;293;122;29610;1377;8572;3311;634;78;216;84;182;76;22;22;0;3;0
HAD;2014;170000087;170023279;0;;;;;363102;0;0;0;0;0;0;1;0;1;85;1;;1;;1;;85;701;0;328;4;16493;0;9849;243;388;0;220;3;96;52;1;20;0;4;1
HAD;2014;170000103;170780175;1;3;170000095;170000038;170000129;288802;1;0;0;0;0;0;0;0;1;72;0;;1;;1;;72;369;0;187;16;10103;0;4308;101;261;0;153;8;74;45;1;19;0;10;0
HAD;2014;170021661;170020432;0;;;;;185552;1;0;0;0;0;1;;;1;0;;;;;;;0;125;0;45;2;3382;0;1015;81;96;0;36;2;30;9;0;4;0;2;0
HAD;2014;180000010;180000028;1;1;180000010;;;170000;1;1;0;0;1;1;1;;1;22;0;;0;;0;;22;251;0;97;12;9276;0;2134;299;146;0;64;8;42;20;0;8;0;2;0
HAD;2014;180008278;750047367;0;;;;;180000;1;1;0;0;1;1;;;1;43;0;;0;;0;;43;175;0;80;7;9251;0;3516;400;132;0;67;6;36;21;1;10;0;4;0
HAD;2014;190000026;190000059;0;;;;;249856;1;0;1;0;0;0;0;0;1;35;;;;;;;35;368;0;190;32;9426;0;4339;492;263;0;159;15;110;75;1;59;0;48;1
HAD;2014;190010629;190010579;0;;;;;;1;0;0;0;0;1;;;1;60;;;0;;0;;60;1425;0;118;1142;10319;0;3109;2811;325;0;98;137;78;38;21;3;0;2;1
HAD;2014;210003059;210987400;0;;;;;325000;1;1;0;0;1;1;;;1;43;1;43;0;;0;;43;373;0;145;6;12901;0;3517;138;217;0;107;3;76;48;0;19;0;14;0
HAD;2014;210780789;210003208;0;;;;;250000;1;0;0;0;1;1;;;1;30;0;;0;;0;;30;216;0;101;5;6474;0;2736;22;144;0;73;5;48;35;0;18;0;13;0
HAD;2014;210987657;210780714;0;;;;;105000;1;1;0;0;1;1;;;1;20;0;;0;;0;;20;139;0;37;16;4145;0;1020;270;91;0;22;9;24;8;2;0;0;0;0
HAD;2014;210987731;210780417;0;;;;;;1;1;0;0;1;1;0;0;0;;0;;0;;1;12;12;440;0;114;326;5368;0;2557;2066;107;0;56;51;13;5;9;0;0;0;0
HAD;2014;220000368;220000103;1;1;220000368;;;110500;1;1;0;0;1;1;;;1;25;1;2;0;;0;;27;291;36;80;19;7595;462;1953;396;243;35;70;14;66;22;2;5;0;1;0
HAD;2014;220000541;220000152;0;;;;;;;;;;;;;;1;5;;;;;;;5;117;0;60;9;3057;0;2061;346;87;0;50;3;33;0;0;4;0;0;0
HAD;2014;220019616;220019608;0;;;;;;1;0;0;0;1;1;;;1;30;0;;0;;0;;30;351;0;143;18;9066;0;2922;311;279;0;117;16;94;41;0;20;0;8;0
HAD;2014;220020341;350000626;1;4;350044772;290033679;560022188;;0;0;0;0;1;1;;;1;20;0;;0;;0;;20;155;0;70;1;4474;0;1579;10;114;0;54;1;43;23;0;14;0;10;0
HAD;2014;230782617;750000218;1;2;230782617;;;122000;0;0;0;0;1;0;1;0;0;;0;;0;;0;;25;310;0;78;115;7912;0;2706;477;146;0;61;23;35;17;6;4;0;1;1
HAD;2014;240000489;240000117;0;;;;;119806;1;1;0;0;0;0;1;0;1;12;1;6;1;5;0;0;23;215;0;72;35;9104;0;2216;477;134;0;48;11;46;17;6;10;0;2;0
HAD;2014;240000687;240000448;0;;;;;;0;0;0;0;1;1;;;1;;0;;1;;1;;30;92;0;30;4;2827;0;705;33;74;0;24;4;32;9;0;12;0;2;0
HAD;2014;240011668;240000612;0;;;;;;0;0;0;0;1;1;;;1;30;0;;0;;0;;30;270;1;103;10;6134;10;1686;281;197;1;87;8;79;45;1;11;0;3;0
HAD;2014;250012069;250017803;0;;;;;121039;1;0;0;0;1;0;1;0;0;;0;;0;;0;;30;112;0;29;2;4224;0;559;70;89;0;26;2;27;8;0;13;0;3;0
HAD;2014;250012838;250017803;0;;;;;227067;0;0;0;0;1;0;1;0;0;;0;;0;;0;;15;465;464;0;0;3319;3310;0;0;456;455;0;0;0;0;0;0;0;0;0
HAD;2014;250016037;250017803;0;;;;;324726;1;1;0;0;1;0;0;0;0;;0;;0;;0;;25;271;0;99;2;12588;0;4437;14;185;0;77;1;25;9;0;2;0;2;0
HAD;2014;250016045;250017803;0;;;;;222939;1;0;0;0;1;0;1;0;0;;0;;0;;0;;25;352;98;109;0;13232;624;3740;0;257;83;79;0;42;19;0;8;0;4;0
HAD;2014;260000138;260000047;0;;;;;182337;1;0;0;0;1;0;1;0;1;22;0;0;0;0;0;0;22;306;0;87;27;9208;0;2090;339;192;0;75;23;54;29;3;8;0;4;0
HAD;2014;260000146;260000054;1;4;260000146;;;480000;1;0;0;0;1;1;;;1;170;;;0;;0;;170;1580;405;566;129;56237;4179;19628;3683;1211;377;471;77;294;201;13;39;0;27;0
HAD;2014;270000441;270000110;0;;;;;;0;0;0;0;1;1;1;0;1;16;1;16;1;16;1;16;16;100;0;32;4;3456;0;586;88;78;0;27;4;29;8;1;16;0;6;0
HAD;2014;270016058;270016009;0;;;;;220000;1;1;0;0;1;1;;;1;52;;;;;;;52;305;0;123;52;9786;0;3921;916;171;0;89;18;59;31;0;7;0;3;1
HAD;2014;270019649;270019508;1;2;270019649;;;140000;1;0;0;0;1;1;0;0;1;27;1;3;;;;;30;282;0;92;28;7556;0;1854;222;188;0;66;10;61;26;3;7;0;0;1
HAD;2014;280001678;450011150;0;;;;;30;1;1;0;0;1;1;0;0;1;20;1;5;0;;1;5;30;921;565;89;128;11250;4398;2081;668;709;545;58;15;47;21;5;7;0;3;0
HAD;2014;280003898;450011150;0;;;;;20;1;1;0;0;1;1;0;0;1;10;1;5;0;;1;5;20;103;46;11;0;1737;330;341;0;82;45;10;0;22;7;0;2;0;0;0
HAD;2014;280003948;450011150;0;;;;;20;1;1;0;0;1;1;0;0;1;10;1;5;0;;1;5;20;146;47;33;39;2651;318;594;243;86;46;17;4;4;0;1;1;0;1;0
HAD;2014;290000025;290020700;0;;290000025;;;300345;1;1;0;0;1;0;1;0;1;25;1;5;0;;1;5;35;446;72;109;63;7587;433;2762;63;292;72;87;6;43;12;0;4;0;0;0
HAD;2014;290000140;290000447;1;1;290000140;;;;0;0;0;0;1;1;;;1;55;0;0;0;0;1;5;60;826;0;151;78;18297;0;2863;937;527;0;116;28;142;60;6;74;0;39;0
HAD;2014;290032838;290032820;0;;;;;;1;;0;0;1;1;;;1;30;0;;0;;0;;30;272;0;61;19;7303;0;1247;574;167;0;58;15;46;22;1;31;0;20;0
HAD;2014;290033679;350000626;1;4;350044772;220020341;560022188;;1;0;0;0;;;;;1;20;0;;0;;0;;20;104;0;41;0;3214;0;967;0;79;0;36;0;33;16;0;12;0;1;0
HAD;2014;2A0001988;2A0001848;0;;;;;80000;1;0;0;0;1;1;;;1;20;0;;0;;0;;25;206;0;94;5;8077;0;4096;371;130;0;64;3;63;33;1;11;0;8;0
HAD;2014;2A0002614;2A0002606;0;;;;;;0;0;0;0;1;1;0;0;;;;;;;;;25;176;0;50;6;4600;0;1292;278;73;0;32;5;16;12;1;5;0;5;0
HAD;2014;2B0000038;2B0004246;0;;;;;;;;;;;;;;1;10;;;1;5;1;5;20;22;0;13;2;886;0;413;191;18;0;10;2;9;6;0;0;0;0;0
HAD;2014;2B0001739;2B0001689;1;1;2B0001739;;;;0;0;0;0;1;1;;;1;;1;;1;;1;;;343;1;34;26;11323;1;1677;2600;233;1;31;19;103;21;2;8;0;0;0
HAD;2014;2B0003289;2B0003198;0;;;;;;1;0;0;0;1;1;;;1;35;0;;0;;0;;35;268;0;146;44;9539;0;5422;1002;165;0;99;24;64;40;0;11;0;5;0
HAD;2014;300000031;300780053;1;3;300000031;300000056;300000064;;1;0;0;0;1;1;;;1;13;0;;0;;0;;13;112;0;46;0;4234;0;981;0;74;0;28;0;21;9;0;10;0;3;0
HAD;2014;300000056;300780079;0;;;;;20000;1;0;0;0;1;1;;;1;5;0;;0;;1;;5;47;;;;1597;;;;20;;;;;;;2;;;
HAD;2014;300000064;300780087;0;;;;;93000;1;1;0;0;1;1;;;1;8;0;;1;8;1;8;8;99;0;49;3;3133;0;1204;93;71;0;33;2;11;7;0;14;0;6;0
HAD;2014;300012309;340784933;0;;;;;;0;0;0;1;1;1;;;;;;;;;;;30;342;0;148;19;15913;0;6513;550;247;0;126;10;84;50;2;16;0;15;0
HAD;2014;300013745;340784933;0;;;;;100000;1;1;0;1;1;1;;;;;;;;;;;30;162;0;56;6;7317;0;1735;590;116;0;44;5;42;16;0;12;0;5;0
HAD;2014;300013778;300013760;0;;;;;380000;1;0;0;0;;;;;;30;0;;0;;0;;30;223;0;126;6;10418;0;6832;61;173;0;104;3;92;69;0;13;0;11;0
HAD;2014;300013786;300780038;1;2;300013786;300782117;;130689;1;0;0;0;1;1;;;1;20;0;;0;;;;20;179;0;73;13;5237;0;1654;322;122;0;59;9;33;17;1;10;0;3;0
HAD;2014;300782117;300780038;1;2;300782117;300013786;;310000;1;1;0;0;1;1;;;1;25;1;5;;;;;30;328;72;66;8;8170;1100;1500;178;250;58;59;6;64;26;1;6;0;4;0
HAD;2014;310000310;310780671;0;;;;;80000;1;1;0;0;1;1;;;1;20;0;;0;;0;;20;230;0;78;41;7752;0;2664;1479;171;0;64;27;58;20;6;16;0;2;0
HAD;2014;310005459;310021886;1;1;310005459;;;900000;0;0;0;0;1;1;0;0;0;;0;;0;;0;;100;1378;208;200;483;27219;4511;5418;2284;698;186;148;82;105;34;19;14;0;0;0
HAD;2014;310016977;310781406;0;;;;;;1;1;0;0;1;1;;;1;10;;;;;;;10;278;266;1;0;3134;2069;13;0;250;243;1;0;0;0;0;0;0;0;0
HAD;2014;310780259;310000096;1;2;310780259;310780259;;828024;1;1;0;0;1;1;0;0;1;55;0;;0;;1;5;60;937;0;248;286;19093;0;5589;1572;547;0;223;71;148;77;3;0;0;0;0
HAD;2014;320004328;750721334;0;;;;;196930;1;0;0;0;1;1;;;1;30;0;;0;;0;;30;207;0;30;1;3516;0;520;15;107;0;20;1;30;4;0;2;0;1;0
HAD;2014;330000332;330780545;0;;;;;329000;1;1;0;0;1;1;0;0;1;64;0;;0;;1;1;65;517;0;162;24;19852;0;5451;99;312;0;113;5;106;32;1;20;0;10;0
HAD;2014;330000340;330780552;0;;;;;933266;1;0;0;0;1;0;1;0;1;180;1;15;0;;1;5;200;2743;230;471;890;60042;5511;14192;1961;1206;188;322;126;264;121;8;42;0;12;1
HAD;2014;330000589;330027509;0;;;;;128000;1;0;0;0;1;1;;;1;30;1;10;0;;1;;40;448;158;120;24;12015;3073;2771;303;336;131;76;16;71;30;2;10;0;2;0
HAD;2014;330025958;330025859;0;;;;;316807;1;0;0;0;1;0;0;0;1;90;0;;0;;0;;90;467;1;194;2;15701;10;6091;114;313;1;135;2;112;53;1;36;0;18;1
HAD;2014;340016476;340016468;0;;;;;;0;0;0;1;1;1;;;1;15;;;;;;;15;213;0;112;15;7684;0;3680;451;164;0;92;7;49;29;1;0;0;0;0
HAD;2014;340017839;340784933;;;;;;;;;;;;;;;;;;;;;;;30;242;0;99;0;9840;0;4046;0;186;0;85;0;73;42;0;42;0;25;0
HAD;2014;340017847;340018175;0;;;;;;0;0;0;1;1;1;;;1;30;;;;;0;;30;208;0;95;4;5644;0;2827;24;164;0;82;3;73;35;0;23;0;13;0
HAD;2014;340019173;340019165;0;;;;;126884;0;0;0;0;1;0;1;0;0;;0;;0;;0;;30;78;0;26;1;2969;0;944;56;54;0;20;1;24;13;1;12;0;4;0
HAD;2014;340021211;340780055;1;1;340016476;;;286000;0;0;0;0;1;1;;;1;10;;;;;1;5;15;255;0;41;131;4180;0;868;1079;112;0;34;18;46;15;8;10;0;4;1
HAD;2014;340780154;340000116;0;;;;;;1;0;0;0;1;1;;;1;40;0;;0;;0;40;80;238;0;65;15;14572;0;2653;524;152;0;56;8;60;23;2;32;0;9;0
HAD;2014;340782036;340780477;0;;;;;260000;1;1;0;0;1;1;;;1;55;1;5;0;;;;60;594;60;105;75;16157;1806;2512;937;371;56;93;24;93;34;4;0;0;0;0
HAD;2014;350042628;350042578;1;5;350042628;;;900000;0;0;0;0;1;1;;;1;130;1;10;;10;0;;150;1297;146;388;63;37779;3660;10534;958;828;120;311;22;251;132;4;142;0;73;0
HAD;2014;350044772;350000626;1;4;290033679;220020341;560022188;;1;0;0;0;1;1;;;1;40;0;;0;;0;;40;389;0;173;46;11731;0;4375;995;273;0;133;32;97;48;3;34;0;12;0
HAD;2014;360000137;360000053;1;3;360000137;360000160;360000103;232791;1;1;0;0;1;1;;;;7;1;6;1;6;1;6;25;276;0;95;6;5805;0;2048;78;202;0;72;2;61;23;0;8;0;4;0
HAD;2014;370009938;370001299;0;;;;;605819;1;0;0;0;1;1;;;1;60;1;10;0;;1;4;75;1356;495;327;28;25769;3234;8442;460;947;489;245;13;176;117;2;59;0;29;0
HAD;2014;370103673;370001638;1;3;370010258;370010308;370010399;554903;1;1;0;0;1;1;;;1;104;0;;0;;1;20;104;657;1;288;0;24074;5;7733;0;403;1;197;0;118;74;0;34;0;17;0
HAD;2014;380000067;380780080;0;;;;;556571;1;1;0;0;1;1;;;1;66;1;16;0;;0;;82;1408;330;118;209;22764;4756;3146;740;713;229;89;30;105;29;3;15;0;4;0
HAD;2014;380000174;380781435;0;;;;;190640;1;1;0;0;1;1;;;1;30;0;;0;;0;;30;619;362;111;19;10854;1210;3667;511;552;362;93;13;72;43;0;12;0;8;0
HAD;2014;380007468;380017723;;;;;;;;;;;;;;;1;30;;;;;;;30;214;0;32;33;4218;0;630;413;92;0;26;10;26;8;1;14;0;2;1
HAD;2014;390004349;390004299;0;;;;;265120;1;0;0;0;1;1;;;;;;;;;;;40;415;3;172;21;15424;73;5202;583;257;1;129;10;84;53;1;27;0;16;0
HAD;2014;400008199;400008108;0;;;;;150000;0;0;0;0;;;;;1;45;;;;;;;45;389;0;171;5;14013;0;6971;28;230;0;118;3;72;37;0;29;0;12;0
HAD;2014;400780888;400000535;0;;;;;220000;0;0;0;0;1;1;0;0;0;;0;;0;;0;;160;800;0;280;27;50790;0;9189;843;574;0;231;20;284;108;1;37;0;22;0
HAD;2014;410005003;370001299;1;2;410008163;410008171;;326291;1;0;0;0;1;1;;;1;87;0;;0;;1;2;100;1000;0;340;13;32449;0;11286;98;498;0;243;6;184;110;1;70;0;38;0
HAD;2014;420000010;420780033;1;5;420000010;;;;1;0;0;0;1;1;1;0;1;20;0;0;1;1;1;17;38;222;0;84;36;8442;0;2956;974;144;0;67;17;38;23;1;5;0;0;0
HAD;2014;420002479;420002438;0;;;;;;0;0;0;0;1;1;;;0;;0;;0;;0;;30;979;100;387;124;39987;1719;15158;5234;643;83;294;79;158;92;11;68;1;38;1
HAD;2014;420010258;420010209;1;1;420010258;;;441214;1;1;0;0;1;1;;;1;30;0;;0;;0;;;441;0;220;24;23068;0;12816;706;348;0;181;19;151;93;1;12;0;11;0
HAD;2014;420010308;420010209;1;1;420010308;;;56775;1;1;0;0;1;1;;;1;25;0;;0;;0;;;90;0;34;6;5755;0;3059;87;71;0;29;4;31;19;0;8;0;5;0
HAD;2014;420013005;690007182;0;;;;;649000;1;1;0;0;1;1;0;0;1;;0;;1;;0;;;135;3;18;1;3043;23;453;11;73;2;6;1;0;0;0;0;0;0;0
HAD;2014;430000117;430000018;1;2;430000117;430000117;;220000;0;1;0;0;1;1;;;1;20;0;;0;;1;20;20;197;0;43;9;5200;0;636;176;138;0;31;7;25;7;0;16;0;4;0
HAD;2014;440000271;440000289;0;;;;;;0;0;0;0;;;;;1;12;0;;0;;0;;12;324;11;8;165;7929;118;68;4019;132;10;5;46;0;0;0;0;0;0;0
HAD;2014;440012128;440003960;1;3;440012128;;;992080;0;0;0;0;1;0;1;0;1;164;0;;0;;0;;164;1735;15;569;41;48610;277;14015;969;1147;14;457;33;307;156;1;84;0;32;0
HAD;2014;440017440;440000057;1;1;440017440;;;326294;1;0;;;1;1;0;0;1;35;0;;0;;0;;35;471;1;180;15;9167;4;2227;373;407;1;177;13;148;93;1;68;0;45;0
HAD;2014;450005798;370001299;0;;;;;;1;0;0;0;1;1;;;1;42;1;5;0;;0;;47;1281;746;158;58;16076;780;4420;392;471;138;123;16;132;65;1;34;0;10;0
HAD;2014;450013719;450011150;0;;;;;30;1;1;0;0;1;1;0;0;1;20;1;5;0;;1;5;30;64;19;9;5;1495;184;159;59;56;18;8;2;8;2;0;0;0;0;0
HAD;2014;450014048;450011150;0;;;;;30;1;1;0;0;1;1;0;0;1;20;1;5;0;;1;5;30;118;50;11;13;2312;674;104;86;88;43;11;4;12;2;1;2;0;0;0
HAD;2014;450018528;450011150;0;;;;;30;1;1;0;0;1;1;0;0;1;20;1;5;0;;1;5;30;799;701;19;19;9053;6747;356;71;699;637;11;3;18;8;0;3;0;0;0
HAD;2014;450018536;370001299;0;;;;;650000;1;1;0;;1;1;0;0;1;90;1;10;;;;;105;1832;643;229;79;33507;3594;6159;402;1114;629;189;19;210;99;0;116;0;33;1
HAD;2014;460000102;460780208;0;;;;;;1;1;0;0;;;;;1;10;0;;1;10;0;;20;114;0;50;1;3189;0;868;13;92;0;44;1;56;27;0;35;0;17;0
HAD;2014;460000110;460780216;0;;;;;62263;1;1;0;0;1;0;1;0;1;18;0;;0;;1;5;18;297;46;58;30;5845;681;1296;238;208;42;43;6;67;22;0;29;0;9;0
HAD;2014;460006075;460006067;1;1;460006075;;;44000;0;1;0;0;1;1;;;1;15;0;;0;;0;;15;123;0;64;3;3543;0;1637;85;92;0;52;3;44;27;0;27;0;16;0
HAD;2014;460006091;460785090;0;;;;;46839;1;1;1;0;1;0;1;0;1;25;0;;0;;0;;25;103;0;35;2;3273;0;998;150;84;0;34;2;28;12;1;4;0;0;0
HAD;2014;470009358;470009309;1;3;470009358;470009358;470009358;330866;0;0;0;0;1;1;0;0;1;100;0;;0;;0;;100;673;1;274;17;26883;11;8534;491;477;1;216;9;168;86;0;67;0;32;1
HAD;2014;480001825;750047367;0;;;;;77000;1;1;0;0;1;1;;;1;18;;;;;;;18;87;0;34;0;3143;0;1054;0;59;0;28;0;22;10;0;9;0;1;0
HAD;2014;490000312;490012176;0;;;;;;1;1;0;0;1;0;0;0;1;;0;;1;;1;;90;893;0;252;74;22737;0;7535;627;426;0;188;19;117;63;8;24;0;14;0
HAD;2014;490016334;490016326;1;2;490016334;490016334;;268724;1;0;0;0;1;1;;;1;60;1;60;1;60;1;60;60;542;0;176;72;12856;0;3696;1117;371;0;136;43;127;61;11;55;0;30;1
HAD;2014;490016870;440048643;0;;;;;112000;0;0;0;0;1;0;0;0;1;38;0;;1;38;0;;38;377;0;167;8;15963;0;5333;218;251;0;128;6;117;60;2;15;0;6;0
HAD;2014;500000187;500000013;0;;;;;;1;1;0;0;1;0;1;0;1;32;1;32;1;32;;;32;341;1;192;0;8068;6;5088;0;229;1;128;0;83;47;0;26;0;5;0
HAD;2014;500000260;500000054;1;2;500000021;;;;;;0;0;1;0;0;0;1;20;;;;;;;20;307;0;55;0;4584;0;1112;0;163;0;48;0;53;20;0;14;0;4;0
HAD;2014;500000450;500000112;1;2;500000112;500000112;;;1;1;0;0;1;1;;;1;45;0;;0;;0;;45;516;0;236;7;13926;0;5666;101;358;0;183;6;139;80;0;33;0;13;0
HAD;2014;500021274;140000159;1;3;140000373;500021282;500021274;;0;0;0;0;1;1;;;1;5;;;;;;;5;43;0;15;0;1620;0;435;0;29;0;13;0;5;3;0;0;0;0;0
HAD;2014;500021282;140000159;1;3;140000373;500021282;500021274;;0;0;0;0;1;1;;;1;10;;;;;;;10;102;0;26;0;2420;0;970;0;54;0;19;0;19;9;0;1;0;0;0
HAD;2014;510002298;750721334;0;;;;;271034;1;1;0;0;1;1;;;1;25;0;;0;;0;;25;368;0;103;4;12807;0;3049;50;196;0;76;3;67;33;1;13;0;1;0
HAD;2014;510017098;510000060;0;0;;;;108000;1;0;0;0;1;1;;;1;30;0;;0;;0;0;30;249;0;55;2;7944;0;1968;353;137;0;33;2;47;13;1;26;0;4;0
HAD;2014;510019979;510019938;0;;;;;119589;1;1;0;0;1;1;;;1;30;0;;0;;0;;30;373;0;40;1;7004;0;872;13;218;0;31;1;66;10;0;6;0;5;0
HAD;2014;510020548;750047367;0;;;;;110000;1;1;0;0;1;1;;;1;27;;;;;;;27;179;0;89;3;6797;0;2357;264;123;0;70;3;44;26;1;11;0;3;0
HAD;2014;520003823;750047367;0;;;;;116000;1;1;0;0;1;1;;;1;28;;;;;;;28;175;0;83;8;7149;0;2626;166;102;0;49;4;25;15;1;1;0;0;0
HAD;2014;530000264;530000371;1;2;530000173;530000017;;150000;1;0;0;0;1;0;0;0;1;;0;;1;;1;;19;413;0;110;19;11996;0;2365;538;268;0;78;15;80;23;3;28;0;9;0
HAD;2014;540001096;570010181;0;;;;;;1;1;0;0;1;1;;;1;10;0;;0;;0;;10;109;0;41;5;3100;0;971;113;82;0;30;5;16;4;1;7;0;3;0
HAD;2014;540001104;540000882;0;;;;;;1;0;0;0;1;0;1;0;1;30;;;;;;;30;286;136;59;1;5903;2027;1016;11;229;114;54;1;46;29;0;16;0;13;0
HAD;2014;540010568;540010519;0;;;;;400000;0;0;0;0;1;1;0;0;1;25;1;10;0;;1;15;50;859;233;199;101;20536;4819;3656;862;610;205;156;25;84;42;3;23;0;3;0
HAD;2014;540020146;540006707;0;;;;;500000;0;0;0;0;1;1;1;0;1;30;0;;0;;0;;30;380;0;5;1;10332;0;177;3;334;0;5;1;194;3;0;4;0;0;0
HAD;2014;550000012;550006795;0;;;;;100000;1;1;0;0;1;1;;;1;7;1;6;1;1;1;1;15;304;98;54;5;4921;1507;880;70;241;83;40;3;41;12;1;1;0;1;0
HAD;2014;550000434;550003354;1;1;550000434;;;;1;1;0;0;1;1;0;0;1;25;0;;0;;0;;25;226;0;122;22;6302;0;2851;143;152;0;92;6;58;42;1;9;0;8;0
HAD;2014;560000192;560000044;0;;;;;77355;0;1;0;0;1;1;;;1;20;0;;0;;0;;20;156;0;91;15;4051;0;2435;352;100;0;60;13;36;20;3;8;0;3;0
HAD;2014;560008799;560013989;0;;;;;;1;1;0;0;1;1;;;1;;1;;1;;1;;80;739;113;405;14;27252;2176;16755;457;541;98;289;12;135;90;0;33;0;15;0
HAD;2014;560018509;560018459;1;1;560018509;;;285000;1;1;0;0;1;1;;;0;;0;;0;;0;;120;1379;261;453;;40469;1854;15025;;1047;260;367;;267;160;;56;0;39;
HAD;2014;560022188;350000626;1;4;350044772;290033679;220020341;;1;0;0;0;1;1;;;1;30;0;;0;;0;;30;234;0;91;29;7760;0;2434;1083;166;0;65;17;60;27;2;7;0;0;0
HAD;2014;570000091;750050759;0;0;;;;250000;1;0;0;0;1;;1;0;1;15;0;;0;;0;;15;204;0;74;1;5208;0;1754;67;169;0;61;1;29;19;0;8;0;6;0
HAD;2014;570000117;570015099;0;;;;;64417;1;0;0;0;1;1;;;1;10;;;;;;;10;130;0;19;3;2848;0;288;34;65;0;17;3;15;5;0;14;0;3;0
HAD;2014;570000281;570005165;0;;;;;217925;1;0;0;0;1;1;;;1;;1;;1;;1;;32;424;172;116;0;9047;2839;2809;0;313;145;89;0;36;26;0;12;0;9;0
HAD;2014;570000901;570000158;0;;;;;100404;1;0;0;0;1;1;;;1;12;0;;0;;0;;12;116;0;45;0;2592;0;950;0;93;0;40;0;21;10;0;0;0;0;0
HAD;2014;570000968;570000430;0;;;;;;0;0;0;0;1;1;;;1;10;0;;0;;0;;10;105;0;33;2;3717;0;853;10;85;0;30;1;40;16;0;25;0;10;0
HAD;2014;570001099;570023630;0;;;;;373000;0;0;0;0;1;1;;;1;38;0;;1;1;1;1;40;494;0;186;12;11377;0;3678;246;392;0;159;9;139;75;0;91;0;50;0
HAD;2014;580001899;750721334;0;;;;;209000;1;0;0;0;1;1;;;1;30;0;;0;;0;;30;181;0;45;2;5636;0;1941;40;93;0;34;2;23;11;0;6;0;1;0
HAD;2014;580972669;580780070;0;;;;;;0;0;0;0;1;;0;0;1;15;;;;;;;15;50;0;12;0;1781;0;461;0;34;0;10;0;15;6;0;8;0;3;0
HAD;2014;590025128;620001834;0;;;;;360000;0;0;0;0;1;;0;0;1;40;0;;0;;0;;40;777;0;259;199;13712;0;4442;1056;525;0;213;74;107;59;0;33;0;24;0
HAD;2014;590025458;590782652;0;;;;;182000;1;0;0;0;1;1;;;1;30;;;;;;;30;758;0;160;290;10820;0;3802;895;342;0;135;40;136;63;9;58;0;29;0
HAD;2014;590032108;590024469;0;;;;;;0;0;0;0;1;1;;;1;40;;;;;;;40;548;0;266;0;20012;0;7078;0;351;0;190;0;117;66;0;25;0;11;0
HAD;2014;590032199;590024469;0;;;;;;0;0;0;0;1;1;;;1;40;;;;;;;40;396;0;200;5;20230;0;8569;187;263;0;128;3;67;36;0;22;0;5;0
HAD;2014;590035838;590000485;0;;;;;240000;1;0;0;0;1;1;;;1;40;0;;0;;0;;40;331;0;126;4;11732;0;3087;180;255;0;109;4;65;33;1;11;0;3;0
HAD;2014;590043469;590024469;0;;;;;;0;0;0;0;1;1;;;1;45;;;;;;;45;536;0;156;4;24926;0;5077;76;343;0;105;2;88;28;1;29;0;10;0
HAD;2014;590045407;590780193;0;;;;;;1;0;0;0;0;0;0;0;1;60;0;;0;;0;;58;1383;527;72;337;20058;7635;1860;1391;812;430;60;64;41;7;14;9;0;2;1
HAD;2014;590046124;590799995;0;;;;;;0;0;0;0;1;1;;;0;;0;;0;;0;;30;336;0;100;0;11575;0;3501;0;245;0;76;0;50;17;0;16;0;4;0
HAD;2014;590048476;590046785;0;;;;;;1;0;0;0;0;0;0;0;1;45;0;;0;;0;;45;697;0;143;158;14191;0;2594;980;442;0;122;25;107;47;10;35;0;19;1
HAD;2014;590812509;590799995;0;;;;;;0;0;0;0;0;0;0;0;0;;0;;0;;0;;120;934;0;253;2;32776;0;7766;13;708;0;199;1;168;56;0;48;0;11;0
HAD;2014;600000194;600100713;1;2;600000152;600010094;;;1;1;0;0;1;0;0;0;1;20;0;;0;;0;;20;339;0;111;43;9504;0;2489;457;211;0;83;18;50;24;4;14;0;3;0
HAD;2014;600003008;600113278;0;;;;;400000;0;0;0;0;1;1;0;0;1;78;0;;0;;0;;78;631;19;156;54;30769;318;4123;1578;384;19;108;33;91;29;5;3;0;0;0
HAD;2014;600010102;600100721;0;2;600000285;600113476;;180149;1;1;0;0;1;0;0;0;1;43;0;;0;;0;;43;512;140;131;19;14030;2952;2869;822;332;120;91;12;66;31;3;16;0;6;0
HAD;2014;610000119;610780165;0;;;;;;1;1;0;0;1;0;1;0;1;15;0;;;;;;15;97;0;19;0;2058;0;318;0;77;0;19;0;22;6;0;2;0;0;0
HAD;2014;610004269;610787038;0;1;610004269;;;45000;1;1;0;0;1;0;1;0;1;20;0;;1;;1;;20;115;2;32;1;2868;0;867;21;76;0;25;1;29;9;1;2;0;0;0
HAD;2014;610005837;610005811;1;1;610007155;;;;1;1;0;0;1;1;;;1;19;;;;;;;19;175;0;91;7;4096;0;2148;56;122;0;62;5;48;26;0;3;0;3;0
HAD;2014;610006256;610006769;1;1;610006777;;;;1;0;0;0;1;0;1;0;1;30;0;;0;;0;;30;131;0;49;6;4805;0;1502;88;100;0;44;3;43;21;0;0;0;0;0
HAD;2014;610007155;610005811;1;1;610005837;;;;1;0;0;0;1;1;;;1;11;;;;;;;11;58;0;29;5;1183;0;686;82;39;0;21;3;11;4;0;3;0;0;0
HAD;2014;620003889;620003848;0;;;;;279783;1;0;0;0;;;;;;50;;;;;;;50;454;0;228;6;17190;0;8983;18;326;0;169;1;74;46;0;24;0;12;1
HAD;2014;620010348;620018473;1;1;620010348;;;283085;0;0;0;0;1;1;;;1;60;0;;0;;0;;60;909;307;227;32;30539;1551;9872;286;692;307;181;9;133;65;0;17;0;13;0
HAD;2014;620010389;590799995;0;;;;;285000;0;0;1;0;1;1;;;;;;;;;;;70;957;255;184;3;26322;3015;5317;225;656;234;148;3;123;55;0;19;0;4;0
HAD;2014;620013649;620013599;0;2;620013649;620013649;;280000;0;0;0;0;1;1;1;;;;;;;;;;75;803;0;403;15;31984;0;9750;319;574;0;310;6;222;129;1;50;0;33;0
HAD;2014;620105981;620000968;0;;;;;400000;1;1;0;0;1;0;0;0;1;106;0;;0;;0;;106;1018;0;451;4;38635;0;11285;218;699;0;356;3;228;145;2;37;0;19;0
HAD;2014;630008118;630011153;0;;;;;580000;1;1;0;0;1;1;0;;1;53;0;;1;;0;;70;287;0;118;29;17248;0;5167;863;187;0;88;21;71;30;3;7;0;0;0
HAD;2014;630010296;630001188;0;;;;;;1;0;0;0;1;1;;;;60;0;;0;;0;;60;960;0;150;48;20671;0;3092;1146;712;0;120;28;126;50;0;19;0;3;0
HAD;2014;630010528;630000990;0;;;;;;1;;0;0;1;0;1;0;1;30;0;;0;;0;;30;145;0;46;13;5741;0;1140;457;120;0;38;11;37;13;0;3;0;0;0
HAD;2014;640000162;640780417;0;;;;;;1;1;0;0;1;0;0;0;0;;1;12;0;;0;;12;445;445;0;0;3974;3974;0;0;369;369;0;0;0;0;0;0;0;0;0
HAD;2014;640000402;640780813;0;;;;;50000;1;1;0;0;1;0;0;0;1;30;0;;0;0;0;0;30;199;0;72;12;9614;0;3858;611;136;0;54;7;53;27;2;19;0;8;0
HAD;2014;640000600;640781290;0;;;;;190000;1;0;0;0;1;0;0;0;1;;0;;1;;1;;20;331;0;42;0;8413;0;1513;0;143;0;31;0;37;9;0;12;0;2;0
HAD;2014;640013298;640011508;0;;;;;66948;0;0;0;0;1;0;0;0;1;30;;;;;;;30;240;0;100;2;8657;0;2865;9;179;0;77;2;90;39;0;19;0;8;0
HAD;2014;640789699;640003570;0;;;;;310000;1;0;0;0;1;0;1;1;1;100;0;;0;;0;;100;627;0;226;22;40451;0;9304;647;399;0;159;5;156;68;1;46;0;15;0
HAD;2014;650001779;650001738;1;2;650001779;650001779;;228854;1;1;0;0;1;1;;;0;;0;;0;;0;;50;625;0;138;54;16874;0;4020;1040;394;0;115;26;159;50;6;32;0;12;0
HAD;2014;660000084;660780180;1;1;660000167;;;;1;1;0;0;1;1;;;1;45;1;15;1;30;1;30;60;448;86;108;6;12080;1615;3009;227;283;71;78;6;63;27;1;10;0;1;0
HAD;2014;660006172;660790379;0;0;;;;240000;1;0;0;0;1;0;1;0;1;45;;;;;;;45;208;0;92;6;6449;0;2354;273;173;0;77;4;63;36;0;8;0;2;0
HAD;2014;670005479;670000652;0;;;;;550000;1;0;0;0;1;0;1;0;1;100;;;;;;;100;579;0;204;2;24932;0;5663;73;370;0;134;2;102;37;0;38;0;3;0
HAD;2014;670008838;670000785;0;;;;;350000;1;0;0;0;1;0;0;0;1;60;0;;1;60;1;60;60;383;0;104;13;9195;0;2543;157;240;0;81;4;44;21;0;4;0;0;0
HAD;2014;670780113;670780055;0;;;;;477502;0;0;0;0;1;1;;;0;;1;18;0;;0;;18;464;464;0;0;6605;6605;0;0;399;399;0;0;0;0;0;0;0;0;0
HAD;2014;670798636;670014604;0;;;;;;;;;;;;;;1;25;0;;0;;0;;25;173;0;69;5;4862;0;1664;199;117;0;53;4;41;23;0;17;0;6;0
HAD;2014;680007648;680007598;0;;;;;375000;1;0;0;0;1;0;0;0;1;20;0;;1;20;1;20;60;436;0;173;14;12250;0;4015;271;315;0;130;8;70;38;3;12;0;4;0
HAD;2014;680017829;680017811;0;;;;;;1;0;0;0;1;1;;;1;60;0;;0;;0;;60;709;0;286;45;19353;0;7429;182;465;0;206;11;130;69;2;15;0;3;0
HAD;2014;690000880;690783220;0;;;;;1952727;1;1;0;0;1;1;0;0;;;0;;0;;1;190;190;2120;0;939;567;68582;0;32436;11422;1101;0;622;322;117;83;26;4;0;4;1
HAD;2014;690019799;690007182;0;;;;;;1;0;0;0;1;1;;;1;;0;;1;;0;;45;471;0;13;0;9778;0;828;0;109;0;7;0;0;0;0;0;0;0;0
HAD;2014;690788930;690001623;1;2;690007588;380008979;;2000000;1;;0;0;1;1;;;1;300;;;;;;;300;2448;0;823;368;107353;0;28667;9659;1458;0;655;168;494;294;23;59;0;26;1
HAD;2014;700000698;250017803;0;;;;;;1;1;0;0;1;0;1;0;0;;0;;0;;0;;25;185;0;88;5;11064;0;4155;246;123;0;64;3;28;17;0;2;0;0;0
HAD;2014;710010067;710780644;0;;;;;53439;;;0;0;1;1;;;1;10;;;;;;;10;118;0;53;21;4004;0;1063;326;68;0;36;5;23;14;0;0;0;0;0
HAD;2014;710780917;710000274;0;;;;;;1;1;0;0;1;1;;;1;25;0;;0;;0;;25;147;0;40;5;4133;0;1252;46;83;0;26;3;21;10;1;8;0;3;0
HAD;2014;710978263;710780958;0;;;;;145000;1;0;0;0;1;0;1;0;1;;1;;;;;;;195;25;36;2;3438;75;913;9;111;24;24;1;22;9;0;8;0;1;0
HAD;2014;710978289;710780263;0;;;;;100000;1;1;0;0;1;0;0;0;0;;0;;0;;0;;20;277;0;50;76;4645;0;1173;295;111;0;30;17;27;14;2;8;0;3;0
HAD;2014;710978347;710781204;0;;;;;150000;1;1;0;0;1;1;;;1;35;1;5;0;;0;;40;816;334;111;8;14755;2206;2779;243;599;320;77;6;82;25;0;16;0;3;0
HAD;2014;720000124;720000066;0;;;;;;;;0;0;;1;;;1;30;0;;1;30;0;;30;200;0;103;0;5977;0;2008;0;135;0;77;0;43;27;0;22;0;14;0
HAD;2014;720016856;720008390;1;3;720016856;;;450000;1;0;0;0;1;0;1;0;1;70;0;;1;5;0;;75;824;0;299;14;18088;0;8209;81;387;0;196;5;109;63;1;19;0;9;0
HAD;2014;730000031;730000015;0;;;;;;1;1;0;0;1;0;0;0;1;30;;0;;0;;;30;513;0;126;81;8360;0;2794;413;267;0;90;30;68;27;5;0;0;0;0
HAD;2014;730000049;730002839;0;;;;;129039;1;0;0;0;1;0;1;0;1;10;0;;0;;0;;10;102;0;19;30;1851;0;409;148;62;0;16;7;17;4;1;5;0;0;0
HAD;2014;730000080;730780103;0;;;;;41607;1;1;0;0;1;1;;;1;15;0;;0;;0;;15;198;0;67;55;5485;0;2195;1070;103;0;46;20;31;16;4;4;0;2;0
HAD;2014;740000237;740781133;0;;;;;279000;1;0;0;0;1;1;;;1;30;0;;0;;0;;30;388;0;119;142;8762;0;2680;1805;209;0;104;47;65;38;7;14;0;8;0
HAD;2014;740000302;740781133;0;;;;;132700;1;0;0;0;1;1;;;1;20;0;;0;;0;;20;195;0;37;64;3055;0;580;729;89;0;28;17;24;9;3;10;0;4;0
HAD;2014;740000328;740790381;0;;;;;;1;1;0;0;1;1;;;1;20;0;;0;;0;;20;520;0;84;296;5413;0;1671;885;191;0;58;46;44;22;1;9;0;5;0
HAD;2014;740010475;740000203;0;0;;;;290000;0;0;0;0;1;0;0;1;1;45;0;0;1;45;0;0;45;406;0;121;16;18361;0;3470;443;244;0;91;11;106;46;2;20;0;9;0
HAD;2014;740781141;740790258;0;;;;;200000;1;1;0;0;1;1;;;1;15;0;;0;;1;15;20;250;0;33;108;5034;0;538;2090;102;0;28;25;21;6;4;9;0;2;1
HAD;2014;740781224;740001839;0;;;;;110000;0;0;0;0;1;1;;;1;15;1;3;0;;0;;18;169;25;49;13;3703;498;916;229;115;20;44;7;31;20;1;5;0;3;0
HAD;2014;750042459;750712341;1;2;750042459;;;;0;0;0;0;1;1;;;1;285;;;;;;;285;7342;4865;675;527;98945;24895;21017;13682;6328;4818;501;213;400;212;34;128;0;48;0
HAD;2014;750806226;750712184;0;;;;;11850000;0;0;0;0;1;1;;;1;;1;;1;;1;;820;14284;3537;1370;4472;253654;48755;37930;27647;7383;3099;947;869;1110;410;206;157;0;36;14
HAD;2014;760000463;760024042;0;;;;;210000;1;0;0;0;1;1;;;1;30;0;;1;;1;;30;278;0;163;2;8708;0;3730;73;211;0;127;2;70;46;0;31;0;18;0
HAD;2014;760016659;760027359;0;;;;;182000;1;0;0;0;1;1;;;1;30;0;;0;;0;;30;256;0;104;2;8335;0;3094;35;146;0;57;2;39;18;0;5;0;1;0
HAD;2014;760020529;760000257;0;;;;;192200;0;0;0;0;1;;;;1;30;0;;0;;0;;30;284;0;141;19;8829;0;3046;243;171;0;102;4;53;34;0;5;0;2;0
HAD;2014;760021329;760000448;0;;;;;260000;0;0;0;0;1;0;1;0;1;25;0;;0;;0;0;25;309;0;100;1;6651;0;2384;42;184;0;83;1;47;28;0;22;0;15;0
HAD;2014;760027938;760027359;0;;;;;170000;1;0;0;0;1;1;;;1;30;0;;0;;0;;30;136;0;31;1;5453;0;1153;4;94;0;25;1;26;8;0;3;0;1;0
HAD;2014;760783035;750721334;0;;;;;;1;1;0;0;1;1;;;1;60;;;;;;;60;799;386;117;12;17019;1635;2461;460;707;382;93;9;131;51;1;15;0;17;0
HAD;2014;760805770;760780726;0;;;;;;;;;;;;;;0;;;5;0;;0;;5;546;546;0;0;2082;2082;0;0;535;535;0;0;0;0;0;0;0;0;0
HAD;2014;770000164;770110062;0;;;;;;1;;0;0;1;0;1;0;1;;1;;1;;;;30;227;1;26;4;3886;5;575;19;187;1;19;4;65;10;0;35;0;3;0
HAD;2014;770000446;770700185;1;2;770700185;770700185;;;0;0;0;0;0;0;0;0;;;1;3;;;;;3;424;424;0;0;2022;2022;0;0;369;369;0;0;0;0;0;0;0;0;0
HAD;2014;770016475;770014207;0;;;;;;1;;0;0;1;1;;;1;35;;;;;;;35;168;3;49;29;6519;20;2138;653;82;1;31;11;29;11;2;4;0;2;0
HAD;2014;770700011;750042590;0;;;;;277379;0;0;0;0;1;1;;;0;;0;;1;30;0;;30;153;0;0;0;8532;0;0;0;124;0;0;0;31;0;0;0;0;0;0
HAD;2014;780000311;780001236;0;;;;;578000;0;0;0;0;0;0;1;0;0;;1;16;0;;0;;16;14;14;0;0;56;56;0;0;11;11;0;0;0;0;0;0;0;0;0
HAD;2014;780004529;310021233;0;;;;;500000;0;0;0;0;1;1;0;0;1;60;;;;;;;60;77;1;33;2;2584;24;1201;45;67;1;29;2;23;10;1;2;0;1;0
HAD;2014;790000087;790000012;0;;;;;151746;1;0;0;0;1;1;1;1;1;40;0;;0;;0;;40;252;0;85;57;9308;0;2819;778;133;0;55;25;36;16;4;10;0;6;0
HAD;2014;790000111;790000046;0;;;;;38869;0;0;0;0;1;0;1;0;1;10;0;;0;;0;;10;85;0;37;2;3110;0;1200;76;59;0;24;2;22;6;0;0;0;0;0
HAD;2014;790000137;790000061;0;;;;;46576;0;0;0;0;1;0;1;0;;10;;;;;;;10;87;0;41;4;2785;0;1048;125;62;0;30;1;24;9;0;14;0;3;0
HAD;2014;790017289;790017271;0;;;;;160256;1;0;0;0;0;1;;;1;20;;;;;;;20;271;0;101;46;8283;0;2719;1345;174;0;73;22;45;26;0;6;0;1;1
HAD;2014;800000226;800000069;0;;;;;69799;1;1;0;0;1;1;;;1;30;0;;0;;0;;30;158;0;62;3;5446;0;1290;103;113;0;51;3;53;26;0;6;0;3;0
HAD;2014;800000523;800000853;0;;;;;170000;1;0;0;0;1;1;;;1;52;0;;0;;0;;52;760;215;232;30;27569;651;9719;1296;563;215;175;18;126;75;2;7;0;3;0
HAD;2014;800015448;800000093;0;;;;;85217;1;0;0;0;1;1;;;1;10;0;;0;;0;;10;191;1;46;2;5957;37;1714;275;133;1;37;2;56;20;0;4;0;1;0
HAD;2014;800015489;800000036;0;;;;;29900;1;1;0;0;1;0;0;0;1;10;0;0;0;0;0;0;10;120;0;45;8;3457;0;1478;79;85;0;33;1;40;19;0;21;0;8;0
HAD;2014;800015539;800000028;0;;;;;134951;1;1;0;0;1;0;1;1;1;30;0;;0;;0;;30;334;0;116;9;8584;0;2563;143;246;0;97;6;68;33;0;0;0;0;0
HAD;2014;800015588;800000077;0;;;;;;1;0;0;0;1;1;0;0;1;10;0;;0;;0;;10;118;0;;;4138;0;;;75;0;;;31;;;4;0;;0
HAD;2014;800016768;800003071;0;;;;;55000;1;1;0;0;1;1;;;1;15;0;;0;;0;;15;128;0;28;6;3647;0;534;161;78;0;24;4;34;13;1;1;0;0;0
HAD;2014;800016776;800000085;0;;;;;55000;1;1;0;0;1;1;;;1;15;0;;0;;0;;15;119;0;42;1;3672;0;823;28;81;0;29;1;31;12;0;9;0;5;0
HAD;2014;810000505;810000331;0;;;;;;0;0;0;0;0;0;0;0;1;43;1;6;0;;0;;49;649;337;104;8;10661;1687;3668;27;531;314;71;2;104;32;1;56;0;4;0
HAD;2014;810000521;810000380;0;;;;;114460;0;0;0;0;1;0;0;0;0;;1;6;0;;0;;6;179;179;0;0;1734;1734;0;0;168;168;0;0;0;0;0;0;0;0;0
HAD;2014;810007989;750047367;0;;;;;215000;1;1;0;0;1;1;;;1;51;;;;;;;43;247;0;77;10;7244;0;2682;345;154;0;60;10;54;26;2;10;0;2;0
HAD;2014;820000032;820000016;0;;;;;175068;1;0;0;0;1;1;;;1;20;0;;0;;0;;20;183;0;56;21;5782;0;1622;453;99;0;41;4;32;16;0;6;0;2;0
HAD;2014;820000883;820004950;0;;;;;53500;1;1;0;0;1;0;1;0;1;20;0;;0;;0;;20;224;0;76;10;5775;0;1608;196;154;0;59;9;69;28;3;9;0;1;0
HAD;2014;830012498;830014049;0;;;;;;1;1;0;0;1;0;1;0;0;;0;;0;;0;;;291;0;82;17;9929;0;2024;944;217;0;71;14;92;30;3;22;0;5;0
HAD;2014;830019600;830000063;0;;;;;;;;;;;;;;;;;;;;;;35;249;0;118;3;11140;0;5317;186;176;0;87;1;74;39;0;8;0;0;0
HAD;2014;830100392;830000154;0;;;;;110000;1;0;0;0;1;0;0;0;1;20;0;0;0;0;1;20;40;296;0;112;6;15376;0;2661;143;216;0;92;4;86;39;1;16;0;3;0
HAD;2014;830207114;830001855;1;2;830207114;;;700000;0;0;0;0;1;0;1;0;1;190;0;;0;;0;;190;916;2;228;2;60562;89;9293;20;628;2;180;2;344;91;1;147;0;31;0
HAD;2014;840011340;840003164;0;;;;;;1;0;0;0;1;1;1;0;1;140;0;;0;;0;;140;654;0;300;23;42310;0;13195;255;392;0;216;8;164;98;1;23;0;12;0
HAD;2014;850006008;850005968;0;;;;;597840;1;0;0;0;0;0;1;0;1;100;0;;1;100;0;;100;1200;3;488;49;35573;31;15955;111;849;3;330;10;160;86;0;28;0;8;0
HAD;2014;860000025;860013382;1;2;860000025;860000025;;120516;1;0;0;0;1;1;;;1;27;0;;0;;0;;27;302;0;133;6;7123;0;2369;136;208;0;103;4;79;43;0;29;0;16;0
HAD;2014;860000223;860013077;1;2;860011014;860000058;;150000;1;0;0;0;1;1;;;1;30;0;;0;;0;;30;560;0;32;144;9446;0;587;1174;302;0;30;28;80;8;5;26;0;2;0
HAD;2014;860008929;860008879;0;;;;;258583;0;0;0;0;1;1;;;1;30;1;5;1;5;;;40;340;0;127;39;10850;0;4025;850;218;0;77;20;81;33;2;7;0;4;0
HAD;2014;870003514;870000015;1;2;870003514;;;376058;1;0;0;0;1;0;1;1;1;40;;;0;;0;;40;1158;0;115;550;20903;0;3576;1534;369;0;93;61;122;37;15;2;0;0;0
HAD;2014;870004231;870004074;1;3;870004231;870004231;870004231;35000;1;1;0;0;1;1;0;0;1;30;0;;0;;1;30;60;697;0;200;381;18183;0;11478;787;232;0;126;36;80;44;7;5;0;3;0
HAD;2014;880000039;880780069;0;;;;;168729;1;0;0;0;1;1;;;1;18;0;;0;;0;;18;302;132;75;12;5737;1627;1635;249;233;115;49;7;24;12;0;0;0;0;0
HAD;2014;880006606;750047367;0;;;;;130000;1;1;0;0;1;1;;;1;30;;;;;;;30;211;0;79;11;6033;0;2563;262;145;0;66;6;35;20;0;11;0;3;0
HAD;2014;880006721;750047367;0;;;;;75000;1;1;0;0;1;1;;;1;18;;;;;;;18;98;0;40;4;3395;0;852;84;71;0;32;2;23;10;0;6;0;2;0
HAD;2014;890975527;890000037;0;;;;;;1;0;;;1;0;0;0;1;20;0;;0;;;;20;173;20;94;4;3211;58;1741;46;126;20;66;3;41;31;0;18;0;14;0
HAD;2014;890975543;890000417;0;;;;;98000;1;0;0;0;1;1;;;1;20;0;;0;;0;;20;143;0;65;7;4193;0;1430;72;115;0;60;6;48;32;2;0;0;0;0
HAD;2014;890975550;890970569;0;;;;;39500;0;0;0;0;1;1;;;1;10;0;;0;;0;;10;152;0;60;20;2618;0;842;231;94;0;53;8;34;28;0;20;0;18;0
HAD;2014;890975568;890000433;0;;;;;38075;1;0;0;0;1;0;0;0;1;10;0;;0;;0;;10;124;0;82;2;3306;0;2075;19;74;0;42;2;33;21;0;12;0;11;0
HAD;2014;920000585;920026374;0;;;;;541486;0;0;0;0;0;0;1;0;0;;1;8;0;;0;;6;749;749;0;0;3605;3605;0;0;703;703;0;0;0;0;0;0;0;0;0
HAD;2014;920000619;920009909;0;;;;;;0;0;0;0;0;0;1;0;0;;1;4;0;;0;;2;515;515;0;0;1920;1920;0;0;491;491;0;0;0;0;0;0;0;0;0
HAD;2014;920300043;920001526;0;;;;;400704;0;0;0;0;0;1;0;0;0;;1;6;0;;0;;6;334;334;0;0;1748;1748;0;0;314;314;0;0;0;0;0;0;0;0;0
HAD;2014;920813623;920029097;0;;;;;12000000;0;0;0;0;1;1;;;0;;0;;0;;0;;1200;25603;5598;2447;10894;463596;28991;102693;66244;12934;5555;1636;1685;1385;431;235;147;0;1;5
HAD;2014;930000286;930021480;0;;;;;;1;1;0;0;1;0;1;0;1;10;;;;;1;10;20;315;4;55;85;6044;83;1159;587;170;2;46;35;47;16;9;0;0;0;0
HAD;2014;930706239;930110051;0;;;;;;1;0;0;0;0;1;1;0;;;;;;;;;20;148;0;2;0;5000;0;14;0;109;0;2;0;21;0;0;0;0;0;0
HAD;2014;950000323;950013870;0;;;;;289734;0;0;0;0;0;0;0;0;0;;0;;1;20;0;;20;108;0;0;0;3803;0;0;0;74;0;0;0;16;0;0;0;0;0;0
HAD;2014;950000356;950013870;0;;;;;555565;0;0;0;0;0;0;0;0;0;;1;8;0;;0;;8;316;316;0;0;1071;1071;0;0;316;316;0;0;0;0;0;0;0;0;0
HAD;2014;970100020;970100152;0;;;;;;0;0;0;0;1;1;0;0;1;30;;;;;;;30;215;0;50;7;21714;0;5048;706;162;0;93;2;111;49;1;1;0;1;0
HAD;2014;970100418;970100194;0;;;;;61000;0;0;0;0;1;1;;;;;;;1;45;;;45;142;1;38;0;14476;23;2815;0;102;1;30;0;58;18;0;0;0;0;0
HAD;2014;970100442;970100228;0;;;;;;1;1;0;0;0;1;1;;1;35;0;;0;;1;20;35;174;0;;;10832;0;;;138;0;75;47;26;44;;0;0;0;0
HAD;2014;970100459;970100244;0;;;;;;0;0;0;0;1;1;;;1;15;;;;;;;15;23;0;0;0;2798;0;0;0;22;0;0;0;0;0;0;0;0;0;0
HAD;2014;970102596;970100491;0;;;;;124700;0;0;0;0;1;0;1;0;;;;;;;;;75;284;0;120;1;24120;0;7446;15;199;0;94;1;105;50;0;18;0;17;0
HAD;2014;970103099;970100525;0;;;;;72918;0;0;0;0;1;0;0;0;1;60;1;60;1;60;1;60;60;237;2;116;5;12837;55;4273;76;174;2;96;5;87;53;0;13;0;10;0
HAD;2014;970111217;970111209;0;;;;;12000;0;1;0;0;1;1;;;1;10;1;2;1;6;1;2;20;62;0;31;5;2570;0;858;230;38;0;19;2;18;9;0;0;0;0;0
HAD;2014;970111365;970111969;0;;;;;54397;0;0;0;0;1;1;;;0;;0;;0;;0;;48;188;0;111;5;14023;0;7137;217;148;0;98;5;71;48;2;0;0;0;0
HAD;2014;970111563;970100491;0;;;;;44900;0;0;0;0;1;0;1;0;;;;;;;;;29;222;8;75;15;10066;109;3437;134;151;8;44;5;34;17;0;1;0;0;0
HAD;2014;970112033;970100210;0;;;;;;0;0;0;0;1;1;;;1;20;0;;0;;0;;20;123;0;72;7;7805;0;3536;558;105;0;61;6;57;37;0;2;0;2;0
HAD;2014;970209441;970209433;0;;;;;;0;0;0;0;;;;;0;;0;;0;;0;;60;622;0;229;0;17133;0;6481;0;465;0;168;0;246;88;0;12;0;5;0
HAD;2014;970303608;970303590;0;;;;;35000;1;0;0;0;1;1;;;;;;;;;;;50;301;188;47;1;11712;4644;3861;28;211;133;33;1;15;7;0;0;0;0;0
HAD;2014;970303640;970303590;0;;;;;130000;0;0;0;0;1;1;0;0;0;;0;;0;;0;;100;626;277;145;6;26376;8370;6401;58;455;221;99;4;49;26;1;3;0;3;0
HAD;2014;970303657;970303590;0;;;;;90000;1;1;0;0;1;1;;;0;;0;;0;;0;;50;328;168;61;7;14003;3274;4290;73;223;129;37;3;26;14;0;0;0;0;0
HAD;2014;970304614;970304739;0;;;;;130000;1;0;0;0;1;1;;;1;15;0;;1;15;1;10;40;56;;;;5126;;;;44;;;;19;;;;;;
HAD;2014;970403119;970463600;1;3;970404851;970406625;;321900;0;0;0;0;1;1;;;1;40;0;;0;;0;;40;339;0;157;7;12806;0;5046;98;238;0;128;3;69;44;0;2;0;1;0
HAD;2014;970404711;970400396;1;4;970407565;970407318;970405395;178762;0;0;0;0;1;1;0;0;1;30;0;;0;;0;;30;175;0;57;0;6738;0;1666;0;113;0;44;0;39;20;0;2;0;1;0
HAD;2014;970404851;970463600;1;3;970406625;970403119;;270000;0;1;0;0;1;1;;;1;50;0;;0;;0;;50;284;0;101;4;12084;0;4418;150;169;0;75;2;48;28;0;1;0;1;0
HAD;2014;970405395;970400396;1;4;970404711;970407656;970407318;267371;0;0;0;0;1;1;;;1;33;;;;;;;33;379;0;159;4;13321;0;5188;55;254;0;123;2;74;46;0;8;0;4;0
HAD;2014;970406625;970463600;1;3;970403119;970404851;;278000;0;0;0;0;1;1;;;1;30;0;;0;;0;;30;217;0;126;1;8185;0;4237;28;162;0;96;1;54;39;0;2;0;2;0
HAD;2014;970407318;970400396;1;4;970405395;970407656;970404711;267371;0;0;0;0;1;1;;;1;25;;;;;;;25;246;0;112;6;9929;0;3905;119;157;0;80;2;50;34;1;2;0;0;0
HAD;2014;970407656;970400396;1;4;970405395;970404711;970407318;54998;0;0;0;0;1;1;;;1;25;0;;0;;0;;25;250;0;90;1;8362;0;2383;7;170;0;79;1;41;25;0;0;0;0;0
