BOR;AN;FI;FI_EJ;SPED;UPED;LIT_PED;PLA_PED;SEJHP_PED;SEJHC_PED;JOU_PED;EFFPL_PM;EFFPL_PED;EFFPA_PM;EFFPA_PED;ETP_PM;ETP_PED;GAR_PM;GAR_PED;AST_PM;AST_PED;EFFPL_INFNS;EFFPL_PUE;EFFPL_AUX;EFFPL_KINE;EFFPL_PSY;EFFPL_APNM;EFFPA_INFNS;EFFPA_PUE;EFFPA_AUX;EFFPA_KINE;EFFPA_PSY;ETP_INFNS;EFFPA_APNM;ETP_PUE;ETP_AUX;ETP_KINE;ETP_PSY;ETP_APNM
MCOPED;2014;010000024;010780054;1;1;22;0;134;2038;5201;4;4;;;2.2;2.2;1;1;1;1;5;7;3;;;4;6;6;7;;3;9;;10.43;7.27;;0.77;3.79
MCOPED;2014;010000032;010780062;1;1;14;1;130;733;1469;2;2;;;1.9;1.9;0;0;1;1;5;1;3;;;1;;;1;;1;5.75;4;1;3.54;;0.77;5.2
MCOPED;2014;010005239;010008407;1;0;14;1;44;1062;3215;0;0;4;3;2.62;2.52;0;0;0;0;4;4;10;0;0;1;0;0;1;0;1;2.47;1;4.67;9.8;0;0.05;2.57
MCOPED;2014;020000162;020000063;1;1;30;4;205;2177;4781;5;5;2;2;6.4;6.4;1;1;1;1;12;9;23;0;2;16;4;2;5;0;1;13.49;6;10.59;27.88;0;2.5;18.55
MCOPED;2014;020000394;020000253;1;1;16;1;118;1327;2606;1;1;2;2;2.52;2.52;1;1;0;0;14;0;6;0;1;9;2;0;1;0;0;11.1;1;0;6.64;0;1.33;8.4
MCOPED;2014;020000519;020000261;1;1;22;;0;1401;4217;8;8;1;1;8.23;8.23;0;0;1;1;9;1;5;;;5;10;2;8;;;18.19;7;1.72;11.06;;;10.42
MCOPED;2014;020000535;020000287;1;0;4;0;0;314;1565;0;0;0;0;0;0;;;;;4;2;2;;;;;1;1;;;3.83;;2.46;2.56;;;
MCOPED;2014;020001061;020004404;1;1;12;;111;806;1938;5;5;1;1;1.92;1.92;0;0;1;1;2;3;3;;;4;4;;1;;;5.21;;2.85;3.13;0.1;;2.85
MCOPED;2014;020001087;020004495;1;1;2;0;0;76;0;1;;;;0.2;;0;;0;;;;;;;;;;;;;;;;;;;
MCOPED;2014;030000061;030780092;1;0;17;2;528;1397;3355;4;4;1;;2.26;1.96;0;0;1;1;13;3;3;0;1;12;5;4;2;0;1;12.79;6;7.03;4.4;0;1.8;17.25
MCOPED;2014;030000079;030780100;1;1;34;0;0;2353;4261;4;4;5;3;6.1;5.9;0;0;1;1;13;7;17;1;1;13;3;;5;1;;15.4;3;7;21;0.76;1;15.05
MCOPED;2014;030000087;030780118;1;0;22;;0;2134;5197;3;3;2;2;1;1;0;0;1;1;12;4;15;0;0;9;3;3;4;0;1;11.03;3;6.08;10.62;0;0.5;7.16
MCOPED;2014;040000093;040780215;1;0;8;;0;946;1394;2;2;4;4;4.07;4.07;0;0;1;1;3;2;;;;2;1;2;;;;2.56;4;2.69;;;;5.35
MCOPED;2014;040000911;040788879;1;0;2;0;0;70;222;;;1;1;0.6;0.6;0;0;1;1;;;;;;;;;;;;;;;;;;
MCOPED;2014;050000231;050000116;1;0;13;;0;433;923;1;1;2;2;2.43;2.43;;;;;5;0;3;0;0;5;1;1;1;0;0;5.51;0;0.8;3.06;0;0;3.99
MCOPED;2014;050000348;050002948;1;0;9;1;29;1195;2695;5;5;0;0;2.85;2.85;;;;;2;5;4;0;0;6;2;6;12;0;0;3.74;4;8.66;10.76;0;0;5.87
MCOPED;2014;060000478;060780897;1;1;25;2;131;1423;3054;7;7;1;1;5.74;5.74;1;1;0;0;3;12;8;;1;7;3;5;5;;;6.25;;15.95;11.8;;0.37;6.35
MCOPED;2014;060000510;060780954;1;;23;1;159;1552;3042;3;;1;;2.7;;0;;1;;5;5;5;;;5;2;6;5;;;6.59;4;9.45;7.18;;;9.14
MCOPED;2014;060000544;060780988;1;1;18;5;190;1695;3809;6;6;3;2;5.27;5.17;1;1;0;0;6;7;11;;;6;1;2;3;1;1;6.6;2;8.59;13.17;0.4;0.1;7.6
MCOPED;2014;060780517;060000239;0;1;;;;;;;;;;;;;;;;;;;;;;;;;;;;;;;;;
MCOPED;2014;060780947;060800174;1;1;110;12;4078;9212;25763;53;18;40;8;41.37;16.07;1;1;1;1;38;28;51;0;2;61;15;11;16;7;7;42.55;67;31.71;56.93;2.83;4.84;100.08
MCOPED;2014;060789195;060785011;1;0;13;8;1374;479;2383;;;5;;1.72;;;;;;51;8;10;0;3;7;10;4;0;0;2;51.68;2;12.27;10.92;0;3.53;7.71
MCOPED;2014;070000179;070780358;1;;15;0;0;1948;3419;20;2;3;1;24.88;3.9;0;0;1;1;6;1;2;0;0;67;20;6;11;0;0;21.3;51;6.28;11.91;0;0;87.19
MCOPED;2014;070000195;070780374;1;0;;;0;471;1920;;;;;;;;;;;;;;;;;;;;;;;;;;;;
MCOPED;2014;070000609;070005566;1;0;10;;0;966;1894;4;4;0;0;3.66;3.66;;;;;2;6;0;0;0;1;2;5;0;0;0;2.7;1;9.44;0;0;0;1.47
MCOPED;2014;080000110;080000037;1;1;18;2;857;948;2149;3;3;0;0;3;3;0;0;;1;3;3;9;;;1;4;7;2;;1;6.7;1;8.3;10;;0.5;1.8
MCOPED;2014;080000425;080000615;1;;22;1;290;1638;5070;5;5;1;1;0.56;0.56;0;0;0;0;4;3;6;;;3;4;5;9;;;6.91;6;5.34;13.29;;;5.96
MCOPED;2014;090000175;090781774;1;0;7;2;188;1105;2017;6;6;1;1;2.64;2.64;0;0;1;1;4;8;;;;12;1;5;;;;4.36;4;5.66;;0.24;;8.94
MCOPED;2014;100000090;100000017;1;0;31;4;966;2426;8368;;;7;6;2.32;2.26;0;0;1;1;14;4;11;;2;3;2;1;4;;1;13.97;4;4.3;14.92;;2.02;5.84
MCOPED;2014;110000023;110780061;1;0;13;4;519;1564;2895;;;3;3;1.62;1.5;0;0;1;1;4;5;10;;;;1;5;;2;1;6.05;2;4.98;10.42;0.1;0.3;1
MCOPED;2014;110000056;110780137;1;0;16;0;0;1724;3659;4;4;1;1;4.5;4.5;0;0;1;1;10;3;5;;;2;;1;1;;;9.55;;4.02;5.8;;;2.07
MCOPED;2014;120000039;120780044;1;0;11;2;146;860;1729;6;6;1;1;6.8;6.8;;;;;;1;4;1;;2;2;8;7;1;;1;4;7.8;9.65;0.97;;3.58
MCOPED;2014;120004668;120004619;0;0;;;;;;;;;;;;;;;;;;;;;;;;;;;;;;;;;
MCOPED;2014;130000409;130041916;1;1;19;4;806;2868;6193;5;3;13;11;5.72;4.55;1;1;0;0;2;3;4;;;5;11;8;9;1;;7.82;11;7.71;8.08;0.19;;9.63
MCOPED;2014;130000565;130781446;1;1;16;2;251;1469;2481;3;3;8;8;6.78;6.78;1;1;0;0;4;2;5;;;7;5;6;7;;0;7.16;2;6.9;10.29;;0;7.14
MCOPED;2014;130001225;130782634;1;0;6;1;24;1658;3197;6;6;5;4;6.23;6.21;;;;;1;3;6;;1;6;4;8;7;;;4.84;;9.06;11.63;;0.25;5.33
MCOPED;2014;130002827;130789274;1;0;2;;0;130;522;1;1;;;1;1;;;;;;;;;;;;;;;;;;;;;;
MCOPED;2014;130002835;130789316;1;1;22;2;191;1466;2945;6;6;5;2;7.9;7.7;1;1;0;0;10;6;9;0;0;8;9;3;3;0;0;17.98;6;7.17;11.57;0;0;11.14
MCOPED;2014;130780521;130786049;1;1;52;5;1726;3840;13757;5;4;2;2;2.79;2.29;;;;;8;7;9;;1;8;5;5;3;;0;10.24;1;8.12;9.88;;1;7.02
MCOPED;2014;130785652;130014228;1;1;43;;0;3055;4485;5;2;22;21;12.36;8.63;1;1;0;0;15;11;23;;;15;3;7;2;;;10.97;1;13.13;18.26;;;15.27
MCOPED;2014;130804297;130786049;1;1;195;38;11232;11218;49020;35;29;17;13;16.08;14.93;;;;;;;;;;;;;;;;;;;;;;
MCOPED;2014;140000027;140000035;1;1;34;3;379;2391;7263;6;6;2;2;6.13;6.13;1;;1;;10;3;8;0;1;18;9;4;2;0;0;18.44;2;6.15;9.75;0.07;1;19.19
MCOPED;2014;140000209;140000100;1;1;81;12;2563;5481;17376;20;14;5;5;14.39;10.94;1;1;0;0;9;17;30;;;25;15;21;11;;2;19.04;9;30.67;36.4;;0.55;27.1
MCOPED;2014;140000233;140000118;1;0;18;1;193;1065;2988;3;3;1;1;3.2;3.2;0;0;1;1;4;1;1;;;9;3;;2;;;5.9;6;1.47;2.47;;0.28;11.54
MCOPED;2014;140024886;140000092;1;0;11;0;126;803;1833;3;3;3;3;5;2.5;;;1;1;3;3;5;;;1;;;5;;;2.83;;3;9.38;;;0.6
MCOPED;2014;150000040;150780096;1;;16;0;0;1474;2524;4;4;2;2;3.68;3.68;;;1;1;4;2;9;;;2;1;1;2;;;4.45;6;2.8;10.83;;;4.24
MCOPED;2014;160000253;160000451;1;1;20;4;188;1431;3147;6;6;2;2;4.63;4.63;1;1;;;13;3;4;0;0;17;10;3;2;0;0;19.88;11;5.43;6.63;0;0;19.99
MCOPED;2014;170000087;170023279;1;0;28;5;1176;2095;5026;8;8;3;3;8.9;8.9;0;0;0;0;5;1;9;;1;7;7;8;9;;;10.44;6;6.44;15.92;0.46;0.36;9.7
MCOPED;2014;170000103;170780175;1;0;25;0;0;2766;5712;7;7;2;2;5.45;5.45;1;1;0;0;20;7;13;;;7;12;17;15;;;9.35;8;6.94;13.49;;;3.58
MCOPED;2014;170000152;170780225;1;0;16;2;71;1497;3102;5;5;4;4;6.71;6.71;1;1;1;1;1;12;15;;1;3;5;3;6;;;3.67;;13.89;23.79;;0.43;2.81
MCOPED;2014;180000010;180000028;1;0;22;3;198;1758;2923;4;4;0;0;4;4;0;0;1;1;5;2;5;;;1;4;4;3;;;7.8;2;4.9;7.3;;;1.7
MCOPED;2014;180000200;180000051;1;0;10;1;80;969;1735;1;1;1;1;1.66;1.66;;;;;3;1;2;;;7;4;;;;;6.58;1;0.03;2;;;6.53
MCOPED;2014;190000018;190000042;1;0;26;4;329;1488;4111;4;4;2;2;3.77;3.77;0;0;1;1;12;5;15;;2;4;2;2;4;;;13.02;3;6.44;18.29;;1.43;6.35
MCOPED;2014;190000026;190000059;1;0;10;2;235;883;2148;3;2;3;3;3.12;3.03;;;1;1;5;7;7;;;8;5;1;5;;1;4.45;4;4.58;5.16;;0.56;6.46
MCOPED;2014;210780110;210000022;1;0;13;;0;641;1667;3;3;3;3;4.5;4.5;0;0;1;1;6;9;6;;;;4;4;2;;;7.97;;12.12;7.5;;;
MCOPED;2014;210987558;210780581;1;1;58;18;2871;4109;15947;24;15;7;5;17.97;13.69;1;1;0;0;25;15;26;;4;23;17;11;3;;2;38.7;9;20.5;25.12;;3.3;23.89
MCOPED;2014;210987657;210780714;1;0;14;0;0;1348;3170;2;2;1;1;2.8;2.8;0;0;1;1;21;3;;;;;7;1;;;;25.78;;3.54;;;;
MCOPED;2014;210987699;210780706;1;0;6;;76;381;780;2;2;1;1;0.71;0.71;0;0;1;1;2;1;1;0;0;8;0;0;0;0;0;2;0;1;0.41;0;0;4.4
MCOPED;2014;220000012;220000020;1;1;30;4;753;3228;4216;7;7;4;3;7.25;7.05;1;1;1;1;0;0;0;0;0;0;0;1;0;0;0;0;0;0.26;0;0;0;0
MCOPED;2014;220000095;220000046;1;0;3;;0;507;643;2;2;1;1;2.5;2.5;0;0;1;1;5;;6;;;5;3;;2;;;5.99;;;2.87;;;3.15
MCOPED;2014;220000343;220000079;0;1;;;;;;;;;;;;;;;;;;;;;;;;;;;;;;;;;
MCOPED;2014;220000368;220000103;1;0;8;;1;914;1731;4;4;;;2.5;2.5;0;0;1;1;3;2;1;;;6;4;;1;;;4.6;4;1.5;2.4;;;5.34
MCOPED;2014;220000541;220000152;1;0;8;;0;609;1621;;;;;0.89;0.89;0;0;1;1;;;;;;;;;;;;4.52;;1;0.79;;;1.87
MCOPED;2014;230000820;230780041;1;0;10;0;0;907;2134;3;3;;;3;3;0;0;1;1;;;;;;;;;;;;;;;;;;
MCOPED;2014;240000372;240000059;1;0;10;;0;740;1735;2;2;2;2;3;3;0;0;1;1;3;0;;;;9;5;3;;;;6.7;0;2.1;;;;8.4
MCOPED;2014;240000489;240000117;1;1;18;4;192;2101;4781;4;;3;;5.7;;;;;;3;5;2;0;0;2;3;0;1;0;0;4.93;0;4.75;2.72;0;0;1.08
MCOPED;2014;250000114;900000365;1;1;3;0;118;508;600;3;3;2;2;4.23;4.23;;1;;0;6;2;;;;7;6;2;;;;10.02;1;3.04;;;;7.69
MCOPED;2014;250000700;250000452;1;0;20;0;0;1238;2898;2;1;3;3;2.58;1.88;0;0;1;1;10;2;10;0;;2;1;2;3;0;2;10.95;4;3.87;11.63;0;0.01;3.57
MCOPED;2014;250006954;250000015;1;1;70;16;3301;5296;18510;5;5;46;46;12.2;12.2;1;1;1;1;9;13;19;;1;13;23;26;18;3;1;29.93;34;27.32;30.83;2.42;1.82;32.4
MCOPED;2014;260000013;260000021;1;1;29;6;419;4228;8612;9;9;6;6;2.72;2.5;;;;;3;9;13;0;1;10;1;5;9;1;4;2.74;;12.53;14.1;0.03;2.3;8.58
MCOPED;2014;260000120;260016910;1;0;25;;570;1493;3850;1;;5;;4.64;;0;;1;;3;4;5;;;4;5;3;8;1;1;6.34;4;7.23;10.38;0.5;0.89;6.7
MCOPED;2014;260000138;260000047;1;0;17;0;0;2383;3440;3;3;1;1;3.6;3.6;0;0;1;1;6;2;8;;;4;8;5;3;;;13.4;3;4.52;10.46;;;6.53
MCOPED;2014;270000359;270023724;1;1;16;2;0;1814;3536;;;;;;;;;;;4;2;5;;1;5;4;2;1;;;6.48;7;3.09;4.33;;0.87;7.98
MCOPED;2014;280000084;280000183;1;1;15;;0;1823;5135;2;2;4;4;2.58;2.58;1;1;0;0;6;2;1;;;3;1;1;5;;;6.53;3;2.87;5;;;4.39
MCOPED;2014;280504267;280000134;1;1;17;3;304;1676;4661;4;4;3;3;4.13;4.13;0;1;0;1;10;4;10;;;11;11;4;0;;;20.49;6;6.85;9.92;;;16.28
MCOPED;2014;290000025;290020700;1;1;26;2;380;2917;5803;8;8;6;6;10;10;1;1;1;1;12;6;15;0;0;7;3;8;6;0;1;15.53;1;11.19;20.19;0;0.25;6.13
MCOPED;2014;290000033;290021542;1;0;16;0;115;1343;2714;5;;2;;4.26;;0;;1;;1;3;4;;;4;3;10;6;;;3.46;6;11.16;8.11;;;8.11
MCOPED;2014;290000058;290000017;1;1;58;11;2790;4350;14808;20;20;4;4;10.97;10.97;1;1;1;1;21;7;20;;;16;20;6;11;;2;33.05;16;11.3;28.4;;0.4;26.7
MCOPED;2014;2A0000022;2A0000014;1;0;15;;0;1433;2204;3;;;;2.78;;0;0;1;1;8;6;11;;;10;0;6;1;;;7.99;0;5.86;11.52;;;9.31
MCOPED;2014;2B0000012;2B0000020;1;0;18;0;0;1495;2682;5;4;5;2;6.16;3.49;0;0;1;1;9;15;13;0;2;14;2;0;2;0;0;10.43;2;12.57;13.37;0;1.35;12.66
MCOPED;2014;300000023;300780046;1;0;14;0;0;1671;2631;3;3;1;1;2.37;2.37;0;0;1;1;13;5;6;1;0;22;1;6;1;1;1;5.1;2;7.46;4.68;0.2;0.4;11.82
MCOPED;2014;300000031;300780053;1;0;11;1;77;924;2007;4;4;;;3.19;3.19;;;1;1;5;2;7;0;0;5;4;5;2;0;1;7.93;3;5.59;7.3;0;0.43;4.84
MCOPED;2014;300782117;300780038;1;1;48;5;1042;3847;8810;6;5;11;11;10.21;9.21;1;1;0;0;14;16;21;;1;16;4;4;3;;1;15.6;4;18.9;22.64;;0.9;19.6
MCOPED;2014;310000310;310780671;0;1;;;;;;;;;;;;;;;;;;;;;;;;;;;;;;;;;
MCOPED;2014;310016977;310781406;1;1;149;41;12297;14055;41560;138;;43;;82.65;;1;;1;;176;163;223;6;16;136;44;89;34;6;11;197.85;26;224.83;242.49;9.28;9.84;142.26
MCOPED;2014;310780085;310000021;1;1;3;6;1705;359;365;;;10;;5;;0;;1;;;;;;;;;8;4;;;;1;4.8;1;;;0.5
MCOPED;2014;310780101;310000039;1;;;;0;4;14;;;;;;;;;;;;;;;;;;;;;;;;;;;;
MCOPED;2014;310780135;310000054;1;;2;7;2180;581;769;14;8;;;14;8;0;0;1;1;;;;;;;;;;;;;;;;;;
MCOPED;2014;310780150;310788799;1;0;14;6;1202;914;1738;34;;;;34;;;;1;;;;;;;;;;;;;;;;;;;
MCOPED;2014;310780259;310000096;1;0;2;1;;;;;;4;2;0.5;0.5;0;0;1;1;2;2;;;2;;;;;;;0.5;;0.5;;;0.1;
MCOPED;2014;310783048;310781406;0;0;;;;;;;;;;;;;;;;;;;;;;;;;;;;;;;;;
MCOPED;2014;320000086;320780117;1;0;14;;0;1270;2536;5;4;;;3.1;2.98;0;0;1;1;1;4;;;;12;;2;;;;1.62;;5.5;;;;12.51
MCOPED;2014;330000555;330781204;1;;6;;0;683;1104;3;2;1;1;2.54;2.42;0;;1;;3;2;4;;;2;2;;2;;1;4.3;;2;4.05;;0.1;0.6
MCOPED;2014;330000605;330781253;1;;12;2;528;1965;4206;8;8;3;3;4.28;4.28;1;1;0;0;5;4;3;;1;13;1;4;1;;;4.38;5;7.46;2.72;;1;14.57
MCOPED;2014;330780479;330000274;1;;5;5;0;296;629;;;;;;;;;;;;1;;;;;;;;;;;;1;;;;
MCOPED;2014;330781360;330781196;1;1;116;20;3432;10775;36093;24;24;14;12;22.89;21.6;;;;;24;49;29;1;4;41;;18;5;1;6;25.2;8;63.85;34.95;1.42;6.58;51.91
MCOPED;2014;330783648;330781196;1;0;12;5;1530;1095;4735;2;;7;;2.5;;0;;1;;14;;;;;22;8;;;;1;13.44;16;;;;0.4;22.5
MCOPED;2014;330802752;330781196;1;0;23;6;2068;393;6434;6;;1;;1.9;;;;;;24;0;0;0;0;17;0;0;0;0;8;21.28;8;0;0;0;2.98;17.74
MCOPED;2014;340000025;340780048;1;0;0;4;1089;0;0;0;0;4;4;1.62;1.62;;;;;2;;;;;;0;;;;;2;;;;;;
MCOPED;2014;340000033;340780055;1;1;23;1;241;2354;4602;8;8;2;2;5.08;5.08;;;;;3;9;6;1;0;4;3;2;1;0;0;6.37;1;7.44;4.54;0.25;0;3.75
MCOPED;2014;340000223;340011295;1;0;14;0;0;1196;2453;3;3;2;2;2.19;2.19;0;0;1;1;4;4;4;0;0;5;2;3;3;0;0;5.6;0;5.9;6.4;0;0;3.85
MCOPED;2014;340780634;340000272;0;1;;;;;;;;;;;;;;;;;;;;;;;;;;;;;;;;;
MCOPED;2014;340782085;340780477;1;1;10;4;748;715;2186;8;5;2;2;4.8;3.3;;;;;4;8;12;;2;4;1;;1;;3;3.14;4;7.89;11.68;;3.38;6.25
MCOPED;2014;340785161;340780477;1;1;47;5;970;7093;11650;16;4;18;7;17.56;7.32;1;1;1;1;17;59;42;;;8;3;5;1;;;13.59;6;56.15;38.46;;;12.56
MCOPED;2014;340796663;340780477;1;0;48;23;5018;3934;14364;21;18;27;24;19.28;17.55;1;1;1;1;22;51;42;;2;9;9;3;6;1;1;22.08;4;49.93;42.77;0.3;1.37;12.43
MCOPED;2014;350000147;350000022;1;0;12;2;173;1159;2022;2;2;4;4;2.87;2.87;0;0;1;1;2;7;11;;;2;1;4;14;;;2.8;2;11;14.9;;;3.5
MCOPED;2014;350000154;350000030;1;;5;1;6;707;1538;2;2;2;2;1.36;1.36;0;0;1;1;3;3;;;;10;4;2;3;;;5.24;5;1.74;0.65;;;7.15
MCOPED;2014;350000162;350000048;1;0;9;1;18;657;1562;1;1;5;5;1.48;1.48;0;0;1;1;2;2;3;3;;5;2;3;;;;3.95;1;4.29;4.82;0.03;;3.57
MCOPED;2014;350000188;350000055;1;0;9;0;0;639;1724;2;2;2;2;3.43;3.43;0;0;1;1;3;1;1;;;;2;2;3;;;4.8;;2.3;3.82;;;
MCOPED;2014;350000741;350005179;1;0;;3;403;0;0;;;;;;;;;;;;1;;;;2;;;;1;1;;5;1;;0.5;0.8;4.03
MCOPED;2014;350007084;350005179;1;1;85;2;89;6984;22552;26;15;1;1;13.05;11.34;1;1;1;0;23;46;45;;3;34;7;50;19;;7;27.15;15;85.32;56.76;;4.95;42.31
MCOPED;2014;360000137;360000053;1;0;21;15;8;1012;2623;3;3;1;1;4.16;4.16;;;;;8;3;4;;;4;5;;2;;;12.19;;3;5.79;;;4
MCOPED;2014;370000499;370000481;1;1;140;21;3482;8360;24997;53;24;10;8;58.31;21.29;0;;1;1;64;23;43;0;1;68;53;16;27;0;1;93;30;36.97;64.12;0;1.35;85.29
MCOPED;2014;380000034;380780049;1;;20;0;213;1459;3569;4;2;3;3;4.28;3.79;1;1;0;0;;4;;;;7;;9;;;;;4;10.71;;;;9.97
MCOPED;2014;380000067;380780080;1;1;88;23;6931;8020;23784;27;17;18;12;33.43;23.29;0;0;1;0;30;48;47;2;;9;15;31;23;1;4;43.48;9;71.27;63.52;3.47;2.82;17.19
MCOPED;2014;380000174;380781435;1;1;14;2;111;2028;3789;5;5;1;1;2.85;2.85;1;1;0;0;4;2;4;;;7;3;1;5;;;5.87;4;1.95;6.67;;;6.5
MCOPED;2014;380000406;380784751;1;0;11;1;50;1388;2572;3;3;7;7;4.81;4.81;;;;;3;4;8;;1;4;5;6;2;;;5.91;3;6.6;9.5;;0.33;4.05
MCOPED;2014;380780288;380795203;0;0;;;;;;;;;;;;;;;;;;;;;;;;;;;;;;;;;
MCOPED;2014;380785956;380795211;0;1;;;;;;;;;;;;;;;;;;;;;;;;;;;;;;;;;
MCOPED;2014;390000040;390780146;1;0;18;;0;1358;3517;;;2;2;1.08;1.08;0;0;1;1;;;;;;;12;15;34;;0;5.24;21;6.3;6.03;;0;5.29
MCOPED;2014;390000065;390780161;1;0;4;;0;330;938;;;1;1;1.82;1.82;0;0;1;1;5;;;;;;2;1;2;;;6.24;1;0.67;1;;;0.31
MCOPED;2014;390000222;390780609;1;0;16;;0;1180;3307;4;4;2;2;4.5;4.5;0;0;1;1;6;2;5;;1;4;4;5;4;;;7.74;1;5.78;7.64;;0.5;4.72
MCOPED;2014;400000105;400780193;1;0;18;;0;1637;2670;;;6;6;3.18;3.18;0;0;1;1;;12;12;;;8;;2;3;1;1;0.38;2;13.29;14.18;0.2;0.49;8.95
MCOPED;2014;400000139;400011177;1;0;16;2;261;1417;2539;5;5;2;2;5.7;5.7;0;0;1;1;3;5;5;0;1;5;2;2;2;0;0;4.32;1;7.11;6.58;0;0.5;3.53
MCOPED;2014;410000020;410000087;1;1;16;;0;2033;5521;;;;;;;1;1;1;1;11;0;14;0;0;2;6;0;10;0;0;15.27;4;0;22.94;0;0;5.27
MCOPED;2014;410000046;410000103;1;0;12;0;0;974;2712;3;3;;;3;3;;;1;1;4;3;6;;;1;1;2;2;;;5.91;;2.92;7.61;;;1
MCOPED;2014;420000010;420780033;1;1;22;0;0;1978;5490;8;7;3;2;2.5;1.78;1;1;0;0;10;3;7;2;0;13;2;4;6;0;0;10.21;2;7.05;11.53;0.5;0;9.32
MCOPED;2014;420000226;420013831;1;1;18;0;0;1247;2601;0;0;3;3;1.5;1.48;0;0;1;1;2;1;2;0;0;2;6;3;5;0;0;5.93;0;3.1;6.12;0;0;1.75
MCOPED;2014;420000234;420780652;1;1;17;1;2;1360;2402;3;3;3;3;4.24;4.24;0;0;1;1;6;12;7;;;;1;2;;1;1;6.41;;13.35;7;0.25;0.5;
MCOPED;2014;420782559;420784878;1;0;0;1;211;0;0;0;;0;;0;;;;;;;;;;;;;;;;;;;;;;;
MCOPED;2014;420785354;420784878;1;1;64;7;2273;6215;15303;37;22;8;5;14.8;10.4;1;1;1;1;54;9;34;0;0;29;28;7;18;0;4;64.59;15;15.9;44.22;0;1.32;28.27
MCOPED;2014;430000117;430000018;1;0;17;;0;2131;3298;0;;2;2;1.64;1.64;0;0;1;1;1;;1;0;0;0;1;5;0;0;1;1.76;4;4.24;0.78;0;0.58;3.77
MCOPED;2014;440000016;440000057;1;;26;2;886;2717;5920;9;9;;;5.6;5.6;1;1;0;0;4;2;7;;;3;4;11;11;1;2;6.45;2;9.55;15;0.4;0.8;4.25
MCOPED;2014;440000271;440000289;1;1;107;26;7263;10445;34294;69;30;5;5;25.85;13.05;1;1;1;1;76;51;64;0;0;60;48;54;30;1;3;91.17;26;79.4;74.11;0.26;0.26;56.42
MCOPED;2014;440000503;440000313;1;1;4;;0;555;960;3;3;;0;2;0.9;0;0;1;1;6;;;;;2;3;1;4;;1;6.3;2;0.89;1.8;;0.28;3
MCOPED;2014;440033819;440006344;1;0;;;0;68;233;;;;;;;;;;;;;;;;;;;;;;;;;;;;
MCOPED;2014;450000021;450000088;1;1;58;18;2258;5639;13394;11;9;6;4;7.86;6.88;1;1;1;1;25;12;35;;1;26;11;13;12;;5;31.69;7;20.57;43.35;;2.68;22.79
MCOPED;2014;450000047;450000096;1;;20;0;0;1451;3827;1;1;3;3;3.8;3.8;0;0;1;1;5;1;3;;;;1;2;2;1;;5.34;;1.86;4.13;0.4;;
MCOPED;2014;450000062;450000104;1;1;13;;0;1623;2850;;;8;8;2.35;2.35;1;1;0;0;13;9;6;;;6;3;1;5;;;14.16;2;8.95;9.16;;;7.21
MCOPED;2014;450000336;450000179;0;1;;;;;;;;;;;;;;;;;;;;;;;;;;;;;;;;;
MCOPED;2014;450010079;450000195;0;0;;;;;;;;;;;;;;;;;;;;;;;;;;;;;;;;;
MCOPED;2014;460000110;460780216;1;0;10;0;105;654;1193;3;3;0;0;3.2;3.2;0;0;1;1;2;4;4;0;0;5;0;3;1;0;0;1.29;0;7.14;4.73;0;0;4.94
MCOPED;2014;470000423;470000316;1;0;18;2;458;1096;3851;6;6;4;4;4.83;4.83;1;1;;;7;8;3;;0;4;1;4;0;;2;7.63;4;9.97;3.69;;0.33;4
MCOPED;2014;470000431;470000324;1;0;10;1;111;725;1894;2;2;;;2.72;2.72;0;0;1;1;3;2;3;;1;4;;;;;;3;;2;2.5;;1;4
MCOPED;2014;470000480;470001660;1;;14;2;40;1047;2686;3;3;0;0;3;3;;;1;1;3;3;1;3;0;8;1;0;0;0;0;4.48;1;2.47;1;0.4;0;8.82
MCOPED;2014;480000017;480780097;1;0;12;0;235;747;1439;;;;2;;1.7;0;0;0;1;;;;;;;1;11;1;;1;1.22;10;5.86;0.46;;0.25;5.15
MCOPED;2014;490000049;490000031;1;1;67;8;3004;4526;14851;15;14;18;13;20.8;17.9;1;1;1;1;8;8;16;0;0;22;12;20;10;1;0;15.72;17;22.07;23.57;0.2;0;29.56
MCOPED;2014;490000635;490000676;1;1;25;2;319;2743;4960;4;4;3;3;2.36;2.36;1;1;0;0;4;1;7;;;3;8;7;7;;;6.36;2;7.9;14.35;;;4.14
MCOPED;2014;490001765;490528452;1;0;9;1;86;736;1594;;;7;7;1.55;1.55;1;1;0;0;5;;4;;;2;2;;1;;;5.81;2;0.65;5.92;;;2.15
MCOPED;2014;500000021;500000054;1;0;15;;0;1482;3066;7;7;1;1;5.84;5.84;1;1;;;7;4;8;0;1;5;7;6;4;0;0;14.3;3;8.51;12.03;0;1;7.41
MCOPED;2014;500000187;500000013;1;1;28;2;277;1923;5498;4;4;1;1;4;4;1;1;1;1;9;7;19;;;5;4;3;;;1;9.9;4;9.69;17.65;;0.5;6.16
MCOPED;2014;500000450;500000112;1;1;22;0;0;1420;3978;2;2;4;4;4.8;4.8;1;1;1;1;5;6;12;;1;3;7;5;6;;;4.78;;4.61;9.31;;1;3.95
MCOPED;2014;510000169;510000037;1;1;16;0;115;1244;2839;1;1;3;3;2.53;2.53;0;0;1;1;4;3;9;0;1;8;4;3;2;0;0;9.56;1;5.4;10.91;0;0.5;8.64
MCOPED;2014;510000235;510000060;1;0;10;0;0;766;2495;1;1;1;0;1.39;0.59;0;;1;;3;1;2;0;0;6;3;2;6;0;0;5.79;1;2.23;6.82;0;0.25;4.44
MCOPED;2014;510000250;510000078;1;0;10;0;30;645;1462;2;2;0;0;2;2;0;0;0;0;5;1;4;0;0;0;1;0;0;0;0;5.8;0;1;4;0;0;0
MCOPED;2014;510002470;510000029;1;1;61;13;1272;6970;14273;4;4;1;1;1;1;1;1;0;0;27;8;22;0;5;14;47;14;16;0;4;55.96;33;16.8;32.8;0;6.35;37.2
MCOPED;2014;510004302;510000029;1;0;6;0;0;301;2205;6;6;0;0;0.8;0.8;1;1;0;0;4;2;0;0;0;0;10;7;6;0;0;9.55;16;5.2;1.7;0;0;5.85
MCOPED;2014;520000027;520780032;1;0;21;0;0;1108;3747;1;1;2;2;2;2;0;0;1;1;7;3;10;;;2;5;2;6;;;10.27;2;3.7;12.88;;;2.7
MCOPED;2014;520000043;520780057;1;;8;1;18;333;913;1;1;2;2;1.73;1.73;;0;;1;2;2;;;;4;3;1;;;;4.2;2;2.7;;;;5.13
MCOPED;2014;520000068;520780073;1;0;24;0;420;1104;3283;5;4;2;2;4.71;4.01;0;0;1;1;4;;4;;;3;6;;6;;;8.29;2;;7.51;;;3.07
MCOPED;2014;530000264;530000371;1;;18;4;386;2092;4241;5;5;0;0;2.02;2.02;;;;1;8;18;18;0;1;16;1;5;3;0;0;8.84;1;20.51;20.2;0;0.29;13.81
MCOPED;2014;540000015;540023264;1;1;2;2;310;122;234;;;;;;;;;;;;;;;;;;;;;;;;;;;;
MCOPED;2014;540000155;540000080;1;0;5;;0;651;1334;3;3;;;2.14;2.14;0;0;1;1;3;1;5;;;;2;1;1;;;4.39;1;1.8;5.82;;;0.5
MCOPED;2014;540001070;540000767;1;1;16;;0;1413;3828;3;;;;3.34;;0;0;1;1;7;5;6;;;4;8;4;2;;;11.38;4;8.05;5.99;;;5.41
MCOPED;2014;540002698;540023264;1;1;179;24;6236;8858;34276;58;26;16;9;17.45;9.42;1;1;1;1;110;45;122;;3;87;35;23;51;;4;110.9;29;54.5;141.08;;4.93;79.99
MCOPED;2014;550000012;550006795;1;0;11;2;214;876;2175;;;;;;;;;;;41;3;10;;1;131;7;;;;;40.57;16;2.99;9.65;;1;120.54
MCOPED;2014;550000434;550003354;1;1;14;0;0;1020;2061;;;4;4;2.52;2.52;1;1;0;0;5;1;;;;;10;5;9;1;1;10.91;7;4.63;2.35;0.12;0.16;4.14
MCOPED;2014;560000127;560023210;1;1;25;8;590;2668;5924;10;10;4;4;6.1;6.1;1;;0;;4;19;18;0;1;14;0;16;5;0;1;2.86;6;23.21;17.43;0;0.48;9.34
MCOPED;2014;560000135;560005746;1;1;28;3;718;2779;6445;9;9;5;5;3.6;3.6;1;1;0;0;11;15;11;;1;7;;6;5;;1;10.45;5;17.98;15.59;;0.47;11.58
MCOPED;2014;560000143;560014748;1;;15;0;100;1014;2227;;;;;4;;;;;;;;;;;;;;;;;;;;;;;29.53
MCOPED;2014;570000059;570025254;1;0;24;;0;2091;4388;3;3;2;2;3.75;3.75;0;0;0;0;6;7;;;;11;5;6;;;;8.64;8;10.5;;;;16.9
MCOPED;2014;570000117;570015099;1;0;10;;0;919;2346;2;2;;;2;2;0;0;0;1;5;2;4;;1;2;2;2;3;3;;5.6;3;3.6;6.35;0.07;0.5;3
MCOPED;2014;570000349;570005165;1;1;15;2;174;1206;4062;3;;6;;4.9;;0;;1;;1;8;7;;;1;2;5;4;;;3.55;9;12.8;9.6;;;4.76
MCOPED;2014;570000646;570001115;1;0;14;;0;622;1391;2;2;;;2;2;1;1;0;0;3;;2;;;2;2;1;;;;4.64;;0.81;1.65;;;2.18
MCOPED;2014;570000901;570000158;0;1;;;;;;;;;;;;;;;;;;;;;;;;;;;;;;;;;
MCOPED;2014;570026252;570023630;1;0;13;7;932;395;1067;;;2;;1.68;;0;;1;;7;2;2;;;;;2;1;;;5.95;;3.3;1.75;;;
MCOPED;2014;570026682;570005165;1;1;24;3;366;1753;7308;4;4;9;9;7.3;7.3;0;0;1;1;0;6;7;;;1;0;8;1;;;0.12;7;12.99;8.39;0.07;;6.86
MCOPED;2014;580972693;580780039;1;;15;;0;1473;3080;4;4;;;2.55;2.55;1;1;0;0;4;7;7;;1;;2;2;1;;;5.24;1;8.6;7.8;;0.98;0.1
MCOPED;2014;590000121;590780227;1;1;11;1;33;1355;2415;3;;1;;4.72;;0;;1;;2;10;5;;;1;;3;2;;2;2.33;3;12.58;7.05;;0.75;2.6
MCOPED;2014;590000337;590781415;1;1;48;4;897;3770;9801;9;9;4;3;9.02;8.97;0;0;1;1;11;9;16;;;13;10;7;15;;1;16.09;4;14.4;26.97;;0.5;14.85
MCOPED;2014;590000428;590781605;1;0;22;4;247;2498;4892;4;4;;;4;4;0;0;1;1;4;6;11;;;4;1;6;6;;;5.26;2;9.12;16.52;;;4.95
MCOPED;2014;590000535;590781803;1;0;20;3;574;1705;4236;7;7;2;2;4.14;4.14;1;;1;;10;7;14;;;10;2;3;3;;;8.34;;11.13;17.24;;0.5;10.41
MCOPED;2014;590000618;590782215;1;;48;4;1737;5822;12349;9;9;2;2;8.12;8.12;1;1;0;0;11;4;6;;1;16;2;7;1;;;8.85;7;9.85;7.96;;1;16.63
MCOPED;2014;590000758;590782637;1;1;16;1;493;1974;3010;4;4;1;1;2.36;2.36;0;0;1;1;6;8;10;;0;3;3;4;10;;1;8.4;1;10.84;18.5;;0.5;3.8
MCOPED;2014;590001004;590783239;1;1;43;;0;3272;7128;5;5;2;2;6.95;6.95;1;1;;;11;13;10;;;10;;1;;;2;8.28;3;11.03;9.31;;0.55;11.93
MCOPED;2014;590006607;590780193;1;0;65;16;7432;6544;31639;39;35;10;7;34.3;27.6;1;1;1;1;59;65;79;;;94;19;48;31;;;61.42;47;102.92;98.98;;;120.89
MCOPED;2014;590052056;590051801;0;0;;;;;;;;;;;;;;;;;;;;;;;;;;;;;;;;;
MCOPED;2014;590787586;590780193;1;;12;3;599;929;3446;5;3;3;2;3.78;2.43;;;;;4;4;6;;;6;3;3;3;;;4.87;4;9.36;8.52;;;8.49
MCOPED;2014;590796975;590780193;1;1;21;6;1006;5810;6601;10;10;2;2;7.25;6.68;;;;;8;4;10;;1;17;2;6;4;;6;9.76;16;9.34;14.53;;3.55;23.42
MCOPED;2014;590797353;590051801;1;1;24;17;4415;3485;9089;7;4;6;2;10.05;5.88;;;;;8;8;12;;;;7;5;24;;;11.71;;11.15;26.9;;;
MCOPED;2014;590801106;590782421;1;1;50;5;907;4793;9752;11;11;3;3;8.61;8.61;0;0;1;1;2;4;4;0;0;2;3;4;9;0;1;4.4;1;7.35;11.1;0;0.4;2.8
MCOPED;2014;590804696;590781902;1;1;20;0;0;1848;3375;6;6;2;2;7.41;7.41;0;0;1;1;5;7;;;;18;3;2;;2;1;7.83;5;9.15;;0.3;0.25;18.49
MCOPED;2014;600000053;600101984;1;1;15;1;15;1435;3222;2;2;2;2;1.2;1.2;1;1;0;0;6;1;6;0;0;7;5;1;1;0;1;10.05;4;1.72;7.31;0;0.5;9.85
MCOPED;2014;600000194;600100713;1;1;20;4;208;2615;6081;10;10;6;6;11.5;11.5;1;1;1;1;13;8;16;0;1;10;5;3;8;0;1;18.58;5;13.29;22.33;0;1;13.29
MCOPED;2014;600000467;600101984;1;1;28;5;817;2913;9230;8;8;2;2;3.55;3.55;1;1;0;0;16;2;10;0;1;9;2;1;2;0;0;16.03;2;1.3;10.5;0;1;10.7
MCOPED;2014;600113476;600100721;1;1;28;2;329;2273;6625;6;5;3;3;4.61;4.56;1;1;1;1;18;3;8;0;0;12;9;0;7;0;1;21.97;5;2.72;13.06;0;0.5;10.06
MCOPED;2014;610000051;610780082;1;0;16;0;169;1377;3299;4;4;;;4;4;1;1;0;0;4;5;5;;;14;5;1;2;;;6.54;3;5.79;5.95;;;15.11
MCOPED;2014;610000069;610780090;1;0;20;;0;1388;3457;4;4;;;4;4;0;0;1;1;8;2;1;;;12;6;2;;;;12.8;5;3.73;1;;;16.43
MCOPED;2014;610000119;610780165;1;1;30;0;0;2240;6936;4;4;6;5;6.34;6.24;;;;;11;8;5;0;0;7;9;4;6;1;2;17.99;6;9.4;10.39;0.25;2.1;11.99
MCOPED;2014;620000026;620003814;1;0;2;1;26;134;464;2;1;;;0.09;0.04;0;0;0;;8;;2;2;;8;4;;1;1;;1.32;5;;0.35;0.41;;1.42
MCOPED;2014;620000034;620100057;1;1;24;6;681;2620;5773;4;4;2;2;5.18;5.18;1;1;0;0;15;4;12;;1;19;8;3;4;;0;9.56;6;7.97;13.73;;1;16.29
MCOPED;2014;620000224;620100651;1;0;25;2;590;2252;4799;6;6;3;3;6.38;6.38;0;0;1;1;3;8;12;;1;1;4;3;4;;1;4.64;6;10.98;13.75;;1;3
MCOPED;2014;620000257;620100685;1;1;45;10;1431;4873;13083;10;10;3;3;11.4;11.4;1;1;0;0;24;7;19;;;20;4;3;7;1;2;19.41;4;9.16;23.79;0.74;0.82;16.75
MCOPED;2014;620000323;620101337;1;1;18;4;571;1597;4199;7;7;1;1;7.6;7.6;1;;0;;12;5;12;0;0;2;4;1;6;0;0;15.44;1;6.88;17.57;0;0.92;2.98
MCOPED;2014;620000349;620101360;1;;10;2;21;1171;2938;3;3;1;1;3.5;3.5;;;;;;6;;;;6;1;3;2;;;0.45;2;6.41;3.87;0.15;;4.28
MCOPED;2014;620000653;620103440;1;0;27;2;396;2806;6244;8;;4;;8.47;;0;;1;;1;1;;;;;;1;;;;1;;1.8;;;;
MCOPED;2014;620003202;620103432;1;1;18;2;166;1751;2992;3;3;6;6;4.69;4.69;0;0;1;1;4;4;0;0;0;7;4;2;0;0;1;7.36;5;5.3;0;0;0.25;9.11
MCOPED;2014;630781268;630780989;1;1;10;4;1956;4487;17081;7;7;4;2;5.1;4.25;1;;;;7;4;10;0;;5;5;3;6;0;1;11.33;3;6.2;17.3;0;0.6;7.4
MCOPED;2014;640000162;640780417;1;1;32;2;474;3652;6352;4;4;6;6;4.46;4.46;1;1;0;0;7;11;7;0;0;11;4;2;5;0;1;5.47;4;11.81;10.78;0;0.5;13.6
MCOPED;2014;640000402;640780813;1;0;0;;0;105;206;0;0;0;0;1.01;1.01;0;0;0;0;0;0;0;0;0;0;0;1;0;0;0;3.33;3;0.8;1.6;0;0;4.85
MCOPED;2014;640000600;640781290;1;1;23;5;1267;2551;5837;8;8;;;3.45;3.45;0;0;0;0;15;29;25;;2;13;3;25;10;1;;16.75;1;45.85;32.07;0.14;0.67;14.27
MCOPED;2014;650000417;650783160;1;1;18;6;1869;1497;2761;6;6;3;3;7.25;7.25;0;1;0;0;9;10;5;0;1;10;2;7;2;0;1;8.08;7;17.02;7.25;0;1.49;12.04
MCOPED;2014;660000084;660780180;1;;25;5;564;3041;6470;4;4;6;6;7.2;7.2;;;;;21;9;;;;20;1;;;;;20.83;;8.58;;;;20.33
MCOPED;2014;660780784;660000407;0;1;;;;;;;;;;;;;;;;;;;;;;;;;;;;;;;;;
MCOPED;2014;670000157;670780337;1;1;14;2;370;1300;3603;1;1;;;1;1;1;1;0;0;5;14;4;;;4;2;2;1;;1;7.02;4;15.31;4.25;;0.25;6.53
MCOPED;2014;670000165;670780345;1;1;14;1;39;1096;2810;;;;;0.2;0.2;0;1;1;0;;;;;;;3;2;;;;2.3;;1.15;0.3;;;0.93
MCOPED;2014;670000397;670780691;1;;14;0;0;1753;4812;3;2;1;1;2.43;1.43;0;0;1;1;3;1;1;0;0;6;6;3;1;0;0;7.1;3;3.22;1.57;0;0;5.86
MCOPED;2014;670780212;670014604;1;0;6;;0;294;723;11;;92;10;51;5;1;;1;1;;;;;;;;;;;;;;;;;;
MCOPED;2014;670783273;670780055;1;1;113;23;4304;6552;26886;56;56;25;25;29.5;29.5;1;1;1;1;62;65;36;3;6;86;43;52;19;2;2;89.24;40;103.64;50.86;3.8;6.78;108.95
MCOPED;2014;680000627;680000486;1;1;41;5;1147;3018;10248;5;5;4;3;4.3;4.1;1;1;0;0;9;1;14;1;1;13;4;9;8;1;1;12.11;6;7.33;20.26;1.4;0.42;9.4
MCOPED;2014;680001195;680016011;0;0;;;;;;;;;;;;;;;;;;;;;;;;;;;;;;;;;
MCOPED;2014;680001245;680000973;1;1;50;10;2313;4577;9872;12;12;7;7;4.1;4.1;1;1;0;0;10;7;31;;;14;15;9;8;;;20.3;15;14.05;38.15;;;23.35
MCOPED;2014;680004546;680000486;1;0;13;;0;1118;1601;3;0;0;0;0.6;0;1;;0;;2;2;3;;;6;2;3;;1;;3.6;7;4.1;3;0.01;;7.81
MCOPED;2014;690000575;690782222;1;0;39;4;1011;3723;9302;7;7;9;8;3.92;3.86;1;;0;;10;7;10;;;6;10;6;6;;;16.38;2;9.19;13.15;;;5.86
MCOPED;2014;690000880;690783220;1;0;18;;;;;3;3;5;5;5.58;5.58;0;0;1;1;16;2;11;0;0;10;4;3;2;0;2;17.45;1;3.93;10.62;0;0.97;8.97
MCOPED;2014;690007539;690781810;1;1;219;63;15587;13725;52994;6;23;23;41;20.53;50.51;1;1;1;1;128;58;;3;1;204;36;31;;2;8;146.51;54;80.49;;4.71;7.3;234.63
MCOPED;2014;690019849;690781810;1;0;27;12;2018;632;2719;1;3;;1;0.17;2.16;0;0;1;1;15;1;;;;11;3;;;;;16.65;1;1;;;;11.07
MCOPED;2014;690780382;690006598;0;1;;;;;;;;;;;;;;;;;;;;;;;;;;;;;;;;;
MCOPED;2014;690784178;690781810;1;0;0;5;1071;0;0;;;;;0.3;0.1;0;0;0;0;;;;;;;;;;;;0.46;1;;;;0.05;0.72
MCOPED;2014;690784186;690781810;1;0;19;0;0;619;6255;;;;;2.73;0.65;1;0;1;0;;;;;;;;;;;;20.34;;7.67;;;;15.01
MCOPED;2014;690807599;690006598;1;0;12;0;0;624;2456;1;1;4;4;2.93;2.93;0;0;1;1;3;3;8;;;1;1;1;3;;1;3.17;1;3.43;10.13;;0.29;0.92
MCOPED;2014;700000029;700004591;1;0;6;6;492;2704;5195;1;;;;1;;0;0;0;0;;;;;;;;;;;;;;;;;;
MCOPED;2014;710010067;710780644;1;0;12;0;0;1131;2272;;;1;;0.6;;;;;;3;2;10;;;1;3;;4;;;6;;2;6.77;;;1
MCOPED;2014;710010786;710781451;1;0;5;;0;311;913;0;0;2;1;2.04;1.97;0;0;1;1;0;0;0;0;0;0;8;0;4;4;0;2.13;23;0;1.14;0.3;0;4.55
MCOPED;2014;710978263;710780958;1;0;18;;0;2252;4160;4;4;2;2;1;1;1;;0;;11;8;7;;;6;1;1;2;;2;9.96;;7.18;8.46;;0.58;5.84
MCOPED;2014;710978289;710780263;1;1;16;0;155;1635;3839;7;7;3;2;5.63;5.42;;;;;8;8;9;;;4;1;5;8;;;6.46;2;13.04;13.48;;;4.56
MCOPED;2014;710978347;710781204;1;0;15;;0;738;1653;1;1;1;1;1.77;1.77;0;0;1;0;3;;4;;;;1;;;;;3.03;2;;4;;;1.5
MCOPED;2014;720000033;720000025;1;1;68;13;1786;6483;14606;3;;16;13;6.95;3.45;1;;0;;17;5;18;0;0;6;26;4;30;0;0;33.29;7;8.24;38.83;0;0;10.28
MCOPED;2014;720016179;720016724;1;;8;;425;769;1960;2;2;2;2;2.5;2.5;1;1;0;0;;1;3;;1;7;3;3;2;;2;2.63;2;4.16;3.68;;0.8;7.08
MCOPED;2014;730000031;730000015;1;1;40;8;460;4090;9536;8;0;8;0;7.26;0;;;;;21;23;0;0;1;53;5;4;0;0;1;19.9;22;20.3;0;0;1.25;50.5
MCOPED;2014;730000080;730780103;0;;;;;;;;;;;;;;;;;;;;;;;;;;;;;;;;;;
MCOPED;2014;730000262;730002839;1;0;14;0;0;1452;2985;4;4;2;2;2.2;2.2;0;0;1;1;1;0;2;;;3;9;12;15;;;6.15;6;7.95;8.82;;;7.14
MCOPED;2014;740000237;740781133;1;1;36;4;242;3505;8589;12;12;5;4;8.94;4.79;1;1;0;0;15;11;29;0;0;6;3;5;6;0;0;15.62;3;14.56;32.15;0;0;6.25
MCOPED;2014;740000302;740781133;1;0;8;;0;1104;1898;0;0;2;2;2.17;2.17;0;0;1;1;2;1;2;0;0;3;5;1;5;0;0;5.6;1;1.89;6.47;0;0;3.42
MCOPED;2014;740000328;740790381;1;0;14;0;0;2348;3918;6;6;2;2;3.57;3.57;0;0;1;1;24;;7;;;24;;;;;;11.09;;;2.85;;;6.84
MCOPED;2014;740781141;740790258;1;0;22;;0;2479;5281;4;4;7;7;7.3;7.3;0;0;1;1;5;3;5;0;0;6;4;2;5;0;1;8.97;3;3.36;9.07;0;0.5;6.16
MCOPED;2014;740781224;740001839;1;1;22;4;739;1827;4918;3;3;1;1;2.01;1.96;0;0;1;1;11;3;6;;;6;7;3;5;;1;12.26;5;3.05;8.23;;0.75;7.23
MCOPED;2014;750000549;750150229;1;0;13;0;0;688;1738;5;2;7;5;7.82;3.82;0;0;1;1;;2;1;;;5;;;;;1;;;1.59;1;;0.52;4.22
MCOPED;2014;750100109;750712184;1;1;144;37;6547;11369;40205;107;54;66;41;127.2;67.9;1;1;0;0;194;19;49;8;10;189;44;4;9;2;9;222.8;47;22;51.3;7.6;15.8;234.6
MCOPED;2014;750100166;750712184;1;;10;6;1138;205;3156;2;;1;;2.5;;;;;;;;;;;;;;;;;;;;;;;
MCOPED;2014;750100208;750712184;1;1;433;72;10777;21615;91379;;;;;253.08;;1;1;1;1;476;113;130;0;18;;60;14;14;1;14;525.49;;133.45;136.49;0.4;28.79;302.41
MCOPED;2014;750160012;750813321;1;0;16;5;;;;6;6;4;4;7.45;7.45;0;0;1;1;14;5;8;0;0;11;7;2;0;0;0;18.38;2;7.58;7.92;0;0;11.98
MCOPED;2014;750803454;750712184;1;;202;50;9485;13694;54707;111;68;133;53;151.34;86.08;1;1;1;1;259;46;78;15;10;188;41;5;8;4;7;291.4;48;55;84.5;17.5;13.39;219.31
MCOPED;2014;760000018;760780023;1;1;21;2;333;1471;3211;2;2;3;3;5.33;5.33;0;0;1;1;6;3;7;0;1;13;11;4;5;0;0;14.98;5;5.9;11.24;0;0.7;9.06
MCOPED;2014;760000158;760780239;1;1;208;18;4948;8405;36475;27;15;11;6;22.7;11.3;;;;;122;51;97;;6;67;81;44;43;;4;168.23;23;78.4;111.03;;5.73;48.5
MCOPED;2014;760000364;760780734;1;0;11;;0;944;2851;;;;;;;;;;;12;1;0;0;1;10;1;0;0;0;0;11.98;1;1.24;0;0;0.02;8.07
MCOPED;2014;760000463;760024042;1;1;12;;0;1541;3693;7;7;;;5.32;5.32;1;;;;;;;;;;19;6;;;;4.92;38;1.34;;;;6.57
MCOPED;2014;760805770;760780726;1;1;62;14;1063;5994;13382;9;9;6;6;9.93;9.93;1;1;1;1;38;5;0;0;0;62;41;11;0;0;1;57.67;55;12.15;0.08;0;0.8;87.3
MCOPED;2014;770000131;770110013;1;1;10;;0;828;2083;5;5;1;1;5.65;5.65;1;1;0;0;4;4;8;;;2;2;;2;;1;6;2;4.5;9.6;;0.5;2.49
MCOPED;2014;770000149;770110021;1;1;15;3;813;1880;3455;8;8;4;4;4.91;4.91;1;1;0;0;15;2;7;;;8;5;1;;;;12.06;5;2.68;7.55;;;8.17
MCOPED;2014;770000156;770110054;1;1;30;2;283;2454;4960;7;7;6;6;3.5;3.5;1;1;0;0;30;5;9;;2;9;8;3;;;1;35.94;1;7.1;9.95;;1.28;10.38
MCOPED;2014;770000164;770110062;1;1;16;1;309;1273;3720;4;4;1;1;4.73;4.73;0;0;1;1;5;4;17;;2;9;;;;;;5.33;;3.5;16.98;;0.8;6.88
MCOPED;2014;770000172;770110070;1;1;14;2;114;1048;2411;5;5;;;3.36;3.36;;1;;;9;1;4;;;2;3;1;3;;;10.61;2;1.56;6.6;;;3.04
MCOPED;2014;770000446;770700185;1;1;34;3;957;3785;10290;7;7;6;4;8.5;8.3;0;0;0;0;5;1;7;;;13;10;1;3;;3;14.43;5;1.54;9;;1.5;17.01
MCOPED;2014;770019032;770170017;1;1;25;2;865;1882;6915;4;;2;;1.67;;;;;;18;;10;;;5;2;;;;;18.72;1;;9.97;;;5.79
MCOPED;2014;770300135;770000289;0;1;;;;;;;;;;;;;;;;;;;;;;;;;;;;;;;;;
MCOPED;2014;780000287;780110011;1;1;32;;0;3373;6660;3;3;;;2.9;2.18;;;;;12;2;22;2;;7;5;2;9;;2;17.32;2;3.23;26.86;0.42;1.25;5.09
MCOPED;2014;780000311;780001236;1;1;26;4;898;3285;6134;7;7;6;5;8.71;8.51;0;0;0;0;14;10;11;;;12;4;4;6;;1;17.63;4;13.16;15.94;;1.67;14.42
MCOPED;2014;780000329;780110052;1;1;13;3;334;1087;2430;7;7;1;1;6.26;6.26;1;1;0;0;13;4;10;;;7;4;1;2;;1;13.5;;4.08;10.49;;0.2;7.62
MCOPED;2014;780000337;780001236;0;0;;;;;;;;;;;;;;;;;;;;;;;;;;;;;;;;;
MCOPED;2014;780300414;780000675;0;1;;;;;;;;;;;;;;;;;;;;;;;;;;;;;;;;;
MCOPED;2014;780630026;750803900;1;0;1;8;1389;44;292;1;1;8;5;2.13;1.23;1;1;1;0;14;;6;;;;;;3;;;0.27;1;;1.1;;;0.95
MCOPED;2014;780800256;780110078;1;0;34;6;1248;2832;8829;;14;;15;;18.85;;1;;;17;8;18;;;12;6;6;9;;2;21.35;6;13.04;22.93;;1.5;11.63
MCOPED;2014;790000087;790000012;1;1;29;5;231;2488;5781;7;7;3;3;8.83;8.83;1;1;0;0;10;7;12;;2;3;7;1;11;1;1;15.24;13;8.25;18.67;0.13;1.62;9.85
MCOPED;2014;800000143;800000028;1;0;19;1;83;1659;3231;5;5;3;3;5.37;5.37;0;0;1;1;5;3;2;0;1;11;5;2;3;0;0;9.76;3;4.66;5.05;0;0.33;12.48
MCOPED;2014;800000192;800000044;1;0;108;17;1546;4554;16787;;;;;17.01;10.34;1;1;0;0;;;;;;;;;;;;16.3;;6.43;9.9;;0.37;9.99
MCOPED;2014;800006124;800000044;1;1;112;28;549;1586;4749;39;21;8;2;17.01;10.34;1;1;0;0;38;15;31;;2;39;39;14;11;;;16.3;11;6.43;9.9;;0.37;9.99
MCOPED;2014;810000224;810000471;0;0;;;;;;;;;;;;;;;;;;;;;;;;;;;;;;;;;
MCOPED;2014;810000505;810000331;1;1;18;2;487;1167;2724;5;5;1;1;1.24;1.24;0;0;1;1;6;3;5;;;5;4;0;4;;;8.77;4;3;4.34;;;5.19
MCOPED;2014;810000521;810000380;1;0;12;0;0;1685;2925;5;5;1;1;6.42;6.42;0;0;1;1;2;5;7;4;;5;4;8;5;5;;5.2;1;6.63;10.68;0.22;;2.88
MCOPED;2014;820000032;820000016;1;0;19;0;0;1892;2914;3;3;2;2;1.5;1.5;0;0;1;1;7;2;1;1;;7;1;2;1;;;5.35;1;3.91;2;0.25;;10.55
MCOPED;2014;830000287;830100525;1;0;12;2;75;1212;2262;2;2;2;2;3.1;3.1;1;1;0;0;5;2;3;;;4;7;4;3;;1;8;3;4.97;4.99;;0.25;10.21
MCOPED;2014;830000295;830100533;1;;20;;0;2157;4147;3;3;6;6;5.38;5.38;0;0;1;1;;7;8;;;4;;10;2;1;;;9;13.86;8.44;0.1;;8.9
MCOPED;2014;830000311;830100566;1;1;23;3;361;2440;5999;4;4;1;1;2.82;2.82;1;1;;;7;9;12;;;;2;2;1;;;8.71;;11.3;12.92;;;
MCOPED;2014;830000345;830100616;1;1;43;1;496;5139;9767;;;7;7;0.67;0.67;;;;;1;2;4;0;0;0;2;2;3;0;0;2.37;5;3.57;6.5;0;0;0.55
MCOPED;2014;830100558;690781810;1;0;2;2;306;26;326;0;;;;0.2;;;;;;;;;;;;;;;;;;;;;;;
MCOPED;2014;840000392;840000046;0;0;;;;;;;;;;;;;;;;;;;;;;;;;;;;;;;;;
MCOPED;2014;840000418;840004659;1;0;1;;0;37;95;0;0;4;4;1.6;1.6;;;;;;;;;;;;;;;;;;;;;;
MCOPED;2014;840000483;840000087;0;0;;;;;;;;;;;;;;;;;;;;;;;;;;;;;;;;;
MCOPED;2014;840001861;840006597;1;1;56;1;135;5878;11126;5;4;7;3;5.24;3.55;0;;1;;9;15;23;1;2;68;11;12;9;;2;12.49;4;19.79;21.89;0.36;1.34;15.16
MCOPED;2014;850000142;850000019;1;1;27;3;1033;2472;5292;;;11;10;2.69;2.64;1;1;0;0;;2;1;;;2;12;10;21;;;7.64;18;8.51;16.45;0;0;11.99
MCOPED;2014;850000241;850000084;1;0;7;;0;808;1524;3;3;2;2;2.49;2.49;0;0;0;0;4;1;1;0;0;3;3;1;6;0;0;6.29;7;1.75;6.07;0;0;8.73
MCOPED;2014;850009630;850000035;1;0;10;0;0;985;1645;2;2;1;1;2.6;2.6;0;;1;;2;1;1;;;1;3;3;6;;1;4.34;2;3.2;6.03;;0.35;2.19
MCOPED;2014;860000223;860013077;1;1;39;10;739;4609;11760;13;12;3;3;9.33;9.33;0;0;1;1;13;2;11;1;1;5;6;4;9;;;14.34;;5.47;16.19;0.4;1;4.95
MCOPED;2014;860780568;860000140;1;;4;;0;13;21;5;2;;1;5;2.3;0;0;1;1;6;;5;;;;;;;;;6;;;5;;;
MCOPED;2014;870014859;870000015;1;1;111;12;1421;4396;12604;25;14;6;3;16;9.1;1;1;1;1;64;50;41;8;1;78;28;24;8;0;2;78.63;18;62.15;43.98;7.03;0.69;82.26
MCOPED;2014;880000021;880007059;1;1;16;;0;1502;2533;5;;3;;6.5;;1;;0;;13;9;9;;;2;2;4;;;1;13.79;7;13.77;9;;0.5;5.55
MCOPED;2014;880000047;880780077;1;0;10;0;0;1198;2395;3;3;;;2.1;2.1;0;0;1;1;5;9;5;;;1;1;1;1;;;5.8;1;9.8;5.75;;;1.9
MCOPED;2014;880000054;880007299;1;0;12;;351;705;1402;2;2;;;1.1;1.1;0;0;1;1;1;3;;;;;1;5;15;2;;1.94;15;6.28;4.68;0.1;;4.18
MCOPED;2014;880000062;880780093;1;1;14;3;710;1414;3160;;5;5;;1.61;1.61;0;0;1;1;0;0;0;0;0;0;13;8;0;0;2;5.59;25;2.85;0;0;0.52;11.58
MCOPED;2014;890975527;890000037;1;1;18;2;209;1878;4963;6;6;;;6;6;1;1;1;1;7;6;11;;;13;3;5;0;;;9.57;2;9.93;11;;;14.24
MCOPED;2014;890975550;890970569;1;1;22;2;250;1539;4416;5;5;3;2;5.45;5.35;0;0;1;1;10;8;10;;;3;1;;;;1;6.45;2;4.44;6.25;;0.19;3.13
MCOPED;2014;900000167;900000365;1;1;24;0;430;2040;5308;;5;;5;;8.12;;1;;0;10;4;;;;16;6;2;;;;10.29;3;3.01;;;;15.59
MCOPED;2014;910000272;910110014;1;1;9;2;128;1045;2004;;;6;;1.92;;1;;0;;7;;4;;;1;2;;1;1;1;8;;;4.8;0.5;0.2;1
MCOPED;2014;910000280;910019447;1;1;16;2;196;1437;5674;5;5;3;3;3.85;3.85;;;;;5;2;;;;4;5;4;;;;8.21;3;5.6;;;;5.6
MCOPED;2014;910000298;910110055;1;1;4;0;627;1916;3264;2;1;1;1;2.82;1.9;1;1;0;0;11;1;10;;;1;5;1;2;;;14.95;3;1.75;10.6;;;4.62
MCOPED;2014;910000306;910110063;1;1;15;2;454;1491;3389;2;;8;;5.82;;;;;;13;4;6;;;6;5;1;2;;;16.29;2;4.25;7.77;;;9.33
MCOPED;2014;910001973;910019447;0;0;;;;;;;;;;;;;;;;;;;;;;;;;;;;;;;;;
MCOPED;2014;910020254;910002773;1;1;30;12;1019;3433;9416;;;16;;7.62;;;;;;14;4;12;;1;8;11;6;14;;4;19;8;8.4;19.5;;3.1;11.6
MCOPED;2014;910300219;910003888;1;0;26;;0;555;1888;7;2;;;7;2;1;0;1;0;;;;1;;1;;;;1;1;;;;;1.1;0.2;1
MCOPED;2014;920000585;920026374;1;1;18;0;0;1508;4028;7;7;5;5;7.19;7.19;1;1;0;0;11;3;7;;;7;;;2;;;9.44;4;3.66;7.73;;;8.03
MCOPED;2014;920000643;920150034;1;1;19;;0;1043;3280;4;4;6;6;6.46;6.46;1;1;0;0;7;3;5;;;2;1;;;;;6.82;;2.79;4.79;;;2.14
MCOPED;2014;920000684;920150091;1;0;28;;0;908;8553;13;3;3;;13.63;2.83;0;0;;;43;7;18;1;;31;4;1;1;;1;46.44;3;7.87;17.43;1;0.5;33.98
MCOPED;2014;920100013;750712184;1;1;37;4;879;2376;5989;0;0;5;5;1.5;1.5;;1;;;3;;2;;;;0;;0;;;3.9;;;2;;;
MCOPED;2014;920100021;750712184;1;1;33;2;693;3111;6976;2;2;7;1;5.6;2.5;1;1;0;0;14;1;8;;;4;3;;1;;;16.4;;1;8.8;;;4
MCOPED;2014;920100047;750712184;1;;9;5;798;3450;7414;7;7;2;2;8;1;1;1;0;0;;;;;;;;;;;;;;;;;;
MCOPED;2014;920100054;750712184;1;;43;5;1499;766;6928;0;0;35;;11.1;;1;1;;;47;15;;3;3;55;6;4;;2;2;48.75;6;17.7;;3.68;3.92;57.93
MCOPED;2014;920300043;920001526;1;0;8;5;;;;;;;;;;;;;;5;;;;;6;;;;;;4.88;;;;;;5.72
MCOPED;2014;920300597;920000940;0;1;;;;;;;;;;;;;;;;;;;;;;;;;;;;;;;;;
MCOPED;2014;920300787;920000981;0;0;;;;;;;;;;;;;;;;;;;;;;;;;;;;;;;;;
MCOPED;2014;930000286;930021480;1;;23;2;3926;2023;5463;10;9;5;2;12.43;8.7;;;;;20;9;10;;1;14;;;1;;1;12.43;;7.19;9.44;;0.72;11.02
MCOPED;2014;930000302;930110036;1;1;17;3;201;1426;4049;3;3;4;4;4.55;4.55;1;1;;;8;;7;;;6;5;;3;;;11.76;3;;9.15;0.37;;8.16
MCOPED;2014;930000328;930110051;1;1;30;2;2220;3784;9577;4;4;1;;4.6;4;;;;;16;10;16;;;17;3;1;4;;1;17.17;5;10.66;21.42;;0.5;19.91
MCOPED;2014;930000336;930110069;1;;30;3;2224;2855;9493;20;;;;15.83;;;;;;;;;;;;;;;;;;;;;;;
MCOPED;2014;930100045;750712184;1;1;29;7;1486;2644;8850;6;4;5;6;10.3;8.3;1;1;;;31;3;5;;;21;7;0;1;;1;39.3;5;3;5.8;;0.4;23.4
MCOPED;2014;930300629;930000666;1;0;7;0;0;34;1;1;;;;0.3;;0;0;0;0;;;;;;;;;;;;;;;;;;
MCOPED;2014;940000573;940110018;1;1;49;5;1869;5614;14507;7;;15;;12.82;;1;1;0;0;18;3;4;;;22;2;;;;3;19.15;3;3.08;3.9;;1.15;19.05
MCOPED;2014;940000599;940110042;1;;;;697;3491;9657;;;;;;;;;;;;;;;;;;;;;;;;;;;;
MCOPED;2014;940000649;940150014;1;1;38;3;1011;3511;7613;7;6;7;4;10.8;7.9;1;1;1;1;6;;10;;;;1;1;1;1;2;5.12;;0.85;9.4;0.4;0.71;
MCOPED;2014;940000664;940160013;1;0;32;8;;;;13;13;7;7;11.09;11.09;1;1;1;1;;;;;;;;;;;;;;;;;;
MCOPED;2014;940100043;750712184;1;1;6;4;4771;7417;32678;6;5;7;6;8.4;7.1;1;1;0;0;13;1;7;;;6;3;;1;;;15.4;3;1;7.8;;;8.3
MCOPED;2014;950000307;950110015;1;0;21;2;418;2023;4633;5;3;2;2;4.86;3.64;1;1;0;0;12;2;9;0;2;7;7;0;4;0;0;15.65;0;2;11.53;0;1.06;7.45
MCOPED;2014;950000315;950001370;1;0;18;1;151;1554;4388;7;6;3;3;5.83;4.86;;;;;9;3;7;;;4;6;2;4;;1;12.87;1;5.16;10.37;;0.5;4.74
MCOPED;2014;950000323;950013870;1;1;25;5;115;264;749;1;4;1;5;0.81;0.68;1;1;1;1;4;3;9;;1;8;5;2;3;;1;1.02;10;0.49;1.36;;0.74;1.73
MCOPED;2014;950000331;950110049;1;1;57;3;777;4376;10703;10;9;3;2;6.68;6.57;1;1;;0;41;9;30;;1;16;9;5;4;;1;45.55;2;8.31;32.72;;1.41;18.27
MCOPED;2014;950000356;950013870;1;;;;320;1652;4143;;;;;6.45;6.37;1;1;1;1;;;;;;;;;;;;5.96;;4.17;9.98;;1.32;9.98
MCOPED;2014;950000364;950110080;1;1;34;5;269;4612;10084;3;;3;;5.25;;;;;;0;0;0;0;0;2;0;0;0;0;0;0;0;0;0;0;0;2
MCOPED;2014;950630012;750721334;1;;5;;;342;1776;;;;;;;;;;;;;;;;;;;;;;;;;;;;
MCOPED;2014;970100392;970100178;1;0;15;4;246;1005;2983;7;7;0;0;5.22;5.22;1;1;;;14;14;1;0;1;9;0;0;0;0;0;15.2;0;14.15;1;0;0.25;8.92
MCOPED;2014;970100400;970100186;1;0;8;0;0;543;1406;2;2;;;2;2;;;0;0;6;10;;;;;;;;;;6;;10;;;;
MCOPED;2014;970100442;970100228;1;1;53;10;1089;3398;10428;5;2;3;3;6.14;4.7;1;1;1;1;21;9;21;0;1;30;0;2;0;0;0;20.18;0;10.01;21;0;1;29.75
MCOPED;2014;970211223;970211207;1;1;17;2;80;1008;2581;8;2;;;8;1.25;;;;;14;3;;;;22;;;;;;14;;3;;;;21.99
MCOPED;2014;970211231;970211207;1;0;18;8;2;160;578;;;;;;;;;;;;;;;;;;;;;;;;;;;;
MCOPED;2014;970211256;970211207;1;1;40;4;1299;4054;14116;11;3;;;7.06;2.7;;;;;22;4;;;;26;;;;;;21.71;;4;;;;26
MCOPED;2014;970300026;970302022;1;0;38;4;448;2663;11685;6;3;2;1;7;3.8;1;1;1;1;29;;25;1;1;6;4;;2;;;30.6;1;;24.04;1;1;6.5
MCOPED;2014;970300083;970302121;1;0;21;;0;568;2977;9;9;1;1;7.75;7.75;1;1;1;1;23;0;13;0;0;5;1;0;0;0;0;22.05;0;0;12.13;0;0;5.39
MCOPED;2014;970300265;750721334;1;0;11;;0;671;2628;;;3;;2.2;;1;1;0;0;7;5;5;;;2;1;;;;;7.93;;4.42;4.48;;;2.04
MCOPED;2014;970400024;970408589;1;1;56;6;2116;4172;15750;17;11;2;;18.16;11;0;0;1;1;41;6;38;;1;11;2;;2;;;42.6;;6;39.6;;1;11
MCOPED;2014;970400057;970408589;1;1;52;4;1124;4823;14290;12;12;;;9.93;9.93;1;1;1;1;27;10;28;0;2;12;;;;;;26.43;;10;27.15;0;1.75;10.43
MCOPED;2014;970400065;970421038;1;1;25;0;0;2349;7224;10;10;2;2;6.94;6.94;1;1;0;0;14;10;0;0;1;27;0;4;0;0;0;14.88;2;13.27;0;0;0.42;25.09
MCOPED;2014;970400073;970403606;1;1;8;;0;582;1976;3;3;1;1;3;3;;;;;11;5;13;1;;5;;1;2;;;5.74;;3.31;7.78;0.15;;5.48
MCOPED;2014;980500011;980500003;1;0;49;2;256;1645;11879;;;;;;;1;;1;;29;;;;;;1;;;;;25.5;;;;;;
