BOR;AN;FI;FI_EJ;PSY_A22;PSY_A23;PSY_A24;PSY_A25;PSY_A26;PSY_A27;PSY_A28;PSY_B23;PSY_B24;PSY_B25;PSY_B26;PSY_B27;PSY_B28;PSY_C22;PSY_C23;PSY_C24;PSY_C25;PSY_C26;PSY_C27;PSY_C28;PSY_D22;PSY_D23;PSY_D24;PSY_D25;PSY_D26;PSY_D27;PSY_D28;PSY_E22;PSY_E23;PSY_E24;PSY_E25;PSY_E26;PSY_E27;PSY_E28;PSY_A37;PSY_A38;PSY_B38;PSY_A39;PSY_B39;PSY_A40;PSY_B40;PSY_A41;PSY_B41;PSY_A42;PSY_B42
PSY2;2014;010000495;010783009;16363;86;7;2;33;676;176;92;3;2;29;542;154;79245;6316;776;68;349;43908;6145;17304;438;0;0;0;887;102;165914;1291;41;3;27;8409;903;;1;2.3;1;7.09;0;;1;26.97;0;
PSY2;2014;020000386;020000600;1116;;;;;;;;;;;;;28409;;;;;;;;;;;;;;;;;;;;;5;0;;0;;0;;0;;0;
PSY2;2014;020000543;020000295;2216;83;3;0;45;198;165;79;3;0;59;179;151;179185;8561;730;0;562;9398;5783;18561;408;0;0;0;104;45;150598;1001;0;0;0;1259;690;58.56;0;;0;;0;;0;;0;
PSY2;2014;020004156;590805065;426;;;;;;;;;;;;;19173;;;;;;;3370;;;;;;;;;;;;;;;0;;1;21;0;;0;;0;
PSY2;2014;020006664;020000063;3501;36;0;0;0;126;30;79;0;0;0;223;96;13034;2575;0;0;0;3539;915;12458;1229;0;0;0;631;503;32841;34;0;0;0;33;0;7.5;1;1;0;;0;;0;;0;
PSY2;2014;030000061;030780092;4516;33;1;2;;130;18;86;1;1;;240;30;57512;2330;21;14;;5467;513;13710;233;;;;314;13;52758;50;22;4;;300;59;;1;;1;;1;;1;;0;
PSY2;2014;030000087;030780118;;;;;;;;;;;;;;33562;1556;;;;6368;;44216;;;;;332;;60623;47;;;;1007;;15.35;1;9.41;1;39.22;1;5.08;0;;0;
PSY2;2014;030000160;030780282;725;;;;;;;;;;;;;123379;;;;;;;;;;;;;;23789;;;;;;;;0;;0;;0;;0;;0;
PSY2;2014;030781637;030780100;1115;17;;;;131;0;23;;;;;;11151;1888;;;;3254;;8607;177;;;;25;;28873;342;;;;2350;;;1;;1;;1;;0;;0;
PSY2;2014;040000911;040788879;2190;53;2;0;0;123;67;;;;;;;37478;2082;66;;;2636;891;;;;;;;;17967;397;0;;;719;310;;0;;1;31.62;1;17.68;0;;0;
PSY2;2014;050000132;050007145;2850;12;4;1;;52;49;12;4;;;54;51;33680;577;491;1;;1756;1394;3241;;;;;22;;40430;;;;;;;12;0;;0;;0;;0;;0;
PSY2;2014;050000231;050000116;812;;;;;;;;;;;;;6466;;;;;;;3106;;;;;;;11759;;;;;;;;;;;;;;;;;
PSY2;2014;050000454;050000645;109;;;;;;;;;;;;;9808;;;;;;;;;;;;;;;;;;;;;0.95;0;;0;;1;;0;;0;
PSY2;2014;050000991;050000546;320;;;;;;;;;;;;;12920;;;;;;;;;;;;;;;;;;;;;;0;;0;;0;;0;;0;
PSY2;2014;060000478;060780897;1638;30;15;1;13;78;0;15;3;0;0;113;0;5940;630;273;0;0;3032;0;1810;0;0;0;0;0;0;16624;195;40;1;22;134;0;;1;;0;;0;;0;;;
PSY2;2014;060000510;060780954;6119;41;0;0;0;242;16;22;0;0;0;145;8;22044;1320;0;0;0;5017;212;5648;0;0;0;0;136;0;36833;146;0;0;0;521;19;18.8;1;5.5;0;;0;;0;;0;
PSY2;2014;060000544;060780988;546;39;;;3;253;13;42;;;4;290;13;;;;;;;;;;;;;;;;;;;;;;19.1;1;2;;;;;;;;
PSY2;2014;060780442;060000213;590;;;;;;;;;;;;;17668;;;;;;;;;;;;;;;;;;;;;;0;;0;;0;;0;;0;
PSY2;2014;060780525;060000247;757;;;;;;;;;;;;;22032;;;;;;;;;;;;;;;;;;;;;;0;;0;;0;;0;;0;
PSY2;2014;060780541;060000262;711;;;;;;;;;;;;;23649;;;;;;;;;;;;;;;;;;;;;;0;;0;;0;;0;;0;
PSY2;2014;060780749;060000395;348;;;;;;;;;;;;;13661;;;;;;;;;;;;;;;;;;;;;;0;;0;;0;;0;;0;
PSY2;2014;060780996;630786754;2000;170;9;30;54;718;59;193;10;32;70;843;62;83462;15342;820;693;2216;28701;2143;31245;702;1;;1418;252;8;154521;2917;48;20;1314;2624;59;;;;1;44.24;1;21.61;1;25.92;1;23.35
PSY2;2014;060781929;060000858;825;;;;;;;;;;;;;27339;;;;;;;;;;;;;;;;;;;;;;0;;0;;0;;0;;0;
PSY2;2014;060785003;060785011;323;34;;;;113;9;34;;;;128;10;11673;769;;;;6382;639;4354;0;;;;31;0;17325;169;;;;655;8;;0;;0;;0;;0;;0;
PSY2;2014;060800174;060800174;3987;;;1;;;;;;1;;;;5427;;;14;;;;10311;;;;;;;44250;;;;;;;;1;;0;;1;36.5;;;;
PSY2;2014;070780317;630786754;12484;77;3;1;11;260;205;82;3;1;13;261;219;56563;4130;117;25;62;12196;4771;23305;323;;;;1364;403;117439;574;21;;16;2593;653;32.37;1;0.96;1;28.3;0;;0;;0;
PSY2;2014;080000318;080000086;1396;47;;2;;256;284;30;;2;;214;147;61427;1450;;18;;6668;3272;19714;128;;;;599;168;63501;404;0;0;;1105;829;19;1;0.38;0;;1;3.35;0;;0;
PSY2;2014;090000183;090781816;6928;94;0;2;1;214;121;;;;;;;19638;2705;0;11;0;4991;4445;4862;97;0;0;0;198;5;5476;1066;0;0;1;2418;36;;1;;1;;0;;0;;0;
PSY2;2014;100000108;100000033;5313;53;;1;20;190;43;26;;1;23;210;47;61879;5870;;21;284;9226;1678;16042;1221;;;;1106;13;62694;;;;;;;28.6;1;3.2;1;71.35;1;7.48;0;;0;
PSY2;2014;110002953;110780137;2809;20;;;;79;;22;;;;86;;10618;1205;;;;3396;;7076;;;;;;;19365;;;;;;;9.2;1;1.5;0;;1;;0;;0;
PSY2;2014;110780152;110000064;543;;;;;;;;;;;;;21666;;;;;;;;;;;;;;;;;;;;;;0;;0;;0;;0;;0;
PSY2;2014;110786324;110786324;8450;53;3;;8;253;10;61;3;;8;287;10;59139;2934;855;;87;12204;520;14890;;;;;26;;61736;258;;;;315;;;1;1.5;1;3;1;;0;;0;
PSY2;2014;120000039;120780044;1730;;;;;;;;;;;;;1507;;;;;;;3374;;;;;;;17101;;;;;;;;;;;;;;;;;
PSY2;2014;120004569;120004528;2673;;;;;;;;;;;;;7040;;;;;;;8033;;;;;;;37149;;;;;;;7;1;5.8;0;;1;3.9;0;;0;
PSY2;2014;120780283;630786754;8415;69;2;5;232;259;171;31;;1;1;221;157;73184;2079;724;2;3;9181;3799;13433;181;;;;410;172;107579;376;;11;1101;2827;490;24.35;0;;1;;0;;0;;0;
PSY2;2014;130000235;130780554;9888;123;28;2;25;354;87;124;28;2;31;392;90;52488;8883;2908;32;535;16913;3275;26360;544;52;;;1709;53;148624;4671;336;4;127;11193;1367;;1;0.4;0;;1;25.86;0;;0;
PSY2;2014;130000433;130781131;18438;99;9;2;40;516;196;192;13;7;59;628;254;84048;5216;900;272;848;17547;8217;23109;475;42;;;1262;107;179825;692;145;2;30;1942;375;83.48;1;;1;;1;;0;;0;
PSY2;2014;130002496;130786494;1453;50;4;1;15;182;104;81;5;1;23;218;118;35006;2919;300;28;215;5220;2399;31619;300;133;;;624;19;119341;312;93;30;1;1180;350;42.8;1;1.66;1;7.5;1;9.88;0;;0;
PSY2;2014;130002827;130789274;411;16;1;1;;63;2;17;;;;65;2;6760;1422;120;31;;2477;411;2015;;;;;;;42946;150;1;;;218;;11.1;0;;0;;1;;0;;0;
PSY2;2014;130780273;130000151;268;;;;;;;;;;;;;18252;;;;;;;;;;;;;;;;;;;;;;0;;0;;0;;0;;0;
PSY2;2014;130781065;130000417;539;;;;;;;;;;;;;27211;;;;;;;;;;;;;;;;;;;;;0;0;;0;;0;;0;;0;
PSY2;2014;130781594;130010648;117;;;;;;;;;;;;;37076;;;;;;;;;;;;;;;;;;;;;1.23;0;;0;;0;;0;;0;
PSY2;2014;130783236;130786049;7456;67;3;0;24;281;93;69;3;0;27;310;100;25052;2189;232;0;359;6749;2655;10828;158;30;0;5;191;25;40136;;;;;;;;1;;0;;0;;0;;;
PSY2;2014;130783764;750043994;2291;;;;;;;;;;;;;51728;;;;;;;2725;;;;;;;;;;;;;;;0;;0;;0;;0;;0;
PSY2;2014;130784234;130786049;12372;47;2;0;22;135;56;49;2;0;28;143;62;43095;2507;248;0;345;4078;2458;16646;0;0;0;0;57;0;81459;;;;;;;;0;;0;;1;;1;;1;
PSY2;2014;130784291;130001696;561;;;;;;;;;;;;;32287;;;;;;;;;;;;;;;;;;;;;;0;;0;;1;;0;;0;
PSY2;2014;130784549;130001811;84;;;;;;;;;;;;;30660;;;;;;;;;;;;;;;;;;;;;1;;;;;;;;;;
PSY2;2014;130784606;130001860;1135;;;;;;;;;;;;;69864;;;;;;;3315;;;;;;;;;;;;;;;0;;0;;0;;0;;0;
PSY2;2014;130784697;130001902;260;;;;;;;;;;;;;34721;;;;;;;5369;;;;;;;;;;;;;;1.53;0;;0;;0;;0;;0;
PSY2;2014;130786015;130002322;235;;;;;;;;;;;;;29023;;;;;;;;;;;;;;;;;;;;;;0;;0;;0;;0;;0;
PSY2;2014;130786742;750821092;171;2;0;0;0;0;0;0;0;0;0;0;0;4930;2;0;0;0;0;0;0;0;0;0;0;0;0;4225;0;0;0;0;0;0;4;1;3.5;0;;0;;0;;0;
PSY2;2014;130786890;130001688;108;;;;;;;;;;;;;1291;;;;;;;3097;;;;;;;;;;;;;;2;0;;0;;0;;0;;0;
PSY2;2014;130786973;130002702;262;;;;;;;;;;;;;27188;;;;;;;;;;;;;;;;;;;;;1.16;0;;0;;0;;0;;0;
PSY2;2014;130790157;130789316;5512;66;2;0;5;262;22;;;;;;;16274;976;133;0;14;8133;434;14140;488;0;0;0;1018;5;65066;86;1;0;2;2419;28;37;1;5.4;0;;1;1.1;0;;0;
PSY2;2014;130798002;130004807;904;;;;;;;;;;;;;69187;;;;;;;;;;;;;;;;;;;;;;0;;0;;0;;0;;0;
PSY2;2014;130804032;130804032;57;;;;;;;;;;;;;4146;;;;;;;;;;;;;;;;;;;;;1.4;0;;0;;0;;0;;0;
PSY2;2014;130806011;130001183;362;;;;;;;;;;;;;24242;;;;;;;;;;;;;;;;;;;;;0.07;0;;0;;0;;0;;0;
PSY2;2014;140000209;140000100;1004;35;3;;;97;14;;;;;;;;7;1;;;33;6;;218;2;;;64;8;;;;;;;;;1;;0;;1;;1;;0;
PSY2;2014;140000233;140000118;34;;;;;;;;;;;;;;;;;;;;2194;;;;;;;374;;;;;;;0.1;0;;0;;0;;0;;0;
PSY2;2014;140000324;140026279;31;;;;;;;;;;;;;1127;;;;;;;;;;;;;;;;;;;;;;0;;0;;0;;0;;0;
PSY2;2014;140000373;140000159;2568;16;0;0;1;74;5;;;;;;;9185;883;0;0;0;1057;0;3277;2;0;0;0;123;0;21496;89;0;0;1;88;23;;1;;0;;1;;0;;0;
PSY2;2014;140000456;140000316;12173;185;9;0;52;265;104;192;9;0;78;281;118;77673;15157;799;0;366;9856;2279;25756;3499;14;0;1;861;68;98387;2903;87;0;99;1554;245;;1;3.8;;;1;17.23;0;;1;
PSY2;2014;140004136;140000092;2000;25;;;;51;2;;;;;;;7102;458;;;;872;145;3298;31;;;;69;;16503;478;;;;77;;10.6;1;0.3;0;;0;;0;;0;
PSY2;2014;140004383;140000100;1435;;;;;;;;;;;;;2681;;;;;;;2817;;;;;;;8311;;;;;;;8.4;1;1;0;;1;32.3;0;;0;
PSY2;2014;150000040;150780096;4462;28;;2;10;161;46;;;;;;;24221;865;;18;;8541;2689;13773;52;;;;2902;407;50909;577;;;17;1868;76;;1;;1;1.4;1;2;0;;0;
PSY2;2014;150780773;150780088;862;9;;;;28;;10;;;;37;;5230;99;;;;1553;;801;433;;;;976;;6492;129;;;;473;;2;1;0.01;0;;0;;0;;0;
PSY2;2014;150780823;150780096;155;1;;;;;;;;;;;;1241;;;;;;;14562;79;;;;;;;;;;;;;;;;;;;;;;;
PSY2;2014;150782944;150002566;67;;;;;;;1;;;;;;9021;;;;;;;;;;;;;;;;;;;;;0.4;0;;0;;0;;0;;0;
PSY2;2014;160000345;160000501;1138;115;5;0;11;257;137;118;5;0;12;263;144;54702;5174;771;0;46;8876;3747;;;;;;;;62380;1696;7;0;0;1405;843;29.95;1;1.21;1;1;1;40.17;0;;0;
PSY2;2014;160008231;160001038;566;;;;;;;;;;;;;13785;;;;;;;;;;;;;;;;;;;;;;0;;0;;0;;0;;0;
PSY2;2014;170000103;170780175;1209;19;;1;;62;10;;;;;;;10480;1086;;23;;4280;507;1540;;;;;;;5335;;;;;;;7.5;1;;0;;1;24.08;0;;0;
PSY2;2014;170020994;170780175;3665;9;;;;13;1;;;;;;;;;;;;;;6120;11;;;;114;1;38052;;;;;691;;5.5;1;;0;;1;15.32;0;;0;
PSY2;2014;170780282;170000186;552;;;;;;;;;;;;;20527;;;;;;;;;;;;;;;;;;;;;;0;;0;;0;;0;;0;
PSY2;2014;170780290;170000194;553;;;;;;;;;;;;;20261;;;;;;;;;;;;;;;;;;;;;;0;;0;;0;;0;;0;
PSY2;2014;170782981;170023279;2896;38;3;;18;392;46;4;8;;25;329;39;72595;1960;711;;235;15409;1474;28932;582;;;;790;48;84139;274;946;;1965;2632;117;32.41;1;;1;4.92;1;31.02;0;;0;
PSY2;2014;170783146;170780050;1454;16;1;;3;73;35;25;1;;3;79;43;15450;1683;13;;21;1901;931;17576;391;81;;;368;214;;;;;;;;12.3;1;;1;6.29;1;4.87;0;;0;
PSY2;2014;170784086;330785072;28;;;;;;;;;;;;;3820;;;;;;;;;;;;;;;;;;;;;0.45;0;;0;;1;22.86;0;;0;
PSY2;2014;180000176;180001158;2317;42;;;4;192;71;42;;;4;218;74;179210;3158;;;25;8463;1655;22965;265;;;;948;41;;;;;;;;;1;0.3;1;;1;;0;;0;
PSY2;2014;180000382;180008518;402;;;;;;;;;;;;;10925;;;;;;;827;;;;;;;;;;;;;;0;0;;0;;0;;0;;0;
PSY2;2014;180004533;580780971;10;;;;;;;;;;;;;;;;;;;;1253;;;;;;;;;;;;;;;0;;0;;0;;0;;0;
PSY2;2014;190000026;190000059;2032;8;;;7;66;5;;;;;;;7769;133;;;7;1183;66;6019;;;;;9;;13443;34;;;;98;;3;0;;0;;0;;0;;0;
PSY2;2014;190000091;190000075;835;;;;;;;;;;;;;5313;;;;;;;3128;;;;;;;5527;;;;;;;3;1;2;0;;0;;0;;0;
PSY2;2014;190000117;190000117;739;92;4;;35;60;42;;;;;;;27039;11580;202;;1988;3387;2134;2336;31;;;;;;17198;667;;;;90;463;;0;;1;36.58;0;;1;93.35;0;
PSY2;2014;190011601;190000042;838;14;;;;111;17;14;;;;111;17;15032;;;;;;;7005;;;;;;;;;;;;;;11.2;1;;1;2.5;0;;0;;0;
PSY2;2014;210780425;210781282;67;;;;;;;;;;;;;5222;;;;;;;;;;;;;;;;;;;;;0.88;0;;0;;0;;0;;0;
PSY2;2014;210781621;210780581;3747;2;;;;62;13;2;;;;70;13;17569;;;;;;;3811;;;;;;;13630;;;;;;;;1;1;1;1;0;;0;;0;
PSY2;2014;210987558;210780581;1071;;;;;;;;;;;;;3173;;;;;;;1037;;;;;;;9723;;;;;;;;;;0;;1;;0;;0;
PSY2;2014;210987632;210780607;11869;27;1;1;17;330;152;28;1;1;23;368;162;82144;2032;294;22;204;6729;2500;22223;42;;;;55;;140167;11;;;;67;;;1;1;1;39.22;1;6.49;0;;1;12.21
PSY2;2014;210987699;210780706;2614;41;;;1;85;;28;;;;71;;7360;1183;;;;1638;;2703;59;;;;22;;14082;85;;;2;40;;;1;4.79;0;;1;5.3;0;;0;
PSY2;2014;220000210;220000210;1497;39;;;;267;;56;;;;313;;47545;1565;;;;5315;;16013;78;;;;124;;89999;202;;;;474;;23.51;1;0.95;1;24.14;1;77.27;0;;0;
PSY2;2014;220000236;220017974;2112;108;12;;11;141;58;110;12;;11;151;64;35209;13085;1307;;1174;7433;2113;9;;;;;;;4396;11;;;;54;8;;0;;1;29.44;0;;1;96.46;0;
PSY2;2014;220000319;220000681;514;;;;;;;;;;;;;22403;;;;;;;;;;;;;;;;;;;;;;0;;0;;0;;0;;0;
PSY2;2014;220000327;220000699;864;;;;;;;;;;;;;31903;;;;;;;5664;;;;;;;;;;;;;;;0;;0;;0;;;;0;
PSY2;2014;220012751;220017974;3187;4;;;;11;3;4;;;;11;3;;;;;;;;8581;527;;;;656;;33804;75;;;;42;17;;0;;0;;0;;0;;0;
PSY2;2014;230000853;230780074;713;42;;;;61;91;49;;;;66;102;25719;2260;;;;2782;3148;19748;201;;;;644;584;51873;372;;;;732;709;13;;;1;3.11;;;;;;
PSY2;2014;230780181;230000879;670;;;;;;;;;;;;;15913;;;;;;;;;;;;;;;;;;;;;;0;;0;;0;;0;;0;
PSY2;2014;240000463;240000083;9656;121;3;1;21;282;135;126;4;1;24;302;138;47382;5349;133;17;236;12592;3524;17910;970;8;;;971;82;107649;1500;55;;;1385;378;;1;1;0;;;2;0;;0;
PSY2;2014;240000646;240000265;381;;;;;;;;;;;;;99841;;;;;;;1267;;;;;;;;;;;;;;;0;;1;1;0;;0;;0;
PSY2;2014;240000687;240000448;206;16;;;;43;10;;;;;;;7887;963;;;;2312;310;2380;179;;;;26;38;8620;272;;;;318;20;;0;;0;;0;;0;;0;
PSY2;2014;240003392;240000117;569;24;;;;79;32;36;;;;106;44;24001;;;;;4241;;4170;;;;;;;47961;;;;;;;;;2;;;;2.04;;25.17;;
PSY2;2014;250000023;250000015;619;;;;;;;;;;;;;16621;;;;;;;;;;;;;;2588;;;;;;;;0;;0;;1;2;0;;0;
PSY2;2014;250000619;250000452;1156;10;2;0;0;71;4;10;2;0;0;74;4;9917;962;0;0;0;2429;0;3051;0;0;0;0;799;0;16390;269;11;0;0;1251;8;;1;0.2;0;;0;;0;;0;
PSY2;2014;250000718;250000460;9479;62;5;4;6;226;66;63;5;4;6;252;71;65777;2720;610;66;100;8166;2460;9693;55;0;0;0;154;6;84361;1120;119;1;0;1144;161;26.5;1;;1;;1;;0;;0;
PSY2;2014;250005196;250001013;15;;;;;;;;;;;;;;;;;;;;3369;;;;;;;;;;;;;;1.35;0;;0;;0;;0;;0;
PSY2;2014;250006954;250000015;2123;;;;;;;;;;;;;;;;;;;;;;;;;;;8959;;;;;;;18.5;1;2.35;0;;1;2.05;0;;0;
PSY2;2014;250014008;700004096;3179;45;0;1;2;183;73;46;0;1;2;203;82;16137;2519;0;14;378;5726;2177;4691;;;;;;;25443;242;;;;;52;12.1;1;0.75;0;;1;49.06;1;39.84;0;
PSY2;2014;260000203;260016910;397;25;4;;3;123;34;;;;;;;18944;2650;982;;15;3929;558;3928;;134;;;1019;127;;;;;;;;;;;;;;;;;;
PSY2;2014;260000302;260000161;387;;;;;;;;;;;;;13951;;;;;;;;;;;;;;2687;;;;;;;;0;;0;;0;;0;;0;
PSY2;2014;260000823;260003264;902;46;6;;9;361;256;46;8;;11;452;421;43601;3442;1683;;97;15709;8069;9885;169;47;;;490;40;81391;478;99;;;2404;1331;;1;1.87;1;5.97;1;14.21;0;;0;
PSY2;2014;260003280;260016910;310;6;;;;90;4;;;;;;;4892;497;;;;2825;162;5851;28;;;;518;;;;;;;;;5;;;;;;;;;;
PSY2;2014;260006655;260000047;1081;;;;;;;;;;;;;;;;;;;;3198;;;;;;;;;;;;;;3;0;;0;;0;;0;;0;
PSY2;2014;270000573;270000219;2068;27;3;24;47;82;210;28;3;25;61;323;292;78735;4542;761;1331;509;11768;6186;17713;74;0;0;0;17;0;184850;193;0;0;0;6;3;49.2;1;0.6;1;4.92;1;4.45;0;;0;
PSY2;2014;270025984;310021175;738;;;;;;;;;;;;;30980;;;;;;;;;;;;;;;;;;;;;;0;;0;;0;;0;;0;
PSY2;2014;280000050;280000142;1050;38;1;;28;210;84;32;1;0;32;223;84;39179;3421;104;;90;7749;1728;18942;192;219;;;1017;107;40053;391;73;;8;2518;500;;;;;;;;;;;
PSY2;2014;280000084;280000183;977;7;;;;53;1;7;;;;57;1;12279;1014;;;;2983;47;;;;;;58;;;58;;;;99;;14;1;0.4;0;;1;15.14;0;;0;
PSY2;2014;280000696;280000134;804;;;;;;;;;;;;;1395;;;;;;;5278;;;;;;;7165;;;;;;;6.6;1;3;0;;0;;0;;0;
PSY2;2014;290000033;290021542;6964;34;1;;;262;43;25;5;;;264;67;64906;2140;361;;;5526;818;34806;14;;;;4;;75024;279;;;;974;7;19.5;0;;1;22.01;0;;0;;0;
PSY2;2014;290000173;290000041;1676;2;;;;42;6;2;;;;45;6;13720;363;;;;842;210;4602;;;;;;68;23064;;;;;;;5;1;;0;;0;;0;;0;
PSY2;2014;290000363;750043994;537;;;;;;;;;;;;;23734;;;;;;;3003;;;;;;;;;;;;;;;0;;1;21;0;;0;;0;
PSY2;2014;290000728;750821092;966;;;;;;;;;;;;;6187;;;;;;;;;;;;;;;;;;;;;3;1;;0;;0;;0;;0;
PSY2;2014;290000736;290000991;662;;;;;;;;;;;;;21363;;;;;;;;;;;;;;;;;;;;;;0;;0;;0;;0;;0;
PSY2;2014;290000744;290001007;1211;;;;;;;;;;;;;42140;;;;;;;6961;;;;;;;;;;;;;;;0;;0;;0;;0;;0;
PSY2;2014;290000785;220020739;316;;;;;;;;;;;;;6506;;;;;;;;;;;;;;;;;;;;;;0;;0;;0;;0;;0;
PSY2;2014;290000918;290000298;9619;59;3;0;0;251;95;60;3;0;0;273;104;61238;3106;42;;;6022;1861;32142;496;;;;578;51;102462;1021;113;;;1624;360;38.2;1;1.42;1;41.12;1;41.7;0;;0;
PSY2;2014;290000934;290000306;147;;;;;2;2;;;;;2;2;6725;;;;;22;37;789;;;;;;;;;;;;;;1;;;1;33.41;0;;0;;0;
PSY2;2014;290003995;290000306;2344;13;1;;;37;12;16;1;;;39;12;13156;139;64;;;902;150;4529;0;0;;;51;42;21350;511;0;;;34;65;5;1;0;0;;0;;0;;0;
PSY2;2014;290004324;290000017;2066;;;;;;;;;;;;;;;;;;;;;;;;;;;6216;;;;;;;;1;2.3;0;;0;;0;;0;
PSY2;2014;290004340;290000017;10214;52;7;18;3;351;;37;10;;24;412;;54709;3948;1280;120;1;9647;;25091;;;;;;;95903;135;2;;17;391;;;1;;1;;1;;0;;0;
PSY2;2014;2A0000287;2A0000386;4885;19;2;3;7;149;123;19;2;3;7;157;126;43048;547;181;137;37;4652;2647;;;;;;;;;;;;;;;;1;3;1;25.78;1;1;1;37.71;0;
PSY2;2014;2B0000012;2B0000020;501;;;;;;;;;;52;;;11470;;;;;;;;;;;;;;16418;;;;;;;;1;;0;;1;3.5;0;;0;
PSY2;2014;2B0003016;2B0003990;196;;;;;;;;;;;;;15033;;;;;;;;;;;;;;;;;;;;;0;0;;0;;0;;0;;0;
PSY2;2014;2B0003917;2B0003891;227;;;;;;;;;;;;;;;;;;;;13021;;;;;;;;;;;;;;;0;;0;;0;;0;;0;
PSY2;2014;2B0004113;2B0000467;474;71;2;5;42;118;;80;5;5;56;145;;22654;3966;462;680;1790;6898;;;;;;;;;;;;;;;;;0;;0;;1;;0;;0;
PSY2;2014;300000023;300780046;430;6;2;0;0;96;4;14;2;0;0;108;4;18815;1089;0;0;0;1933;4;9814;31;119;0;0;123;0;20466;54;6;0;0;319;0;13;1;0.7;0;;0;;0;;0;
PSY2;2014;300000080;300780103;7757;71;5;1;52;305;57;132;9;;60;433;87;35983;3620;805;;1754;1182;1788;21862;487;;;;895;330;74131;473;2;6;187;2144;232;;0;;1;33.5;0;;1;28.04;0;
PSY2;2014;300000296;300000296;258;;;;;;;;;;;;;;;;;;;;987;;;;;;;4521;;;;;;;;0;;0;;0;;0;;0;
PSY2;2014;300002128;300000247;74;1;;;;1;;;;;;;;15133;167;;;;142;;;;;;;;;;;;;;;;1;0;;0;;0;;0;;0;
PSY2;2014;300003308;300780038;4068;18;;;;42;6;;;;;;;1182;;;;;;;8803;488;;;;508;100;42984;348;;;;498;60;20.18;1;19.18;1;1;1;1.5;1;2;0;
PSY2;2014;300780210;300000148;1256;;;;;;;;;;;;;39718;;;;;;;5155;;;;;;;;;;;;;;;0;;0;;0;;0;;0;
PSY2;2014;300780244;300000171;625;;;;;;;;;;;;;25473;;;;;;;;;;;;;;;;;;;;;;0;;0;;0;;0;;0;
PSY2;2014;300780251;300000189;1005;;;;;;;;;;;;;69422;;;;;;;;;;;;;;;;;;;;;;0;;0;;0;;0;;0;
PSY2;2014;300780269;300000197;1075;;;;;;;;;;;;;33505;;;;;;;4813;;;;;;;;;;;;;;;0;;0;;0;;0;;0;
PSY2;2014;300780384;750721334;28;;;;;;;;;;;;;1924;;;;;;;;;;;;;;;;;;;;;;0;;0;;0;;0;;0;
PSY2;2014;300780764;300000429;151;;;;;;;;;;;;;5767;;;;;;;3200;;;;;;;;;;;;;;2.1;0;;0;;0;;0;;0;
PSY2;2014;300781424;300000692;367;;;;;;;;;;;;;18610;;;;;;;118;;;;;;;;;;;;;;;0;;0;;0;;0;;0;
PSY2;2014;300782117;300780038;3448;60;;;;304;32;;;;;;;8379;2895;;;;7104;592;;;;;;;;11633;69;;;;155;19;20.18;1;13.02;1;26.26;1;32.23;1;37.35;0;
PSY2;2014;300786787;300000387;239;;;;;;;;;;;;;;;;;;;;;;;;;;;1757;;;;;;;;;;;;;;;;;
PSY2;2014;310000369;310780754;13622;340;19;3;5;419;114;259;3;3;7;324;113;81678;16085;3247;145;16;24608;5157;33307;282;204;;1;472;28;214321;2900;332;2;1;3602;496;;0;;0;;0;;0;;1;
PSY2;2014;310018650;310781562;;;;;;;;;;;;;;;;;;;;;;;;;;;;;;;;;;;;0;;0;;1;2.03;0;;0;
PSY2;2014;310780119;310000047;628;;;;;;;;;;;;;43767;;;;;;;1344;;;;;;;;;;;;;;;0;;0;;0;;0;;0;
PSY2;2014;310780143;310000062;1000;;;;;;;;;;;;;42638;;;;;;;718;;;;;;;;;;;;;;;;;;;;;;;;
PSY2;2014;310780358;310000146;779;;;;;;;;;;;;;36582;;;;;;;;;;;;;;;;;;;;;;0;;0;;0;;0;;0;
PSY2;2014;310780390;310000187;870;;;;;;;;;;;;;52785;;;;;;;;;;;;;;;;;;;;;;0;;0;;0;;0;;0;
PSY2;2014;310781000;310788880;1152;;;;;;;;;;;;;47536;;;;;;;;;;;;;;;;;;;;;;0;;0;;0;;0;;0;
PSY2;2014;310781133;310000427;1224;;;;;;;;;;;;;45021;;;;;;;3888;;;;;;;;;;;;;;;0;;0;;0;;0;;0;
PSY2;2014;310781141;310000435;527;;;;;;;;;;;;;18326;;;;;;;;;;;;;;;;;;;;;;0;;0;;0;;0;;;
PSY2;2014;310781158;310000443;911;;;;;;;;;;;;;38483;;;;;;;1762;;;;;;;;;;;;;;1;0;;0;;1;23.26;0;;0;
PSY2;2014;310781521;310000500;1008;;;;;;;;;;;;;45761;;;;;;;;;;;;;;;;;;;;;;0;;0;;0;;0;;0;
PSY2;2014;310782446;310782446;3270;;;;;;;;;;;;;;;;;;;;9610;;;;;;;49800;;;;;;;;0;;0;;1;16.39;0;;0;
PSY2;2014;310783048;310781406;710;;;;;;;;;;;;;;;;;;;;7198;;;;;;;5173;;;;;;;;0;;1;2.3;0;;0;;0;
PSY2;2014;310783063;310781406;8298;17;;;1;111;11;18;;;1;133;12;25501;904;;;5;4766;409;18479;;;;;85;13;52224;;;;;23;;;1;3.8;0;;0;;0;;0;
PSY2;2014;310783097;750005068;153;;;;;;;;;;;;;;;;;;;;11079;;;;;;;;;;;;;;3.5;0;;0;;0;;0;;0;
PSY2;2014;310787304;310781406;514;;;;;;;;;;;;;2481;;;;;;;;;;;;;;3849;;;;;;;3.34;0;;0;;0;;0;;0;
PSY2;2014;310788906;310788906;87;;;;;;;;;;;;;9221;;;;;;;;;;;;;;;;;;;;;;0;;0;;0;;0;;0;
PSY2;2014;310795463;310785068;104;;;;;;;;;;;;;5570;;;;;;;3893;;;;;;;0;;;;;;;0.35;0;;0;;0;;0;;0;
PSY2;2014;320000094;320780125;5287;85;1;0;0;112;72;88;1;0;0;124;75;51544;6703;124;0;0;4889;2892;12313;351;0;0;0;296;65;52963;1706;0;0;0;1137;385;;1;0.3;1;36.5;1;23.3;0;;0;
PSY2;2014;320780109;320000078;565;;;;;;;;;;;;;20884;;;;;;;;;;;;;;;;;;;;;;0;;0;;0;;0;;0;
PSY2;2014;330000431;330000431;139;;;;;;;;;;;;;20621;;;;;;;;;;;;;;;;;;;;;3.1;0;;0;;0;;0;;0;
PSY2;2014;330000639;330781287;26448;494;17;15;3;1187;60;5075;105;55;3;3911;193;129734;13618;1041;385;39;31230;1981;35589;1750;3;2;0;1138;1;194364;4629;92;42;0;2727;129;;0;;1;27.59;1;40.57;0;;1;18.9
PSY2;2014;330000647;330781295;1687;304;43;2;17;596;60;308;43;2;18;622;62;96893;30241;7882;147;3364;25723;1027;24521;1082;90;;28;865;0;143416;6037;206;;8;7669;347;;1;;1;;1;;1;;0;
PSY2;2014;330000779;330000779;511;;;;;;;;;;;;;;;;;;;;16870;;;;;;;3284;;;;;;;5.44;0;;0;;0;;0;;0;
PSY2;2014;330780289;330790809;33;;;;;;;;;;;;;5645;;;;;;;;;;;;;;;;;;;;;;0;;0;;0;;0;;0;
PSY2;2014;330780297;330000175;531;;;;;;;;;;;;;12662;;;;;;;3956;;;;;;;;;;;;;;;0;;0;;0;;0;;0;
PSY2;2014;330780313;330000191;607;;;;;;;;;;;;;29298;;;;;;;;;;;;;;;;;;;;;;0;;0;;0;;0;;0;
PSY2;2014;330780321;330000209;585;;;;;;;;;;;;;22231;;;;;;;;;;;;;;;;;;;;;;0;;0;;0;;0;;0;
PSY2;2014;330780636;330785072;;;;;;;;;;;;;;;;;;;;;;;;;;;;;;;;;;;4;0;;0;;1;2.39;0;;0;
PSY2;2014;330780776;330056839;417;;;;;;;;;;;;;27633;;;;;;;;;;;;;;;;;;;;;2;0;;0;;0;;0;;0;
PSY2;2014;330781170;330785072;96;;;;;;;;;;;;;13409;;;;;;;;;;;;;;;;;;;;;;0;;0;;0;;0;;0;
PSY2;2014;330781188;330056540;172;;;;;;;;;;;;;6710;;;;;;;6357;;;;;;;;;;;;;;;;;;;;;;;;
PSY2;2014;330781303;750821092;360;;;;;;;;;;;;;3175;;;;;;;0;;;;;;;1583;;;;;;;4.75;0;;0;;0;;0;;0;
PSY2;2014;330781691;330781691;1252;;;;;;;;;;;;;;;;;;;;;;;;;;;16547;;;;;;;1.18;0;;0;;0;;0;;0;
PSY2;2014;330782350;330000480;87;;;;;;;;;;;;;;;;;;;;7185;;;;;;;;;;;;;;;0;;0;;0;;0;;0;
PSY2;2014;330783614;330785072;57;;;;;;;;;;;;;;;;;;;;7783;;;;;;;;;;;;;;;0;;0;;;;0;;0;
PSY2;2014;330783721;330781253;6217;53;2;3;9;93;8;;;;;;;30799;2781;;14;;2292;194;14657;26;;;;74;;63901;373;2;11;18;561;41;;1;;0;;1;;0;;0;
PSY2;2014;330783960;750005068;355;;;;;;;;;;;;;;;;;;;;13559;;;;;;;1081;;;;;;;3.25;0;;0;;0;;0;;0;
PSY2;2014;330785064;330785064;;;;;;;;;;;;;;;;;;;;;;;;;;;;;;;;;;;0.36;0;;0;;0;;0;;0;
PSY2;2014;330802752;330781196;92;;;;;;;;;;;;;2273;;;;;;;378;;;;;;;;;;;;;;;1;;0;;1;;0;;0;
PSY2;2014;340000033;340780055;470;1;;1;;22;6;;;;;;;602;2;;2;;8;2;;;;;;;;6061;17;;;;213;15;3.7;;;1;1.1;0;;0;;0;
PSY2;2014;340010149;340010099;156;;;;;;;;;;;;;19054;;;;;;;;;;;;;;;;;;;;;1.54;0;;0;;0;;0;;0;
PSY2;2014;340011386;340787399;106;;;;;;;;;;;;;2920;;;;;;;;;;;;;;;;;;;;;0;0;;0;;0;;0;;0;
PSY2;2014;340016732;340780055;;;1;;47;268;55;;2;;57;292;57;32880;2255;0;0;203;6261;782;18214;197;;;;66;10;58706;329;;1;126;667;60;;1;;1;4.9;1;3.8;0;;0;
PSY2;2014;340780121;340000082;698;;;;;;;;;;;;;34929;;;;;;;;;;;;;;;;;;;;;;0;;0;;0;;0;;0;
PSY2;2014;340780485;340780477;11682;38;23;82;18;641;219;4;2;64;23;602;251;16098;261;537;1379;201;4162;1488;15618;246;1433;533;0;2004;94;62407;788;775;0;2;4532;537;45.8;1;0.12;0;;1;24.8;1;29.1;0;
PSY2;2014;340780758;340000355;1343;;;;;;;;;;;;;68657;;;;;;;6316;;;;;;;;;;;;;;1.3;;;;;;;;;;
PSY2;2014;340780766;340000363;685;;;;;;;;;;;;;37940;;;;;;;;;;;;;;;;;;;;;;0;;0;;1;15.93;0;;0;
PSY2;2014;340780782;340000371;898;;;;;;;;;;;;;57921;;;;;;;;;;;;;;;;;;;;;;0;;0;;0;;0;;0;
PSY2;2014;340780790;340000389;480;;;;;;;;;;;;;23310;;;;;;;;;;;;;;;;;;;;;;0;;1;69.58;0;;0;;0;
PSY2;2014;340780931;340000454;218;;;;;;;;;;;;;32359;;;;;;;5345;;;;;;;;;;;;;;;0;;0;;0;;0;;0;
PSY2;2014;340782036;340780477;812;;;;;;;;;;;;;1369;;;;;;;2165;;;;;;;13;;;;;;;7.7;1;0.04;0;;1;28.5;0;;0;
PSY2;2014;340787266;340011295;314;15;1;;;63;15;16;1;;;69;17;;;;;;;;;;;;;;;;;;;;;;;1;1.25;1;;1;;0;;0;
PSY2;2014;350000147;350000022;5642;14;1;0;4;187;77;14;1;0;4;192;78;23598;324;264;0;14;8537;2476;8799;26;0;0;0;80;192;58888;219;6;0;1;721;254;15;1;;0;;1;17.88;0;;0;
PSY2;2014;350000162;350000048;2105;28;;;;94;10;;;;;;;5086;655;;;;2480;0;1730;253;;;;201;5;19333;112;;;;400;12;;;;;;;;;;;
PSY2;2014;350000337;350000246;4946;202;15;0;75;734;307;236;16;0;108;806;339;200157;11023;2228;0;509;25378;9491;60178;284;337;0;14;553;51;336666;63;74;0;9;228;203;;1;;1;;1;;0;;1;
PSY2;2014;350000402;350000402;757;;;;;;;;;;;;;26810;;;;;;;;;;;;;;;;;;;;;;0;;0;;;;0;;0;
PSY2;2014;350002119;350000386;480;;;;;;;;;;;;;30745;;;;;;;5255;;;;;;;;;;;;;;;0;;0;;0;;0;;0;
PSY2;2014;350002192;220020739;655;;;;;;;;;;;;;27279;;;;;;;;;;;;;;;;;;;;;;0;;0;;0;;0;;0;
PSY2;2014;350002234;750720575;56;;;;;;;;;;;;;2286;;;;;;;;;;;;;;1934;;;;;;;;0;;0;;0;;0;;0;
PSY2;2014;350002754;440042844;118;;;;;;;;;;;;;;;;;;;;14106;;;;;;;1041;;;;;;;;;;;;;;;;;
PSY2;2014;350039574;350023495;83;;;;;;;;;;;;;;;;;;;;1181;;;;;;;2356;;;;;;;;0;;0;;0;;0;;0;
PSY2;2014;360000137;360000053;622;14;;;9;131;16;35;;;12;244;24;20470;4693;;;;10195;718;262;19;;;;252;0;15282;1029;;;27;4966;63;;1;1;0;;0;;0;;0;
PSY2;2014;360000145;360000061;307;;;;;;;;;;;;;10992;;;;;;;2703;;;;;;;1320;;;;;;;2.6;1;0;0;;0;;0;;0;
PSY2;2014;360000210;750052243;365;;;;;;;;;;;;;19365;;;;;;;2958;;;;;;;;;;;;;;;0;;0;;0;;0;;0;
PSY2;2014;370000127;370000259;678;;;;;;;;;;;;;27957;;;;;;;6639;;;;;;;;;;;;;;0.3;0;;1;15.7;0;;0;;0;
PSY2;2014;370000143;370000291;382;;;;;;;;;;;;;19358;;;;;;;4419;;;;;;;;;;;;;;;0;;0;;0;;0;;0;
PSY2;2014;370000499;370000481;1607;;;;;;;;;;;;;;;;;;;;;;;;;;;20865;;;;;;;;0;;0;;0;;0;;0;
PSY2;2014;370000531;370000606;2201;8;0;0;3;46;6;;0;0;;;;18775;287;0;0;14;1897;74;246;19;0;0;0;0;0;20426;114;0;0;0;892;2;;1;;0;;1;;0;;0;
PSY2;2014;370000580;370000564;1228;11;;;1;64;7;;;;;;;12422;453;;;363;2926;112;2505;220;;;;393;;6853;44;;;;84;;3.6;1;;0;;0;;0;;0;
PSY2;2014;370000861;370000481;1087;22;;;;131;19;15;;;;160;28;11449;1013;;;;4774;529;9855;213;;;;602;11;11541;77;;;;888;92;;1;;1;;0;;0;;0;
PSY2;2014;370000879;370000564;2112;2;;;;2;;;;;;;;;;;;;;;2390;6;;;;44;;27980;2;;;;;;4;1;;0;;0;;0;;0;
PSY2;2014;370000903;370000614;1284;12;1;;;20;4;;;;;;;;;;;;;;3207;223;;;;161;;7948;86;8;;;131;7;;1;;1;;0;;0;;0;
PSY2;2014;370004467;370000481;2044;27;2;;;178;44;33;2;;;206;50;26866;1863;730;;;7749;1281;11591;77;;;;310;75;36337;92;5;;;231;5;;1;;0;;0;;0;;0;
PSY2;2014;370005050;370000481;2090;16;1;1;3;152;42;21;1;1;3;216;44;11913;779;;;13;4700;602;;;;;;;;10926;123;4;1;;513;3;;1;;0;;1;;0;;0;
PSY2;2014;370013062;370013062;1045;;;;;;;;;;;;;49618;;;;;;;;;;;;;;;;;;;;;0;0;;0;;0;;0;;0;
PSY2;2014;380000034;380780049;72;;;;;;;;;;;;;2737;;;;;;;;;;;;;;;;;;;;;;0;;0;;0;;0;;0;
PSY2;2014;380000067;380780080;3357;15;5;;1;110;14;;;;;;;8357;1098;;;;4375;613;775;75;;;;266;;15596;88;17;;4;380;306;;0;;0;;0;;0;;0;
PSY2;2014;380000133;380780247;18556;221;8;0;8;620;170;124;3;0;10;441;140;70363;11164;965;0;157;27307;8075;33500;557;1;0;10;1639;171;231222;5345;203;0;33;8167;2852;113.05;1;3.69;1;4.08;1;52.44;0;;1;10.13
PSY2;2014;380000174;380781435;240;23;1;;;57;22;22;1;;;52;27;13516;1273;114;;;1981;649;;;;;;;;29291;165;;;;196;5;18.15;1;0.48;0;;1;2.54;0;;0;
PSY2;2014;380780296;920019718;1037;0;0;0;0;0;0;0;0;0;0;0;0;34425;0;0;0;0;0;0;0;0;0;0;0;0;0;0;0;0;0;0;0;0;;0;;0;;0;;0;;0;
PSY2;2014;380780312;750720575;364;;;;;;;;;;;;;29036;;;;;;;5190;;;;;;;;;;;;;;;;;;;;;;;;
PSY2;2014;380784462;750005068;377;;;;;;;;;;;;;251;;;;;;;;;;;;;;;;;;;;;;0;;0;;0;;0;;0;
PSY2;2014;380784736;380780049;2202;;;;;;;;;;;;;;;;;;;;3923;;;;;;;;;;;;;;;0;;0;;0;;0;;0;
PSY2;2014;380794297;380794297;4197;41;5;;;218;62;;;;;;;23269;2052;293;;;5737;1350;8774;15;;;;11;;30574;169;23;;;281;18;19.99;0;;1;;0;;0;;0;
PSY2;2014;380795773;380795765;;;;;;;;;;;;;;;;;;;;;;;;;;;;;;;;;;;0.02;0;;0;;0;;0;;0;
PSY2;2014;390000164;390780476;8584;26;4;2;1;273;160;29;4;2;1;295;164;66688;1721;1319;26;4;14854;5256;25028;70;201;0;0;899;407;78173;138;0;12;1;1776;456;27;1;1;1;;1;;0;;0;
PSY2;2014;400000105;400780193;4631;2;;;;22;5;2;;;;25;7;6991;37;;;;978;157;4685;;;;;;;45159;;;;;;;10.5;1;5.5;1;7.77;1;27.19;0;;0;
PSY2;2014;400000113;400011177;7755;31;;;42;228;34;35;;;62;267;36;57761;2886;;;418;7535;867;24886;12;;;;155;26;67245;13;;;;799;40;;1;16.35;1;0.6;1;16.68;0;;0;
PSY2;2014;400780367;750720575;191;;;;;;;;;;;;;11937;;;;;;;2290;;;;;;;299;;;;;;;4;0;;0;;1;;0;;0;
PSY2;2014;400780375;400013801;374;;;;;;;;;;;;;14613;;;;;;;;;;;;;;;;;;;;;;0;;0;;0;;0;;0;
PSY2;2014;410000020;410000087;3540;33;;5;252;133;32;33;;;;133;;12672;1545;;18;;5337;1104;1501;76;;;;251;17;44063;328;;15;1755;1668;187;11.6;1;0.8;0;;1;5.7;0;;0;
PSY2;2014;410000046;410000103;2319;72;0;13;0;114;16;17;0;0;0;65;5;21920;1712;0;212;0;1700;437;8872;670;0;212;0;374;201;19533;139;0;0;0;595;5;5.14;1;1;0;;0;;0;;0;
PSY2;2014;410000277;410000467;411;;;;;;;;;;;;;38696;;;;;;;12875;;;;;;;;;;;;;;;0;;0;;0;;0;;0;
PSY2;2014;410000285;410000475;165;;;;;;;;;;;;;19489;;;;;;;4157;;;;;;;;;;;;;;;0;;0;;0;;0;;0;
PSY2;2014;410000293;410000491;217;;;;;;;;;;;;;34905;;;;;;;6960;;;;;;;;;;;;;;;0;;0;;0;;0;;0;
PSY2;2014;410003768;410000095;1031;7;;;;25;7;6;;;;78;10;10297;376;;;;532;196;6701;508;;;;88;102;5810;27;;;;112;88;4;1;;0;;0;;0;;0;
PSY2;2014;420000010;420780033;5258;19;;;;130;;;;;;;;12344;464;;;;2623;;9378;67;;;;43;;46002;0;;;;0;;15;1;0.47;1;1.39;1;4.56;0;;0;
PSY2;2014;420012320;420013831;3601;37;24;;;165;4;25;;;;1863;;6477;1157;;;;4817;85;6278;;;;;42;;31991;401;130;;;420;;;1;;0;;1;;0;;0;
PSY2;2014;420781767;420000523;576;;;;;;;;;;;;;23868;;;;;;;;;;;;;;;;;;;;;;0;;0;;0;;0;;0;
PSY2;2014;420783102;420000929;328;;;;;;;;;;;;;14858;;;;;;;;;;;;;;;;;;;;;;0;;0;;0;;0;;0;
PSY2;2014;420785354;420784878;870;;;;;;;52;2;5;9;359;66;;;;;;;;;;;;;;;;;;;;;;;1;;0;;1;;0;;0;
PSY2;2014;420788440;420001794;1129;;;;;;;;;;;;;34549;;;;;;;6801;;;;;;;;;;;;;;;0;;0;;0;;0;;0;
PSY2;2014;420790081;750056335;822;;;;;;;;;;;;;27839;;;;;;;;;;;;;;;;;;;;;0;0;;0;;0;;0;;0;
PSY2;2014;430000026;630786754;6520;39;1;5;9;223;109;;;;;;;59227;2797;59;64;60;12119;5407;26333;487;;;;517;;55435;442;;27;56;899;427;;1;0.5;1;72.2;1;16.55;0;;0;
PSY2;2014;440000180;440000263;7248;45;0;0;1;272;52;45;0;0;1;291;58;52691;3034;0;0;7;15222;1464;11600;238;0;0;0;918;136;64611;640;0;0;0;2200;271;26.25;0;;1;45.1;1;1.65;0;;0;
PSY2;2014;440000800;440001246;553;;;;;;;;;;;;;19723;;;;;;;3014;;;;;;;;;;;;;;0;0;;0;;0;;0;;0;
PSY2;2014;440001972;440003309;1426;25;3;2;1;199;32;30;7;3;1;464;62;21476;1125;99;24;82;5943;681;15158;6;66;0;0;1234;32;66944;89;155;16;1;2759;126;32.02;0;;1;8.74;0;;0;;0;
PSY2;2014;440003390;440001998;740;;;;;;;;;;;;;23056;;;;;;;7086;;;;;;;;;;;;;;;;;;;;;;;;
PSY2;2014;440007482;440007482;95;;;;;;;;;;;;;28324;;;;;;;;;;;;;;;;;;;;;;;;;;;;;;;
PSY2;2014;440007607;440000057;3779;40;2;4;1;239;49;54;1;4;0;359;50;27397;1680;13;8;0;4964;638;2810;259;0;0;0;379;18;34627;293;6;0;11;1629;168;15.5;0;;;;;;;;;
PSY2;2014;440018729;440018729;2713;;;;;;;;;;;;;4822;;;;;;;2066;;;;;;;32222;;;;;;;;0;;0;;1;2.42;0;;0;
PSY2;2014;440021392;440000289;16460;118;0;0;0;422;121;;;;;;;64323;4176;0;0;0;11890;4122;29612;733;0;0;0;1140;53;114497;1750;0;0;0;1825;186;56.47;1;5;0;;0;;0;;1;4.1
PSY2;2014;450000062;450000104;2409;18;;;;69;10;18;;;;71;10;10342;907;;;;2210;314;2578;118;;;;266;47;16071;503;;;;485;133;8.49;1;;0;;0;;0;;0;
PSY2;2014;450000252;450000559;815;;;;;;;;;;;;;33098;;;;;;;;;;;;;;;;;;;;;;;;;;;;;;;
PSY2;2014;450000930;450002423;13924;166;6;;81;355;156;172;6;;89;381;162;44826;11691;419;;4208;17817;6031;2013;811;237;;1;499;29;125847;3882;318;;95;5657;1900;46.19;0;;0;;1;35.2;0;;1;0.54
PSY2;2014;450011507;450011507;52;;;;;;;;;;;;;2061;;;;;;;3935;;;;;;;;;;;;;;1;0;;0;;0;;0;;0;
PSY2;2014;450018924;450015409;303;;;;;;;;;;;;;19894;;;;;;;;;;;;;;;;;;;;;;;;;;;;;;;
PSY2;2014;460785090;460785090;7575;44;2;0;1;146;153;46;3;0;1;151;165;34791;3025;363;0;2;5482;4236;11926;187;140;0;0;119;64;88986;834;1;0;0;918;807;27.8;1;0.63;1;97.99;1;31.32;0;;0;
PSY2;2014;470000423;470000316;533;;;;;;;;;;;;;5995;;;;;;;;;;;;;;;;;;;;;1.18;;;;;;;;;;
PSY2;2014;470000563;470000381;8655;177;6;4;25;191;192;159;11;5;66;210;201;74907;11282;420;62;208;9116;4372;26511;743;94;;;407;195;101771;2083;;;21;649;396;40.35;1;2.25;1;44.21;1;39.47;0;;0;
PSY2;2014;470009143;470009143;;;;;;;;;;;;;;;;;;;;;;;;;;;;;;;;;;;;0;;0;;1;0.88;0;;0;
PSY2;2014;480000058;480780147;3526;15;;;5;51;40;17;;;5;56;42;32888;864;;;33;1917;608;9543;38;;;0;219;101;44618;157;;;0;436;121;14;;0.2;;33.4;;13;;;;
PSY2;2014;490000106;490000163;12996;105;5;2;12;369;245;112;4;3;15;420;277;93172;6168;440;99;133;9779;5340;24395;203;1;10;0;170;18;158473;701;33;2;1;413;173;62.34;1;0;1;0.4;1;16.56;0;;0;
PSY2;2014;490000247;490000130;274;0;0;0;0;0;0;0;0;0;0;0;0;274;0;0;0;0;0;0;;;;;;;;;;;;;;;0;0;;0;;0;;0;;0;
PSY2;2014;490000635;490000676;4685;101;10;;;216;4;22;10;;;158;4;23866;1243;;;;6156;;11281;371;;;;359;;35620;229;20;;;176;4;16.9;1;0.5;1;11.95;1;3.91;0;;0;
PSY2;2014;490001765;490528452;3215;27;;;;66;;;;;;;;3926;1051;;;;943;;3050;101;;;;12;;22168;15;;;;29;;12;1;0.5;0;;1;2.9;0;;0;
PSY2;2014;490002979;490535705;167;;;;;;;;;;;;;21554;;;;;;;;;;;;;;;;;;;;;3;0;;0;;0;;0;;0;
PSY2;2014;500000575;500000245;6970;32;;4;;121;77;32;;4;;121;77;31731;2181;;524;;1930;2370;25651;644;;;;1604;193;66964;420;;7;;749;557;7;1;;1;;0;;0;;0;
PSY2;2014;500010384;500010384;11790;53;1;0;10;179;69;54;1;0;11;195;73;48997;5663;24;0;38;3658;1717;10637;540;0;0;0;520;132;126768;1737;38;0;39;3214;599;32.36;1;0.75;;;0;;0;;0;
PSY2;2014;500015185;500015185;7860;48;2;0;6;76;40;;2;0;;;;35207;685;0;0;14;2228;592;25043;538;0;0;0;517;0;67757;63;2;0;0;0;2;18;1;0.76;0;;1;28.81;0;;0;
PSY2;2014;510000219;510000052;14470;139;17;1;10;395;50;148;17;1;10;437;54;87105;19366;2792;1;802;18476;1917;20089;114;226;;1;427;50;207123;2603;10;;2;2547;165;62.6;1;1;1;8.78;1;11.67;1;91.67;1;11.5
PSY2;2014;510000284;510000615;465;;;;;;;;;;;;;14247;;;;;;;;;;;;;;;;;;;;;;0;;0;;0;;0;;0;
PSY2;2014;510000813;510000854;57;;;;;;;;;;;;;9248;;;;;;;;;;;;;;;;;;;;;0.2;0;;0;;0;;0;;0;
PSY2;2014;510002447;510000029;6629;18;;;;56;24;20;;;;72;31;14638;1119;;;;1999;929;1869;;;;;;;51502;425;;;;312;44;21.3;;;1;0;1;0;0;;0;
PSY2;2014;520000076;520780081;7172;23;4;;2;115;39;25;4;;2;121;43;47661;1339;908;;18;10559;1352;19808;127;210;;;474;109;94713;50;0;7;0;72;0;12.37;1;3.91;1;7.1;1;15.42;0;;0;
PSY2;2014;530000017;530000025;211;44;;;;47;5;;;;;;;5361;1306;;;;978;117;;;;;;;;;;;;;;;;;;;;;;;;;
PSY2;2014;530000124;530000249;373;;;;;;;;;;;;;19715;;;;;;;;;;;;;;;;;;;;;;0;;0;;0;;0;;0;
PSY2;2014;530000173;530000074;497;11;0;0;0;34;18;;;;;;;35872;578;;;;1142;360;2993;86;;;;44;0;19749;213;;;;345;27;;1;3.17;0;;0;;0;;0;
PSY2;2014;530000264;530000371;315;21;;;3;69;13;33;;;3;85;13;20056;3125;;;81;5534;571;5384;250;;;;268;;32103;466;;;;221;;15.5;1;0.8;0;;1;1;0;;0;
PSY2;2014;530007285;530007210;1796;;;;;;;;;;;;;4324;;;;;;;;;;;;;;13638;;;;;;;0.4;0;;0;;0;;0;;0;
PSY2;2014;540000312;540000114;1708;4;0;0;0;65;31;4;0;0;0;75;33;13998;91;;;;1938;526;7476;0;0;0;0;39;203;21539;;;;;329;102;5;0;;0;;0;;0;;0;
PSY2;2014;540001070;540000767;1828;7;1;1;;6;3;;;;;;;5981;996;;8;;2562;19;;;;;;;;;;2;;;;;;1;1;0;;0;;0;;0;
PSY2;2014;540001096;570010181;180;15;;;;63;7;;;;;;;4288;960;;;;1018;287;;;;;;;;;;;;;;;4.5;1;0.2;0;;0;;0;;0;
PSY2;2014;540002698;540023264;337;15;;;4;42;19;17;;;4;51;21;7362;1199;;;31;1376;746;171;;;;;;;3581;6;;2;;4;1;;0;;0;;0;;0;;0;
PSY2;2014;540006830;540000767;1652;;;;;;;;;;;;;;;;;;;;1957;;;;;;;34792;;;;;;;;0;;0;;0;;0;;0;
PSY2;2014;540014073;540000056;24057;233;10;0;16;295;131;249;8;0;16;312;142;90859;11588;1985;0;68;12391;4391;18927;141;17;0;0;620;121;237836;1034;520;0;3;2906;513;56.8;1;4.9;1;42.3;1;101.6;0;;0;
PSY2;2014;540020054;540023264;1248;20;;1;4;15;10;20;;1;4;15;10;;;;;;;;;;;;;;;8426;46;;2;6;170;65;;1;;0;;0;;0;;0;
PSY2;2014;550000186;550006795;894;4;;;;1;;;;;;;;1854;;;;;65;;5532;2;;;;;;9611;2;;;;3;;;1;;0;;1;18.22;0;;0;
PSY2;2014;550000251;550000095;4557;29;5;1;7;105;9;52;;1;7;157;11;45034;2717;365;18;28;4439;128;14090;454;230;;;1547;11;41318;311;30;;7;727;5;;1;0.2;1;0.8;1;2;0;;0;
PSY2;2014;550003362;550006795;2438;56;;;333;95;5;;;;;;;12556;1475;;;17;3173;57;4177;187;;;;1268;0;17895;300;;;3173;911;67;;1;0.5;0;;0;;0;;0;
PSY2;2014;560000242;560022246;235;;;;;;;;;;;;;39695;;;;;;;;;;;;;;;;;;;;;4;0;;0;;0;;0;;0;
PSY2;2014;560000382;560002032;16562;112;4;;6;545;130;92;;;7;646;124;91263;5387;849;;30;22527;2658;32492;1216;280;;;1074;207;119627;1557;731;;5;2383;593;44;1;1.3;1;87.62;1;40.15;0;;0;
PSY2;2014;560000697;560002677;10054;53;3;4;13;250;19;56;3;4;14;267;19;57992;2546;1095;88;73;10355;380;25173;630;0;0;177;1072;0;93831;273;0;0;20;1287;0;28;1;1;1;10.8;1;14.1;0;;0;
PSY2;2014;560002081;560000416;570;;;;;;;;;;;;;29332;;;;;;;;;;;;;;;;;;;;;;0;;0;;0;;0;;0;
PSY2;2014;560002123;750043994;626;;;;;;;;;;;;;26121;;;;;;;;;;;;;;;;;;;;;;0;;0;;0;;0;;0;
PSY2;2014;560002685;750043713;401;;;;;;;;;;;;;12369;;;;;;;;;;;;;;296;;;;;;;3;0;;0;;0;;0;;0;
PSY2;2014;560004277;750721029;30;;;;;;;;;;;;;5034;;;;;;;;;;;;;;;;;;;;;0.2;0;;0;;0;;0;;0;
PSY2;2014;560006991;220017974;4279;3;;;;10;3;;;;;;;6698;;;;;;;6008;;;;;;;38711;30;;;;25;18;;1;0.9;0;;0;;0;;0;
PSY2;2014;570000281;570005165;245;;;1;;102;10;;;1;;159;10;10806;;;1;;5536;236;;;;;;;;;;;;;;;;0;;0;;0;;0;;0;
PSY2;2014;570000349;570005165;436;;;;;6;1;;;;;6;7;1230;;;;;14;3;;;;;;;;;;;;;;;;1;0;0;;0;;0;;0;
PSY2;2014;570000596;750821092;207;1;;;;;;;;;;;;5049;18;;;;;;885;;;;;;;2881;;;;;;;4;0;;0;;0;;0;;0;
PSY2;2014;570000885;570000133;9423;29;;;;164;79;;;;;;;52900;3369;;;;6735;1844;17039;132;;;;146;41;77463;172;;;;439;74;25.42;1;0.2;1;3.8;0;;0;;1;19.3
PSY2;2014;570000893;570000141;8570;283;39;;44;277;218;287;39;;47;329;243;85330;45223;7231;;3041;4822;3924;13549;34;21;;;105;60;78059;346;115;;35;678;224;30.4;1;1;0;;0;;1;234.88;0;
PSY2;2014;570001016;570000513;1921;95;4;2;13;415;164;104;3;2;11;971;158;83061;3507;281;24;309;16856;4702;4674;;;;;;;106256;60;;;73;1627;200;31.4;1;3.9;1;8.78;1;32.73;0;;0;
PSY2;2014;570001099;570023630;335;;;;;;;;;;;;;9919;;;;;;;;;;;;;;;;;;;;;;0;;0;;0;;0;;0;
PSY2;2014;570002287;570001230;581;;;;;;;;;;;;;23825;;;;;;;;;;;;;;;;;;;;;;0;;0;;0;;0;;0;
PSY2;2014;570010181;570010181;;;;;;;;;;;;;;;;;;;;;;;;;;;;;;;;;;;;1;;0;;0;;0;;0;
PSY2;2014;570015750;570005165;4258;;;;;1;;;;;;3;;;;;;;;;1527;;;;;;;38794;;;;;3;;;0;;0;;0;;0;;0;
PSY2;2014;570023309;570023283;45;;;;;;;;;;;;;4701;;;;;;;701;;;;;;;;;;;;;;1.5;0;;0;;0;;0;;0;
PSY2;2014;580005163;580780039;;;;;;;;;;;;;;;;;;;;;;;;;;;;;;;;;;;;1;;0;;1;;0;;0;
PSY2;2014;580780237;580000099;697;;;;;;;;;;;;;35910;;;;;;;;;;;;;;;;;;;;;1;0;;0;;1;;0;;0;
PSY2;2014;580972636;580780971;7875;76;2;;2;150;77;82;2;;;169;81;45338;2409;724;;25;5042;2166;12321;963;;;;1173;445;79874;1234;;;;2530;462;;1;0.5;0;;0;;0;;0;
PSY2;2014;590000014;590780052;237;5;0;0;0;1;13;0;0;0;0;0;0;8367;303;0;0;0;1076;291;3177;0;0;0;0;0;0;17598;146;0;0;0;0;43;5;0;;0;;0;;0;;0;
PSY2;2014;590000105;590780193;1328;198;;5;3;104;34;238;;5;3;104;34;12047;5562;;73;41;3633;1130;3812;;;;;;;;;;;;;;;1;1.4;0;;0;;0;;1;14.4
PSY2;2014;590000428;590781605;502;10;2;;;187;;10;2;;;208;;21318;2166;730;;;10813;;;;;;;;;;;;;;;;12;1;;0;;1;;0;;0;
PSY2;2014;590000469;590781662;924;3;;;;43;3;3;;;;45;3;4003;437;;;;550;17;;;;;;;;2953;;;;;10;;;1;;0;;0;;0;;0;
PSY2;2014;590000535;590781803;663;28;3;;;150;4;29;3;;;161;4;20368;2447;1003;;;4790;47;3286;175;;;;114;;;;;;;;;13;1;;0;;0;;0;;0;
PSY2;2014;590000592;590782165;1904;8;3;;;111;16;8;3;;;111;16;13870;722;318;;;4354;251;6549;;35;;;76;;21166;;;;;269;35;;1;0.3;0;;0;;0;;0;
PSY2;2014;590000600;590782207;578;16;14;;;106;85;1;0;0;0;16;1;6596;561;281;;;4867;2691;5038;;;;;;;;;;;;;;8;0;;0;;0;;0;;0;
PSY2;2014;590000782;590782660;20543;68;5;3;8;451;178;71;5;3;8;529;202;65112;4004;1563;16;47;14085;3207;26083;154;;;;342;;258920;;;;;;;83.7;1;1.82;0;;1;27.62;0;;0;
PSY2;2014;590000790;590782678;1384;30;4;0;1;202;127;36;5;0;1;256;146;51415;4040;600;;6;4913;2328;11884;206;;;;278;0;111540;381;18;0;55;1181;457;47;1;1;0;;1;9.45;0;;0;
PSY2;2014;590001004;590783239;650;17;1;;7;100;14;28;1;;8;141;15;13273;659;60;;26;2517;306;6697;26;;;;151;;75532;1749;;;3610;301;5;;1;;0;;0;;0;;0;
PSY2;2014;590001418;590034740;22575;115;1;2;11;426;204;119;10;1;6;497;228;77822;5551;129;105;155;12943;3994;22904;509;8;0;3;943;331;228576;1356;;40;77;2763;851;;1;1;0;;1;35.12;0;;0;
PSY2;2014;590002317;590799912;28;;;;;;;;;;;;;2816;;;;;;;;;;;;;;;;;;;;;0.39;0;;0;;0;;0;;0;
PSY2;2014;590005245;590005245;620;;;;;;;;;;;;;27415;;;;;;;;;;;;;;;;;;;;;0;0;;0;;0;;0;;0;
PSY2;2014;590009148;810002519;106;;;;;;;;;;;;;14122;;;;;;;;;;;;;;;;;;;;;;0;;0;;0;;0;;0;
PSY2;2014;590009528;590782165;28;;;;;;;;;;;;;;;;;;;;3013;;;;;;;;;;;;;;;0;;0;;0;;0;;0;
PSY2;2014;590016408;590016358;361;;;;;;;;;;;;;10585;;;;;;;1964;;;;;;;;;;;;;;;0;;0;;0;;0;;0;
PSY2;2014;590044665;750720575;55;;;;;;;;;;;;;7091;;;;;;;4175;;;;;;;;;;;;;;;0;;0;;1;;0;;0;
PSY2;2014;590049060;810003319;35;;;;;;;;;;;;;2164;;;;;;;;;;;;;;;;;;;;;1;0;;0;;0;;0;;0;
PSY2;2014;590053955;590053955;1137;;;;;;;;;;;;;44570;;;;;;;15886;;;;;;;;;;;;;;;0;;0;;0;;0;;0;
PSY2;2014;590785341;750005068;543;;;;;;;;;;;;;;;;;;;;4987;;;;;;;4542;;;;;;;;0;;0;;0;;;;0;
PSY2;2014;590787529;590782215;1254;22;8;1;2;239;12;26;8;1;2;258;14;26989;594;483;185;9;4157;217;17648;33;114;0;0;35;0;89417;104;110;11;3;356;37;30.7;1;1.1;1;0.24;0;;;;0;
PSY2;2014;590797353;590051801;288;;;;;;;;;;;;;5514;;;;;;;530;;;;;;;;;;;;;;;;;;;;;;;;
PSY2;2014;590816427;590781829;537;;;;;;;;;;;;;23240;;;;;;;3417;;;;;;;;;;;;;;;0;;0;;0;;0;;0;
PSY2;2014;600000012;600100028;21922;172;12;2;52;942;252;243;17;4;94;1407;348;178971;18295;1811;60;870;55315;13357;34092;490;20;8;0;2789;62;338427;247;3;3;82;1402;174;126.6;1;3.2;1;26.47;0;;0;;0;
PSY2;2014;600009054;600000798;416;;;;;;;;;;;;;16260;;;;;;;;;;;;;;;;;;;;;;0;;0;;0;;0;;0;
PSY2;2014;600107049;600107049;2377;;;;;;;;;;;;;239;;;;;;;9334;;;;;;;11194;;;;;;;5.5;0;;0;;1;5.3;0;;0;
PSY2;2014;610000028;610780025;877;42;4;;12;175;122;44;4;;13;195;122;45256;5479;1138;;59;11862;938;18891;827;;;;486;528;114910;50;;;10;280;;28.05;1;1;0;;1;28;0;;0;
PSY2;2014;610788325;610780165;281;11;;;;65;5;;;;;;;10032;572;;;;1786;39;5711;392;;;;791;144;29545;435;;;;1109;27;;1;;0;;1;3;0;;0;
PSY2;2014;620000034;620100057;809;15;6;;1;121;17;15;6;;2;121;17;22811;1669;531;;40;4173;841;;52;52;;0;0;0;;484;24;;0;234;0;13.6;1;1.1;0;;0;;0;;0;
PSY2;2014;620000059;620100073;547;7;;;;;;;;;;;;6869;;;;;;;;;;;;;;6846;7;;;;;;2.6;0;;0;;0;;0;;0;
PSY2;2014;620000240;620100677;5739;18;;;1;173;36;18;;;1;173;36;26442;2529;;;6;7563;971;;;;;;;;48914;68;;;;384;30;;1;0.5;0;;1;4.5;0;;0;
PSY2;2014;620000257;620100685;621;15;3;;1;129;25;11;3;;1;131;26;27160;2291;730;;12;4768;540;4641;605;24;;;;;10874;72;26;;;331;8;;;;;;;;;;;
PSY2;2014;620000281;620101287;2476;38;9;;31;403;308;38;9;;37;448;354;101336;5205;2739;;190;9992;6303;;;;;;;;;;;;;;;43.65;1;;0;;0;;0;;0;
PSY2;2014;620000323;620101337;3633;16;4;;;112;14;9;4;;;117;9;13114;2037;244;;;3961;979;2869;98;113;;;;21;23708;103;369;;;193;135;;1;;0;;1;2.33;0;;0;
PSY2;2014;620000638;620000638;108;;;;;;;;;;;;;15475;;;;;;;;;;;;;;20;;;;;;;;;;;;;;;;;
PSY2;2014;620000653;620103440;3296;19;;;;132;;;;;;;;23588;2781;;;;5745;;3003;0;;;;20;;42694;371;;;;519;;12;1;;0;;0;;0;;0;
PSY2;2014;620001834;620001834;261;9;1;;;35;28;9;1;;;36;28;16758;619;365;;;458;477;4075;;;;;;;13852;3;;;;11;22;;1;;0;;0;;0;;0;
PSY2;2014;620002154;620112607;33;;;;;;;;;;;;;9893;;;;;;;;;;;;;;;;;;;;;10;1;9.15;0;;1;27.43;0;;0;
PSY2;2014;620003202;620103432;1898;4;;;;44;;;;;;;;14125;394;;;;230;;12302;73;;;;441;;8768;7;;;;74;;6;1;1;1;0.1;0;;0;;0;
PSY2;2014;620003475;620100685;151;;;;;;;;;;;;;2095;;;;;;;;;;;;;;;;;;;;;;;;;;;;;;;
PSY2;2014;620018143;620100057;0;;;;;;;;;;;;;0;;;;;;;0;;;;;;;0;;;;;;;4;0;0.3;0;;1;;0;;0;
PSY2;2014;620024349;620024299;987;;;;;;;;;;;;;27956;;;;;;;7283;;;;;;;;;;;;;;;0;;0;;1;11.2;0;;0;
PSY2;2014;620025387;620025361;901;;;;;;;;;;;;;22915;;;;;;;6738;;;;;;;;;;;;;;;0;;0;;;;0;;0;
PSY2;2014;620100347;590039863;576;;;;;;;;;;;;;20235;;;;;;;2208;;;;;;;;;;;;;;;0;;0;;0;;0;;0;
PSY2;2014;620105973;590039863;17;;;;;;;;;;;;;6168;;;;;;;;;;;;;;;;;;;;;0.23;0;;0;;0;;0;;0;
PSY2;2014;630000412;630780997;46;1;;;;1;1;1;;;;1;1;;;;;;;;1796;27;;;;46;17;3322;10;;;;11;77;;0;;0;;0;;0;;0;
PSY2;2014;630000446;630781029;250;11;1;;;51;6;13;;;;52;6;7515;746;23;;;1103;47;4725;18;;;;134;0;14884;97;;;;47;0;;1;;0;;0;;0;;0;
PSY2;2014;630780195;630786754;8744;122;6;5;38;331;154;;;;;;;73993;5600;1486;34;179;12704;6101;44053;1068;133;2;;1162;354;87842;1426;28;3;423;1217;257;;0;;0;;0;;0;;0;
PSY2;2014;630780401;630000172;1330;;;;;;;;;;;;;38410;;;;;;;;;;;;;;;;;;;;;;;;;;;;;;;
PSY2;2014;630781417;630000578;780;;;;;;;;;;;;;24167;;;;;;;3454;;;;;;;;;;;;;;;;;;;;;;;;
PSY2;2014;630781771;630780989;7148;8;5;2;;110;11;14;20;2;;191;29;51680;;;89;;3435;459;8064;;;;;;;31517;14;20;;;54;17;30.95;;;;;;;;;;
PSY2;2014;630781821;750043994;944;;;;;;;;;;;;;39805;;;;;;;7645;;;;;;;;;;;;;;;0;;0;;0;;0;;0;
PSY2;2014;640000162;640780417;479;5;;;;2;;;;;;;;3917;218;;;;1;;;;;;;;;;;;;;;;;0;;0;;1;22.24;1;;0;
PSY2;2014;640000436;640780862;14506;72;4;7;21;581;61;73;4;7;27;634;64;65289;5252;745;96;646;29476;2022;36476;697;198;0;0;5132;151;195995;1621;458;7;23;11923;178;57.05;0;;1;63.49;1;58.27;0;;0;
PSY2;2014;640007019;640007019;594;;;;;;;;;;;;;24732;;;;;;;;;;;;;;;;;;;;;;0;;0;;0;;0;;0;
PSY2;2014;640017521;640790374;478;;;;;;;;;;;;;;;;;;;;;;;;;;;8881;;;;;;;;0;;0;;;;0;;0;
PSY2;2014;640780334;640017893;504;;;;;;;;;;;;;1194;;;;;;;;;;;;;;;;;;;;;;0;;0;;0;;0;;0;
PSY2;2014;640780409;640000154;661;;;;;;;;;;;;;17784;;;;;;;;;;;;;;;;;;;;;;0;;0;;0;;0;;0;
PSY2;2014;640781365;750052292;525;;;;;;;;;;;;;15108;;;;;;;3638;;;;;;;;;;;;;;;;;;;;;;;;
PSY2;2014;640781399;640000683;533;;;;;;;;;;;;;17519;;;;;;;;;;;;;;;;;;;;;;0;;0;;0;;0;;0;
PSY2;2014;640784278;640780417;6038;43;;6;;269;58;31;;6;;198;69;28438;1453;;218;;7208;1158;5835;22;;13;;155;36;87095;529;;59;;5702;504;;;;;;;;;;;
PSY2;2014;650000060;650780174;10868;46;3;4;11;362;249;46;3;4;11;362;249;58792;2105;0;70;377;11937;6439;19636;174;0;0;0;2044;526;132092;362;21;146;107;6690;1779;29.1;1;0.1;1;18.62;1;23.4;0;;0;
PSY2;2014;650780729;650000276;602;;;;;;;;;;;;;15786;;;;;;;1872;;;;;;;;;;;;;;;0;;0;;0;;0;;;
PSY2;2014;650780737;650000284;445;;;;;;;;;;;;;15474;;;;;;;;;;;;;;;;;;;;;;0;;0;;0;;0;;0;
PSY2;2014;660000092;660780198;13497;100;6;;11;579;252;102;6;;13;605;261;51389;3997;774;;203;16258;7862;21871;312;96;;;2812;1229;174376;1133;96;;40;8070;1571;60.6;1;4;1;8.8;1;47.1;0;;1;17.95
PSY2;2014;660000142;660000142;1442;;;;;;;;;;;;;39759;;;;;;;6427;;;;;;;;;;;;;;0;0;;0;;0;;0;;0;
PSY2;2014;660000365;660000365;742;;;;;;;;;;;;;27184;;;;;;;11010;;;;;;;;;;;;;;;0;;0;;0;;0;;0;
PSY2;2014;660780214;750055071;247;;;;;;;;;;;;;21311;;;;;;;;;;;;;;;;;;;;;2;0;;0;;0;;0;;0;
PSY2;2014;670000025;670780055;658;23;1;3;1;121;31;31;1;3;1;143;32;20151;1454;6;159;147;3247;608;3257;;;;;;;27991;43;1;2;2;43;35;;1;3.5;0;;1;30.67;0;;0;
PSY2;2014;670000058;670013366;3108;82;3;1;7;281;428;90;3;1;7;308;471;101505;6365;2020;11;63;7832;7599;;;;;;;;;;;;;;;90.6;1;6.62;1;77.78;1;4.82;0;;1;19.7
PSY2;2014;670000603;670781152;8093;57;15;;4;330;237;58;13;;5;237;221;53637;3696;1417;;42;7799;4835;30447;837;304;;;879;319;65909;849;169;;;2024;1031;;1;66.9;1;24;1;62.15;0;;0;
PSY2;2014;670013754;670013754;890;3;;;;38;10;3;;;;44;10;14159;343;;;;1097;80;2473;;;;;;;8494;1;;;;54;;4;0;;0;;0;;0;;0;
PSY2;2014;680000627;680000486;6795;29;4;2;9;104;27;21;8;;10;113;25;23159;1116;127;56;60;2796;494;11613;13;;;;12;;43423;251;17;;;60;7;;1;0.51;1;0.5;0;;0;;0;
PSY2;2014;680000684;680000973;5466;4;1;;;6;;4;1;;;6;;15051;;;;;;;10323;61;148;;;96;;43153;;194;;;165;;19;1;1;1;1;1;6;0;;0;
PSY2;2014;680000874;680001179;13923;78;20;2;24;497;133;96;20;3;25;555;174;83524;5157;1621;64;219;19977;4057;30298;784;200;0;0;1421;77;138851;918;347;0;76;1728;1013;47;1;0.78;1;86.95;1;20.6;0;;0;
PSY2;2014;680001294;680000890;819;;;;;;;;;;;;;23312;;;;;;;;;;;;;;;;;;;;;3;0;;0;;0;;0;;0;
PSY2;2014;690000088;690780101;23607;353;32;0;175;985;344;;;;;;;162273;30720;4683;;8364;41532;12058;58338;1361;246;;20;1802;270;251356;1899;183;;;3174;340;;0;;1;130.65;1;33.47;1;110.36;1;38.14
PSY2;2014;690000096;690780119;11728;59;3;;2;283;181;36;2;;3;319;181;36267;4009;628;;6;9930;6214;18678;130;;;;122;95;118905;82;20;;;253;202;60.04;1;1.5;1;2.87;1;32.49;0;;0;
PSY2;2014;690000310;690000310;1330;;;;;;;;;;;;;50094;;;;;;;8365;;;;;;;;;;;;;;8.1;0;;1;1.9;0;;0;;0;
PSY2;2014;690000336;690780564;656;;;;;;;;;;;;;33528;;;;;;;2871;;;;;;;298;;;;;;;;;;;;;;;;;
PSY2;2014;690002092;010783009;588;;;;;;;;;;;;;24846;;;;;;;4551;;;;;;;55;;;;;;;;;;;;;;;;;
PSY2;2014;690022959;690000732;87;;;;;;;;;;;;;272;;;;;;;968;;;;;;;;;;;;;;;0;;0;;0;;0;;0;
PSY2;2014;690036108;690036090;285;;;;;;;;;;;;;;;;;;;;7295;;;;;;;;;;;;;;0;0;;0;;0;;0;;0;
PSY2;2014;690780093;750821092;271;;;;;;;;;;;;;5440;;;;;;;1303;;;;;;;2835;;;;;;;;1;4;0;;0;;0;;0;
PSY2;2014;690780507;750052276;1623;;;;;;;;;;;;;63294;;;;;;;3801;;;;;;;;;;;;;;;0;;0;;0;;0;;0;
PSY2;2014;690780515;690000294;795;;;;;;;;;;;;;20556;;;;;;;6410;;;;;;;;;;;;;;;0;;0;;0;;0;;0;
PSY2;2014;690780523;750047938;477;;;;;;;;;;;;;18666;;;;;;;;;;;;;;;;;;;;;;0;;0;;0;;0;;0;
PSY2;2014;690780549;750043994;1746;;;;;;;;;;;;;63006;;;;;;;1022;;;;;;;;;;;;;;;0;;0;;0;;0;;0;
PSY2;2014;690781745;690000542;495;;;;;;;;;;;;;42834;;;;;;;;;;;;;;;;;;;;;;0;;0;;0;;0;;0;
PSY2;2014;690782081;750005068;596;;;;;;;;;;;;;;;;;;;;6938;;;;;;;;;;;;;;3.75;0;;0;;1;3.17;0;;0;
PSY2;2014;690782172;690782172;1129;;;;;;;;;;;;;9335;;;;;;;2836;;;;;;;8433;;;;;;;3.95;0;;0;;0;;0;;0;
PSY2;2014;690784178;690781810;13;;;;;;;;;;;;;641;;;;;;;;;;;;;;;;;;;;;;;;;;;;;;;
PSY2;2014;690796727;690796727;14662;224;27;;;853;312;205;27;;;655;294;75101;12939;2037;;;25752;11342;21905;731;87;;;1564;579;165487;2808;133;;;7369;1561;87.48;1;9.4;1;69.81;1;26.82;0;;0;
PSY2;2014;700780075;700004096;8692;42;3;4;5;140;144;43;3;5;5;152;165;114730;1577;601;109;25;3139;2511;23355;0;;;;1;;106614;13;;;;67;;34.5;1;2.11;1;96.32;1;65.7;1;43.21;0;
PSY2;2014;710780818;710000233;1250;;;;;;;;;;;;;42210;;;;;;;;;;;;;;;;;;;;;;0;;0;;0;;0;;0;
PSY2;2014;710978230;710781329;9039;16;4;35;27;300;72;17;4;35;30;305;73;93191;4180;966;1480;364;9769;2318;15939;44;;209;;552;25;59877;3;;139;;538;67;41;1;2;0;;1;10;0;;0;
PSY2;2014;710978289;710780263;;;;;;;;;;;;;;;;;;;;;;;;;;;;;;;;;;;;1;;;;1;;1;;0;
PSY2;2014;720000041;720000058;18955;75;16;;14;354;137;91;17;;16;412;150;92176;6410;3623;;87;11967;3148;24353;859;246;;0;1036;88;155980;2025;93;;442;4596;;54.6;1;0;1;2.42;1;10.55;0;;0;
PSY2;2014;720017748;720000561;554;;;;;;;;;;;;;17515;;;;;;;;;;;;;;;;;;;;;;0;;0;;0;;0;;0;
PSY2;2014;720018100;750720575;147;;;;;;;;;;;;;20691;;;;;;;78;;;;;;;;;;;;;;6;0;;0;;0;;0;;0;
PSY2;2014;730000304;730780582;13521;45;8;2;14;333;291;45;8;2;17;369;314;62984;2192;922;34;197;14424;8617;9788;134;;;;390;165;137189;606;79;;5;1060;847;51.6;1;0.5;1;3.72;1;37.53;0;;0;
PSY2;2014;730007978;730011731;1024;;;;;;;;;;;;;34273;;;;;;;1193;;;;;;;;;;;;;;;0;;0;;0;;0;;0;
PSY2;2014;740000328;740790381;2580;14;;;;62;19;;;;;;;11420;1338;;;;2324;949;7629;251;;;;26;18;32546;179;;;;179;31;;1;1.2;0;0;1;4.5;0;0;0;0
PSY2;2014;740000583;740785035;704;30;;;20;258;165;34;;;23;271;184;32526;2358;;;151;11427;6614;7729;67;;;;;;91887;1099;;;;2531;;26.6;;;1;32.81;1;9.73;0;;0;
PSY2;2014;740013412;740781133;5507;62;0;0;0;251;41;120;0;0;0;389;49;22062;4723;0;0;0;9710;1702;6365;1;0;0;0;26;0;47312;389;0;0;0;809;94;39;1;4.9;0;;0;;0;;0;
PSY2;2014;740780184;750052334;519;;;;;;;;;;;;;18582;;;;;;;;;;;;;;;;;;;;;2;0;;0;;0;;0;;0;
PSY2;2014;740781026;740000211;1495;;;4;;;;;;5;;;;48024;;;158;;;;;;;;;;;;;;;;;;;0;;0;;1;;0;;0;
PSY2;2014;740781034;750048787;790;;;;;;;;;;;;;24199;;;;;;;7233;;;;;;;;;;;;;;;0;;0;;1;27;0;;0;
PSY2;2014;750000499;750140014;32801;169;0;0;5;936;260;115;3;;3;966;277;95336;6922;;;115;28093;7128;38634;2905;;;;4327;1297;315708;4386;;;12;8601;1554;;;;1;3.9;1;29.74;;;1;13.9
PSY2;2014;750006348;910140011;7279;122;5;;;353;227;123;6;;;391;293;28710;7990;1105;;;13881;10869;24101;1589;80;;;1192;398;90803;757;;;;1145;256;58.42;0;;0;;1;3.6;1;1.9;;
PSY2;2014;750006538;940016819;9439;143;11;;2;878;211;;;;;;;46438;8891;1727;;392;9916;7055;31224;;;;;;;237181;8;;;;2122;4;;;;;;;;;;;
PSY2;2014;750007528;750804940;58;;;;;;;;;;;;;11823;;;;;;;;;;;;;;;;;;;;;0.97;0;;0;;0;;0;;0;
PSY2;2014;750007668;750719270;532;;;;;;;;;;;;;;;;;;;;32479;;;;;;;;;;;;;;3.48;0;;1;;0;;0;;0;
PSY2;2014;750023749;750034308;18310;481;36;17;;954;678;484;36;17;;1044;720;88776;34048;3690;81;;37110;17518;21685;1222;20;138;;785;259;257392;7193;1767;351;;4817;2040;118.26;1;;1;7.3;1;10.18;0;;0;
PSY2;2014;750039448;750720914;393;5;;;;192;89;0;;;;204;93;15213;438;;;;5029;1202;27300;12;;;;17;1;;;;;;;;29.44;1;0;1;0.15;1;5.38;0;;0;
PSY2;2014;750051872;750051872;1191;;;;;;;;;;;;;87995;;;;;;;2782;;;;;;;;;;;;;;4;0;;0;;1;25;0;;0;
PSY2;2014;750052037;750052037;10821;56;;1;4;205;52;56;;1;4;248;64;55761;5666;;14;71;7811;1800;17508;303;;0;;296;59;94226;928;;3;;624;61;;1;0.6;1;47.31;1;32.85;0;;0;
PSY2;2014;750100018;750712184;198;;;;;;;;;;;;;4406;;;;;;;;;;;;;;;;;;;;;;1;;0;;0;;0;;0;
PSY2;2014;750100042;750712184;4986;;;;;;;;;;;;;10252;;;;;;;;;;;;;;;;;;;;;;1;9;0;;0;;0;;0;
PSY2;2014;750100091;750712184;2059;0;0;0;0;35;0;0;0;0;0;35;0;12754;0;0;0;0;213;0;1976;0;0;0;0;0;0;7553;0;0;0;;0;0;10.8;1;1.5;0;;0;;0;;0;
PSY2;2014;750100109;750712184;1182;0;0;0;0;0;0;0;0;0;0;0;0;0;0;0;0;0;0;0;0;0;0;0;0;0;0;660;0;0;0;0;0;0;3;1;0.1;0;;1;3.4;0;;0;
PSY2;2014;750100125;750712184;5187;;;;;;;;;;;;;30799;;;;;;;9017;;;;;;;20324;;;;;;;32.54;1;1;0;;1;326.7;0;;;
PSY2;2014;750100166;750712184;611;;;;;;;;;;;;;6596;;;;;;;;;;;;;;;;;;;;;;1;;0;;1;;0;;0;
PSY2;2014;750100208;750712184;1694;0;0;0;0;0;0;0;0;0;0;0;0;0;0;0;0;0;0;0;750;0;0;0;0;0;0;8153;0;0;0;0;0;0;9.7;;;0;;0;;0;;0;
PSY2;2014;750100232;750712184;;0;0;0;0;0;0;;;;;;;3315;;;;;;;1977;;;;;;;11999;;;;;;;;1;1;0;;1;9.4;0;;0;
PSY2;2014;750100273;750712184;2815;;;;;;;;;;;;;6563;;;;;;;;;;;;;;1282;;;;;;;5;1;1.5;0;;0;;0;;0;
PSY2;2014;750120016;750821092;1479;;;;;;;;;;;;;6763;;;;;;;;;;;;;;;;;;;;;;0;;0;;0;;0;;0;
PSY2;2014;750140022;750720575;146;;;;;;;;;;;;;14619;;;;;;;3709;;;;;;;;;;;;;;12.08;0;;0;;1;55.35;0;;0;
PSY2;2014;750150104;750720476;1781;;;1;;;;;;1;;;;10594;;;33;;;;4251;;;;;;;18372;;;;;;;;0;;0;;1;;0;;0;
PSY2;2014;750170102;750721391;2723;;;;;;;;;;;;;188;;;;;;;26841;;;;;;;33336;;;;;;;;;;;;;;;;;
PSY2;2014;750170128;750710428;53;;;;;;;;;;;;;;;;;;;;6978;;;;;;;;;;;;;;1.4;0;;0;;0;;0;;0;
PSY2;2014;750170235;750005068;1654;;;;;;;;;;;;;;;;;;;;30993;;;;;;;;;;;;;;;;;;;;;;;;
PSY2;2014;750170243;750720922;102;;;;;;;;;;;;;102;;;;;;;14096;;;;;;;;;;;;;;2.89;0;;0;;1;;0;;0;
PSY2;2014;750170268;750721334;29;;;;;;;;;;;;;;;;;;;;3384;;;;;;;;;;;;;;1.7;0;;0;;0;;0;;0;
PSY2;2014;750170490;750719312;28;;;;;;;;;;;;;;;;;;;;2687;;;;;;;;;;;;;;0.81;0;;0;;0;;0;;0;
PSY2;2014;750310013;750043994;425;;;;;;;;;;;;;17985;;;;;;;;;;;;;;;;;;;;;;0;;0;;0;;0;;0;
PSY2;2014;750719361;750719361;210;;;;;;;;;;;;;374;;;;;;;29903;;;;;;;;;;;;;;;0;;0;;0;;0;;0;
PSY2;2014;750720674;750720674;320;;;;;;;;;;;;;;;;;;;;18653;;;;;;;;;;;;;;;0;;0;;1;52.67;0;;0;
PSY2;2014;750802985;750802985;450;;;;;;;;;;;;;8254;;;;;;;3516;;;;;;;5260;;;;;;;4.15;0;;0;;0;;0;;0;
PSY2;2014;750803447;750712184;4254;2;;;;1;6;2;;;;1;6;;;;;;;;;;;;;;;16162;2;;;;1;6;7.9;1;;0;;0;;0;;0;
PSY2;2014;750803454;750712184;5205;;;17;;;;;;;;;;6480;;;450;;;;4289;;;;;;;12870;;;;;;;;;;0;;1;;0;;0;
PSY2;2014;750826141;750825960;101;;;;;;;;;;;;;9;;;;;;;8222;;;;;;;;;;;;;;1.44;0;;0;;0;;0;;0;
PSY2;2014;750827214;750815607;;;;;;;;;;;;;;;;;;;;;;;;;;;;;;;;;;;0.23;0;;1;;0;;0;;0;
PSY2;2014;760000018;760780023;3785;40;;;;263;37;16;0;0;0;146;35;19745;1739;;;;3986;377;4211;191;;;;236;1;26032;735;;;;2109;41;;1;;1;2;1;3;0;;;
PSY2;2014;760000158;760780239;;;;;;;;;;;;;;;;;;;;;;;;;;;;;;;;;;;;0;;0;;1;16.74;0;;0;
PSY2;2014;760000190;760780270;3418;148;6;2;106;636;248;165;12;15;165;759;305;142221;22629;1498;0;3734;30322;7251;59284;506;0;0;13;2394;51;250806;1367;2;43;448;4794;770;;0;;1;52.06;1;37.9;1;100.94;1;30.37
PSY2;2014;760000372;760780742;2127;0;0;0;0;0;0;;;;;;;;;;;;;;3445;;;;;;;;;;;;;;4.8;1;;0;;0;;0;;0;
PSY2;2014;760004143;760004143;106;;;;;;;;;;;;;;;;;;;;4505;;;;;;;23302;;;;;;;0.14;0;;0;;0;;0;;0;
PSY2;2014;760026674;750035578;661;;;;;;;;;;;;;27581;;;;;;;2308;;;;;;;;;;;;;;5;0;;1;;0;;0;;0;
PSY2;2014;760780288;750005068;299;;;;;;;;;;;;;;;;;;;;10931;;;;;;;1266;;;;;;;2.57;0;;0;;1;7.4;0;;0;
PSY2;2014;760781070;760780726;11065;62;2;;39;326;41;62;2;;45;339;41;54925;5204;157;;316;19974;3155;6975;822;123;;;2547;115;104975;86;109;;;2269;35;;1;0.6;0;;1;50.94;0;;0;
PSY2;2014;760783563;760910919;15;;;;;;;;;;;;;210;;;;;;;;;;;;;;;;;;;;;0.2;0;;0;;0;;0;;0;
PSY2;2014;760800938;760780023;831;;;;;;;;;;;;;1532;;;;;;;3771;;;;;;;7730;;;;;;;;;;;;;;;;;
PSY2;2014;760913137;760009001;124;;;;;;;;;;;;;;;;;;;;;;;;;;;124;;;;;;;1;0;;0;;0;;0;;0;
PSY2;2014;770000131;770110013;431;23;3;;1;68;12;23;3;;1;61;12;14401;1383;236;;1;3441;244;2218;220;7;;;360;;;;;;;;;17.7;1;;0;;1;;0;;0;
PSY2;2014;770000156;770110054;285;57;1;2;35;227;41;61;1;2;40;243;41;16248;3719;67;197;613;9209;1802;;;;;;;;;;;;;;;;1;;0;;0;;0;;0;
PSY2;2014;770000172;770110070;1271;9;;;;29;2;;;;;;;5250;537;;;;1454;91;684;;;;;96;;4341;;;;;2;;;0;;0;;0;;0;;0;
PSY2;2014;770000214;770130052;4327;35;3;;;152;16;34;2;;;156;16;13752;1770;602;;;5002;769;;;;;;;;42021;263;;;;167;;16;1;1;0;;1;;0;;0;
PSY2;2014;770000446;770700185;733;45;3;;12;152;25;53;4;;16;186;26;30042;4677;572;;169;6938;1308;;;;;;;;;;;;;;;;1;;1;3;1;1;0;;0;
PSY2;2014;770006138;770020113;1168;;;;;;;;;;;;;39544;;;;;;;12223;;;;;;;;;;;;;;;0;;0;;1;;0;;0;
PSY2;2014;770019032;770170017;7846;72;4;1;;193;27;;;;;;;28789;3214;38;69;;5154;909;22023;1816;;;;1282;277;46676;748;40;;;496;71;31.11;1;0.9;1;17.38;1;8.75;1;6.99;0;
PSY2;2014;770150027;750720575;229;;;;;;;;;;;;;7553;;;;;;;4737;;;;;;;80;;;;;;;;0;;0;;1;;0;;0;
PSY2;2014;770310019;770000370;893;;;;;;;;;;;;;36402;;;;;;;;;;;;;;;;;;;;;;0;;0;;0;;0;;0;
PSY2;2014;770310027;770000388;1097;;;;;;;;;;;;;36298;;;;;;;;;;;;;;;;;;;;;;0;;0;;0;;0;;0;
PSY2;2014;770510055;750719270;374;;;;;;;;;;;;;15064;;;;;;;;;;;;;;;;;;;;;2;0;;0;;0;;0;;0;
PSY2;2014;780000287;780110011;396;24;;;3;93;;;;;;;;9608;1356;;;22;3158;;;;;;;;;;;;;;;;;;;;;;;;;;
PSY2;2014;780000303;780110037;130;;;;;;;;;;;;;;;;;;;;2069;;;;;;;;;;;;;;;0;;1;0.5;0;;0;;0;
PSY2;2014;780000311;780001236;2138;23;2;;;88;14;23;1;;;83;14;12388;1703;60;;;2284;373;6634;168;145;;;;;26847;126;10;;;4;;;1;;0;;0;;0;;0;
PSY2;2014;780000337;780001236;469;24;0;0;5;148;16;;;;;;;6148;1100;;;637;2887;306;;;;;;;;;;;;;;;8;1;;0;;0;;0;;0;
PSY2;2014;780000402;780140026;1192;76;4;0;15;327;52;84;4;0;17;371;87;27467;2263;231;0;97;10440;1236;20490;0;2;0;0;14;0;126823;269;104;0;0;341;5;;;;;;;;;;;
PSY2;2014;780000410;780140059;4271;52;;9;2;180;22;;;;;;;19253;3218;;242;17;6302;599;10908;43;;;;39;;54453;399;;23;;1455;72;;0;;0;;0;;0;;0;
PSY2;2014;780000428;780002697;276;13;;;3;43;6;25;;;4;126;16;9639;1135;;;14;1511;340;;;;;;;;;;;;;;;;1;0.63;0;;0;;0;;0;
PSY2;2014;780009528;780009528;34;;;;;;;;;;;;;4926;;;;;;;;;;;;;;;;;;;;;1;0;;0;;0;;0;;0;
PSY2;2014;780020111;780020111;497;;;;;;;;;;;;;;;;;;;;5269;;;;;;;;;;;;;;2.21;0;;0;;0;;0;;0;
PSY2;2014;780140018;750005068;755;19;0;;1;127;9;;;;;;;40903;1689;;;5;5449;413;6226;46;;;0;386;0;;;;;;;;;0;;1;;1;;0;;0;
PSY2;2014;780140042;780017455;1853;;;;;;;;;;;;;50440;;;;;;;;;;;;;;;;;;;;;;0;;0;;0;;0;;0;
PSY2;2014;780140075;750804114;568;;;;;;;;;;;;;15813;;;;;;;;;;;;;;;;;;;;;;0;;0;;0;;0;;0;
PSY2;2014;780170056;780825097;34;;;;;;;;;;;;;;;;;;;;4418;;;;;;;;;;;;;;;0;;0;;0;;0;;0;
PSY2;2014;780310025;750043994;404;;;;;;;;;;;;;16173;;;;;;;922;;;;;;;;;;;;;;;0;;0;;1;;0;;0;
PSY2;2014;780800256;780110078;1225;25;;;7;153;4;25;;;8;159;5;11465;989;;;39;2444;39;2268;5;;;;;;34162;14;;;9;;;28.55;1;;0;;0;;0;;0;
PSY2;2014;790000087;790000012;3586;108;13;0;5;398;33;;;;;;;51732;;146;;7;28238;1414;21296;25;;;;282;;28310;358;15;;14;1079;11;28.5;1;;1;52.83;1;31.22;0;;0;
PSY2;2014;790003537;790006654;324;17;1;0;0;76;13;17;1;0;0;76;13;12494;3424;361;0;0;4766;540;263;59;0;0;0;0;0;0;0;0;0;0;0;0;14;0;;0;;0;;0;;0;
PSY2;2014;790007694;790006654;3233;9;1;0;0;16;2;9;1;0;0;16;2;;;;;;;;37757;;;;;;;20624;1649;215;0;0;621;21;14;1;;0;;1;;0;;0;
PSY2;2014;790012355;790000012;8528;79;5;;2;189;3;;;;;;;2992;358;;;;1;;66;;;;;;;56278;236;8;;2;1275;3;1;0;;0;;0;;0;;0;
PSY2;2014;800000143;800000028;3477;53;;;;301;4;42;;;;207;4;11854;1347;;;;3095;59;3274;70;;;;170;;25956;278;;;;433;;16;1;12.79;0;;0;;0;;0;
PSY2;2014;800000390;800000085;;;;;;;;;;;;;;;;;;;;;;;;;;;;;;;;;;;1;1;0.5;0;;0;;0;;0;
PSY2;2014;800000457;800000119;8592;93;7;0;53;325;138;96;7;0;81;529;155;104657;5841;1095;0;387;31669;4479;19867;416;244;0;0;1179;58;128667;1051;503;0;26;3826;433;42.6;1;0.8;1;24.07;1;48.99;0;;1;19.62
PSY2;2014;800004111;800000093;123;5;;;;32;8;5;;;;32;8;;58;;;;706;14;421;65;;;;120;28;1247;20;;;;236;27;11.4;1;0.2;0;;0;;0;;0;
PSY2;2014;800006124;800000044;;;;;;;;;;;;;;;;;;;;;;;;;;;;;;;;;;;;1;6.6;1;0.8;1;3.92;0;;0;
PSY2;2014;810000562;810000455;6466;26;2;3;1;127;26;29;2;0;1;129;22;35598;943;0;23;7;3253;528;21267;0;0;0;0;73;88;50948;136;2;3;8;245;65;21;1;13.25;0;;1;;0;;0;
PSY2;2014;810100008;810100008;11426;110;11;3;11;152;104;160;37;7;12;232;136;69266;13707;2663;119;1145;5396;3279;31787;386;1;;;58;74;109228;1172;154;1;1;370;369;;1;3;1;106;1;34.5;1;100.25;0;
PSY2;2014;820000032;820000016;2489;29;;;6;169;12;32;;;6;187;16;;;;;;;;;;;;;;;;;;;;;;11.55;0;;0;;0;;0;;0;
PSY2;2014;820002152;310781562;;;;;;;;;;;;;;;;;;;;;;;;;;;;;;;;;;;0.25;0;;0;;0;;0;;0;
PSY2;2014;820003911;240000265;37;;;;;;;;;;;;;9796;;;;;;;517;;;;;;;;;;;;;;;0;;0;;;;0;;0;
PSY2;2014;820004067;820000016;5475;12;0;0;;63;6;12;0;0;;70;7;;;;;;;;;;;;;;;;;;;;;;15.36;0;;0;;0;;0;;0;
PSY2;2014;830000287;830100525;2977;80;6;;;151;9;;;;;;;6964;1726;368;;;3585;132;4213;;;;;;;16392;434;59;;;347;27;8;1;7;0;;1;1.05;0;;0;
PSY2;2014;830000311;830100566;3453;48;0;0;0;106;15;55;0;0;0;112;16;8141;2943;;;;2461;304;8579;240;;;;283;5;31679;315;;;;438;8;15;1;1.6;0;;1;28;0;;0;
PSY2;2014;830000345;830100616;;;;;;;;;;;;;;;;;;;;;;;;;;;;;;;;;;;;;;0;;1;;0;;0;
PSY2;2014;830000600;830101200;773;49;5;1;27;172;79;53;5;1;38;203;88;41419;2968;1347;12;866;7380;3423;16165;957;0;0;0;982;421;59684;728;73;0;39;1631;601;45.37;1;1;1;0.1;1;2.6;0;;0;
PSY2;2014;830017497;830004958;594;;;;;;;;;;;;;19020;;;;;;;;;;;;;;;;;;;;;38;0;;0;;0;;0;;0;
PSY2;2014;830100442;830000204;841;;;;;;;;;;;;;30856;;;;;;;;;;;;;;;;;;;;;;;;;;;;;;;
PSY2;2014;830100574;750821092;207;;;;;;;;;;;;;5878;;;;;;;;;;;;;;750;;;;;;;;1;5;0;;0;;0;;0;
PSY2;2014;830100608;830100616;;;;;;;;;;;;;;;;;;;;;;;;;;;;;;;;;;;;;;0;;1;;0;;0;
PSY2;2014;830100756;750043994;659;;;;;;;;;;;;;32060;;;;;;;1493;;;;;;;;;;;;;;;0;;0;;0;;0;;0;
PSY2;2014;830200515;830001012;1072;;;;;;;;;;;;;37182;;;;;;;3009;;;;;;;;;;;;;;;0;;0;;0;;0;;0;
PSY2;2014;830215919;920000395;128;;;;;;;;;;;;;19581;;;;;;;1764;;;;;;;;;;;;;;;0;;0;;0;;0;;0;
PSY2;2014;840000509;840000707;1062;;;;;;;;;;;;;35325;;;;;;;2301;;;;;;;;;;;;;;;0;;0;;0;;0;;0;
PSY2;2014;840000541;840000137;22093;198;27;7;116;764;698;107;3;7;134;425;557;77249;20433;4989;136;4299;23032;14853;56505;645;32;;;2137;577;259702;956;194;;55;9116;5050;113;1;2.05;1;26.95;1;53.13;1;168.97;0;
PSY2;2014;850000175;850009010;2854;26;;;;155;1;11;;;;112;;9513;760;;;;5753;;1196;58;;;;214;;19772;413;;;;1465;1;7;1;;1;2.17;0;;0;;0;
PSY2;2014;850000183;850000035;189;9;;;;39;7;9;;;;39;7;5817;250;;;;436;40;210;0;;;;0;0;;;;;;;;2.28;1;;0;;0;;0;;0;
PSY2;2014;850000258;850000092;14519;51;2;1;9;465;230;53;2;1;9;505;253;83877;2346;4;12;416;16742;7180;34816;356;19;0;0;1396;465;107891;451;121;0;1;2857;1156;45.3;0;;1;61.76;1;28.79;0;;0;
PSY2;2014;860000017;860780048;18877;46;8;1;6;418;205;50;10;1;10;482;237;123845;2150;1039;;329;16058;6224;38989;199;167;;3;2000;553;129600;428;76;1;13;1034;630;52.7;1;2.2;1;46.66;1;92.63;0;;1;25.7
PSY2;2014;870000221;870000973;500;;;;;;;;;;;;;12000;;;;;;;;;;;;;;;;;;;;;;0;;1;;0;;0;;0;
PSY2;2014;870006137;870002466;17494;141;7;3;15;444;100;143;7;3;15;479;100;108189;6999;1888;44;490;14272;3359;74390;1125;0;0;0;764;421;109179;480;0;1;100;618;167;;1;6.19;1;8.7;1;2.27;;;;
PSY2;2014;880000088;880780119;15972;61;1;1;4;238;222;107;0;1;5;299;262;64326;7752;392;48;12;7490;5724;24662;2855;0;0;0;594;181;158798;858;42;34;0;1665;899;33.67;1;1.36;1;17.91;1;9.8;0;;0;
PSY2;2014;890000326;890008105;25;;;;;;;;;;;;;7993;;;;;;;;;;;;;;;;;;;;;0.29;0;;0;;0;;0;;0;
PSY2;2014;890002298;890000672;615;;;;;;;;;;;;;31533;;;;;;;;;;;;;;;;;;;;;;0;;1;63;0;;1;23;0;
PSY2;2014;890002371;890000722;1995;;;;;;;;;;;;;53169;;;;;;;8373;;;;;;;;;;;;;;0;0;;0;;0;;0;;0;
PSY2;2014;890975519;890000052;9035;55;2;0;1046;199;184;66;6;0;1046;218;189;72624;2062;584;0;144;3825;2178;17370;91;0;0;0;0;0;85662;337;0;0;9221;73;14;42;0;;1;5.3;1;30.9;0;;0;
PSY2;2014;900002429;700004096;3468;4;;;;27;7;4;;;;27;7;31323;1;;;;44;37;6283;;;;;;1;32644;46;;;;5;2;15.1;1;0.75;1;49.88;0;;0;;0;
PSY2;2014;910000322;910140011;74;12;;;;5;1;12;;;;5;1;13986;4333;;;;1304;145;;;;;;;;;530;;;;3;;4.6;0;;0;;1;1.4;0;;;
PSY2;2014;910000330;910140029;1;;;;;;;;;;;;;37879;;;;;;;;;;;;;;;;;;;;;;1;3.18;1;2.74;1;47.53;0;;0;
PSY2;2014;910020254;910002773;1063;80;1;1;1;337;43;54;1;1;1;210;45;24917;3938;365;85;2;7810;1703;153;102;;;;389;;8562;3368;;;;3727;256;;;;;;1;66.57;0;;1;41.15
PSY2;2014;910110071;910110063;557;31;;;2;137;38;36;;;2;171;43;20360;2105;;;144;4759;1233;;;;;;;;;;;;;;;;1;;0;;1;;0;;0;
PSY2;2014;910140037;750720914;95;86;;;;154;39;78;;;;69;22;13464;8692;;;;8697;2052;;;;;;;;;;;;;;;4.38;1;;0;;0;;0;;0;
PSY2;2014;910150010;910014919;193;;;;;;;;;;;;;7279;;;;;;;;;;;;;;;;;;;;;;0;;0;;0;;0;;0;
PSY2;2014;910310010;750052326;766;;;;;;;;;;;;;32598;;;;;;;;;;;;;;;;;;;;;8;0;;0;;1;19.45;0;;0;
PSY2;2014;910310028;750043994;2092;;;;;;;;;;;;;105502;;;;;;;;;;;;;;;;;;;;;1;0;;0;;1;8.4;0;;0;
PSY2;2014;920000577;920110020;168;31;4;;3;96;46;32;4;;3;104;51;5686;2151;1079;;26;3398;1453;1853;;;;;;;38332;160;41;;;527;97;13;1;2;1;0.1;0;;0;;0;
PSY2;2014;920000650;920150059;272;;;;;;;;;;;;;3974;;;;;;;;;;;;;;;;;;;;;3.45;;;;;;;;;;
PSY2;2014;920001096;920001096;693;;;;;;;;;;;;;26699;;;;;;;2752;;;;;;;;;;;;;;;;;;;;;;;;
PSY2;2014;920002177;920804465;8531;53;3;4;0;217;110;54;3;4;0;239;115;28673;2104;708;475;0;7279;4159;;;;;;;;;;;;;;;52.13;1;0.6;0;;1;24.29;0;;0;
PSY2;2014;920007408;950140012;165;8;0;;;14;9;8;0;;;15;9;4981;264;0;;;372;223;;;;;;;;;;;;;;;;;;;;;;;;;
PSY2;2014;920007549;920007499;338;;;;;;;;;;;;;16969;;;;;;;470;;;;;;;;;;;;;;0;0;;1;49.86;0;;0;;0;
PSY2;2014;920027711;940140049;484;62;3;1;;266;129;64;;;;;;25615;4594;204;20;;12109;6496;;;;;;;;;;;;;;;;1;;;;0;;0;;0;
PSY2;2014;920100047;750712184;485;51;;;;103;4;55;;;;112;4;13019;2963;;;;5682;97;3873;130;;;;305;3;20945;918;;;;643;;;1;1;1;0.3;1;1;0;;0;
PSY2;2014;920100062;750712184;3078;22;3;0;0;135;45;24;3;0;0;137;54;13161;1708;0;0;0;5490;1865;7070;599;217;0;0;1698;257;22458;196;47;0;0;2075;316;15.3;0;;1;21.4;0;;0;;0;
PSY2;2014;920120011;750821092;234;;;;;;;;;;;;;5866;;;;;;;53;;;;;;;5679;;;;;;;4.5;0;;0;;0;;0;;0;
PSY2;2014;920140019;750005068;1096;16;4;;;59;16;16;4;;;60;16;9047;1147;1110;;;2722;1075;4266;485;0;;;154;54;7955;97;12;;;0;26;;0;;0;;0;;0;;0;
PSY2;2014;920140027;750720575;1021;;;;;;;;;;;;;26974;;;;;;;6619;;;;;;;7172;;;;;;;;0;;0;;0;;0;;0;
PSY2;2014;920170024;940809452;79;;;;;;;;;;;;;;;;;;;;9128;;;;;;;;;;;;;;0.8;0;;0;;0;;0;;0;
PSY2;2014;920170081;750721391;198;;;;;;;;;;;;;209;;;;;;;20101;;;;;;;149;;;;;;;;;;;;;;;;;
PSY2;2014;920170115;920718053;104;;;;;;;;;;;;;;;;;;;;7883;;;;;;;219;;;;;;;1.68;0;;0;;1;19.56;0;;0;
PSY2;2014;920310026;920001070;509;;;;;;;;;;;;;21984;;;;;;;;;;;;;;;;;;;;;;0;;0;;0;;0;;0;
PSY2;2014;920310034;920001088;665;0;0;0;0;0;0;0;0;0;0;0;0;13566;0;0;0;0;0;0;;0;0;0;0;0;0;;0;0;0;0;0;0;0;;;;;;;;;;
PSY2;2014;920310059;920001104;435;;;;;;;;;;;;;14044;;;;;;;;;;;;;;;;;;;;;8.2;0;;0;;0;;0;;0;
PSY2;2014;920690278;920718202;44;0;0;0;0;0;0;0;0;0;0;0;0;0;0;0;0;0;0;0;4991;0;0;0;0;0;0;0;0;0;0;0;0;0;0.83;0;;0;;0;;0;;0;
PSY2;2014;920811635;780140059;3465;;1;9;;2;;;;;;;;5704;;0;328;;28;;9372;;;;;;;45394;;1;35;;1;;;0;;0;;1;2.82;0;;0;
PSY2;2014;930000336;930110069;308;61;4;4;3;139;13;70;4;4;3;165;13;20308;4101;125;1125;12;3907;183;8079;594;;;;30;;13183;2782;;;;6506;;;1;;0;;1;;0;;0;
PSY2;2014;930000344;930140025;29139;339;27;3;11;873;530;338;18;;13;753;575;143484;10033;917;34;134;19346;9368;50185;95;;;;80;13;443092;2329;1100;;;2443;719;214.83;1;8.64;1;4.42;1;88.64;0;;0;
PSY2;2014;930001433;930110051;3430;;;;;;;;;;;;;;;;;;;;2203;;;;;;;36392;;;;;;;13.49;0;;0;;1;78.88;0;;0;
PSY2;2014;930004288;750720922;34;;;;;;;;;;;;;4364;;;;;;;;;;;;;;;;;;;;;1;0;;0;;0;;0;;0;
PSY2;2014;930020920;750043408;627;;;;;9;;;;;;;;32806;;;;;819;;2183;;;;;;;;;;;;;;;0;;0;;0;;0;;0;
PSY2;2014;930100037;750712184;3188;;;;;;;;;;;;;;;;;;;;1118;;;;;;;17228;;;;;;;16;1;;0;;1;11.9;0;;0;
PSY2;2014;930310016;440052041;1111;3;;;;116;19;;;;;;;53174;143;;;;6022;1004;;;;;;;;;;;;;;;;0;;0;;0;;0;;0;
PSY2;2014;930817465;930712716;67;;;;;;;;;;;;;7009;;;;;;;;;;;;;;;;;;;;;1.5;0;;0;;0;;0;;0;
PSY2;2014;940000573;940110018;4368;;;1;;;;;;;;;;1280;;;76;;;;3656;;;;;;;47597;;;;;;;;1;;0;;1;0.6;0;;0;
PSY2;2014;940000599;940110042;105;13;1;;;29;14;13;1;;;32;15;4044;1391;147;;;1119;615;2204;;;;;;;13253;343;31;;;18;0;;1;4.5;0;;0;;0;;0;
PSY2;2014;940000607;940140015;2182;;;24;;;;;;;;;;12026;;;695;;;;10347;;;0;;;;23827;;;0;;;;26.42;0;;0;;0;;0;;0;
PSY2;2014;940000615;940140023;6348;186;;;;463;186;183;;;;525;182;58504;10810;;;;15573;5512;9268;914;;;;419;52;68830;2383;;;;2348;540;;1;1.97;0;;0;;0;;0;
PSY2;2014;940000631;940140049;1048;347;33;6;;662;323;;;;;;;47509;37307;7843;1864;;26952;15396;;;;;;;;;;;;;;;;1;2;1;3;0;;1;147;1;93
PSY2;2014;940016868;940016819;5752;10;1;;;;;;;;;;;9423;402;2;;;;;8709;;;;;;;112516;;;;;;;;0;;1;2.86;1;409.93;0;;0;
PSY2;2014;940021157;750005068;237;;;;;;;;;;;;;;;;;;;;7152;;;;;;;;;;;;;;;0;;0;;0;;0;;0;
PSY2;2014;940100027;750712184;494;9;;1;;54;66;81;;1;;196;66;35094;2368;0;35;;3082;584;5959;34;;;;99;;38815;346;;;;123;5;31.6;1;4;0;;0;;0;;0;
PSY2;2014;940100035;750712184;324;;;;;;;;;;;;;6063;;;;;;;2223;;;;;;;846;;;;;;;;0;;1;;0;;0;;0;
PSY2;2014;940100043;750712184;3064;;;;;;;;;;;;;12644;;;;;;;1631;;;;;;;5359;;;;;;;;1;6.6;0;;0;;0;;0;
PSY2;2014;940100068;750712184;217;14;0;0;0;57;32;;;;;;;8836;1169;0;0;0;3534;1800;464;;;;;40;;;108;;;;312;84;;1;;0;;0;;0;;0;
PSY2;2014;940120017;750821092;96;;;;;;;;;;;;;2293;;;;;;;;;;;;;;;;;;;;;;0;;0;;0;;0;;0;
PSY2;2014;940170012;940000672;59;;;;;;;;;;;;;;;;;;;;11232;;;;;;;;;;;;;;;0;;0;;0;;0;;0;
PSY2;2014;940170137;750721391;62;;;;;;;;;;;;;86;;;;;;;8539;;;;;;;95;;;;;;;;;;;;;;;;;
PSY2;2014;940310014;940000979;1294;;;;;;;;;;;;;48998;;;;;;;;;;;;;;;;;;;;;;0;;0;;0;;0;;0;
PSY2;2014;940310022;940022163;1173;;;;;;;;;;;;;39297;;;;;;;2026;;;;;;;;;;;;;;;0;;0;;0;;;;0;
PSY2;2014;940721400;940721400;2924;;;;;;;;;;;;;5129;;;;;;;;;;;;;;;;;;;;;;0;;0;;1;;1;;0;
PSY2;2014;940807654;940807654;57;;;;;;;;;;;;;6256;;;;;;;7648;;;;;;;;;;;;;;;0;;0;;0;;0;;0;
PSY2;2014;950000307;950110015;402;34;1;;;83;17;34;1;;;83;17;6486;1651;;;;5032;;;;;;;;;;;;;;;;26.2;1;2;0;;1;30.37;0;;0;
PSY2;2014;950000315;950001370;36;8;1;;;9;14;45;6;;;170;14;10031;2750;342;;;2917;492;;0;480;;;;;;0;;;;;;;1;;0;;1;;0;;0;
PSY2;2014;950000323;950013870;5076;44;;;;220;44;;;;;;;26538;2326;;;;10055;2514;9930;728;;;;348;;48200;;;;;344;3;26;1;7;1;22;1;21;0;;0;
PSY2;2014;950000331;950110049;4901;47;2;1;2;163;73;22;0;0;0;48;23;14136;2421;67;0;9;4468;2234;32382;1027;17;0;314;1444;240;45705;148;0;3;0;232;125;39.5;1;31;1;1;1;2.8;0;;0;
PSY2;2014;950000356;950013870;1573;4;;;;17;2;;;;;;;;;;;;;;3613;229;;;;283;;18910;8;;;;138;3;6.9;;;;;;;;;;
PSY2;2014;950000364;950110080;;59;2;;5;170;;59;2;;5;170;;;;;;;;;;;;;;;;;;;;;;;;1;;0;;1;;0;;0;
PSY2;2014;950000398;950140012;482;84;12;;;265;138;86;12;;;273;145;24604;8700;2796;;;9349;5034;;;;;;;;;;;;;;;;;;;;;;;;;
PSY2;2014;950002568;750043994;2036;;;;;24;1;;;;;;;90276;;;;;1197;29;5852;;;;;;;;;;;;;;15;0;;0;;0;;0;;0;
PSY2;2014;950006908;750719270;204;;;;;;;;;;;;;;;;;;;;20526;;;;;;;;;;;;;;4;0;;0;;0;;0;;0;
PSY2;2014;950150052;750720575;240;;;;;;;;;;;;;17473;;;;;;;500;;;;;;;;;;;;;;;0;;0;;1;;0;;0;
PSY2;2014;950170019;950003319;22;;;;;;;;;;;;;3554;;;;;;;;;;;;;;;;;;;;;;0;;0;;0;;0;;0;
PSY2;2014;950300301;950000562;484;;;;;;;;;;;;;11323;;;;;;;3634;;;;;;;;;;;;;;;0;;0;;0;;0;;0;
PSY2;2014;950310029;950008938;468;;;;;;;;;;;;;23976;;;;;;;;;;;;;;;;;;;;;;0;;0;;0;;0;;0;
PSY2;2014;950787119;950802405;23;;;;;;;;;;;;;3181;;;;;;;;;;;;;;;;;;;;;;0;;0;;1;;0;;0;
PSY2;2014;970100251;970100467;280;;;;;;;;;;;;;14156;;;;;;;;;;;;;;;;;;;;;;0;;0;;0;;0;;0;
PSY2;2014;970100400;970100186;110;0;;;;32;22;;;;;;;2078;;;;;7;3;;;;;;;;;;;;;;;4;1;4;0;;0;;0;;0;
PSY2;2014;970100442;970100228;3471;80;7;1;8;371;15;;;;;;;12618;3886;869;51;191;12749;132;7358;70;0;0;0;0;0;35104;392;4;0;6;572;2;17;1;4;0;;0;;0;;0;
PSY2;2014;970100475;970100277;5734;58;7;1;13;344;23;64;7;1;16;348;26;6448;942;821;28;831;952;1522;9786;23;0;0;0;455;2;74394;1093;7;0;0;3617;54;;1;;0;;0;;0;;1;
PSY2;2014;970200069;970202180;447;75;8;;17;425;201;85;8;;18;388;192;61405;5198;3202;;724;13002;6122;;;;;;;;125929;1369;;1;;1272;4;54;1;2;1;63.85;1;16.15;1;28.5;;
PSY2;2014;970209714;970210225;331;;;;;;;;;;;;;16052;;;;;;;2767;;;;;;;;;;;;;;0.4;0;;;;0;;0;;0;
PSY2;2014;970211215;970211207;;;;;;;;;;;;;;;;;;;;;;;;;;;;;;;;;;;;;;0;;0;;0;;1;
PSY2;2014;970300026;970302022;334;41;2;5;;149;156;41;2;5;;149;156;11357;498;490;102;;780;890;;;;;;;;;;;;;;;;1;9.9;;;1;21.5;0;;0;
PSY2;2014;970300083;970302121;110;;;;;;;;;;;;;;;;;;;;;;;;;;;;;;;;;;;;;;;;;;;;
PSY2;2014;970400016;970411005;2812;49;;;20;461;2812;;;;;;;45206;4799;;;244;10768;6573;;;;;;;;;;;;;;;59.77;1;7.6;1;2.7;1;10.01;0;;1;29.93
PSY2;2014;970400057;970408589;;25;2;;3;237;17;25;2;;3;237;17;;;;;;;;;;;;;;;;;;;;;;36;1;3;1;3;1;12.5;0;;0;
PSY2;2014;970408753;970408746;558;;;;;;;;;;;;;20413;;;;;;;4305;;;;;;;;;;;;;;;0;;0;;0;;0;;0;
PSY2;2014;970467155;970467148;599;;;;;;;;;;;;;24476;;;;;;;6482;;;;;;;;;;;;;;;0;;0;;0;;0;;0;
PSY2;2014;980500011;980500003;;;;;;;;;;;;;;;;;;;;;;;;;;;;;;;;;;;58.5;1;1;0;;1;11;0;;0;
