BOR;AN;FI;FI_EJ;CAEH;CAEF;CUIH;CUIF;CAPH;CAPF;CAVH;CAVF;CAUH;CAUF
Q25;2014;010000024;010780054;0;0;0;0;0;0;2;0;0;0
Q25;2014;010000032;010780062;;1;;;;;;1;;
Q25;2014;010000065;010780096;1;1;;;;;2;1;;
Q25;2014;010000081;010780112;3;10;;;;;6;7;;
Q25;2014;010000099;010780120;1;;;;;;;;;
Q25;2014;010000115;010009132;1;4;;;;;;;;
Q25;2014;010000131;010009132;1;;;;;;;;;
Q25;2014;010000198;010007987;0;1;0;0;0;0;0;0;0;0
Q25;2014;010000214;010007987;2;5;0;0;0;0;0;0;0;0
Q25;2014;010000495;010783009;3;20;;;;;;;;1
Q25;2014;010005239;010008407;1;8;0;0;0;0;3;1;0;0
Q25;2014;010780195;010000156;;2;;;;;;;;
Q25;2014;010780278;010783009;;;;;;;;2;;
Q25;2014;010780476;750005068;1;;;;1;2;;;;
Q25;2014;010780492;360000707;2;7;;;;9;;;;
Q25;2014;020000089;020000022;4;13;;;;1;;;;
Q25;2014;020000097;020000048;9;20;;;;;;;;
Q25;2014;020000105;020000055;2;8;0;0;0;0;0;0;0;0
Q25;2014;020000162;020000063;2;4;0;0;0;1;0;0;0;0
Q25;2014;020000246;020000071;;4;;;;;;1;;
Q25;2014;020000303;750814030;1;1;;;;;6;2;;
Q25;2014;020000394;020000253;6;21;0;0;1;0;2;1;0;0
Q25;2014;020000519;020000261;3;46;;;;6;2;;;
Q25;2014;020000535;020000287;1;6;;;1;;1;5;;
Q25;2014;020000543;020000295;1;10;;;;;2;;;
Q25;2014;020000915;020003620;;;1;6;;;1;7;;
Q25;2014;020001061;020004404;2;1;;;;;1;;;
Q25;2014;020001087;020004495;6;4;;;;;;;;
Q25;2014;020003877;020000253;1;7;0;0;0;0;0;1;0;0
Q25;2014;020004156;590805065;;;;;;;1;1;;
Q25;2014;020004297;020005179;;;;;;;;2;;
Q25;2014;020004677;020000261;;2;;;;;;;;
Q25;2014;020009684;020002085;;1;;;;;1;1;;
Q25;2014;020010310;750719361;;1;;;;;;;;
Q25;2014;020014767;590805065;;1;;;;;;;;
Q25;2014;030000012;030180020;0;4;0;0;0;0;0;0;0;0
Q25;2014;030000061;030780092;3;7;;;1;2;3;5;;
Q25;2014;030000087;030780118;13;42;;;;;1;2;;
Q25;2014;030000095;030780126;;;;;;;3;3;;
Q25;2014;030000160;030780282;0;0;0;0;1;0;0;0;0;0
Q25;2014;030002208;030002158;4;2;;;;;;;;
Q25;2014;040000028;040780124;;;;;;;1;3;;
Q25;2014;040000036;040780132;1;1;;;;;;;;
Q25;2014;040000051;040780173;1;;;;;;;;;
Q25;2014;040000069;040780181;;1;;;;;1;;;
Q25;2014;040000077;040780199;;2;;;;;;;;
Q25;2014;040000093;040780215;2;1;;;;;1;6;;
Q25;2014;040000119;040780231;;2;;;;;;;;
Q25;2014;040000127;040780249;;1;;;;;;;;
Q25;2014;040000135;050002948;1;4;0;0;0;1;0;0;0;0
Q25;2014;040000911;040788879;;1;;;;;5;6;;
Q25;2014;040780389;040000150;;;;;;2;;;;
Q25;2014;050000058;050000033;;;;;0;1;1;0;;
Q25;2014;050000132;050007145;1;2;;;;;;7;;
Q25;2014;050000231;050000116;1;0;0;0;0;0;0;0;0;0
Q25;2014;050000256;050000124;9;14;;;;;2;;;
Q25;2014;050000348;050002948;15;11;0;0;1;1;0;0;0;0
Q25;2014;050000991;050000546;;;;;1;2;1;3;;
Q25;2014;060000163;060780327;;;;;;;;2;;
Q25;2014;060000296;060780640;;2;;;;;;;;
Q25;2014;060000304;060780657;2;4;;;;;2;2;;
Q25;2014;060000411;060780780;3;7;;;;;1;2;;
Q25;2014;060000445;060780814;4;4;;;;;;;;
Q25;2014;060000478;060780897;3;9;;;;1;2;7;;
Q25;2014;060000486;060780905;4;4;;;;;;;;
Q25;2014;060000510;060780954;4;;;;;;;;;
Q25;2014;060000528;060780962;;1;;;1;4;1;;;
Q25;2014;060000536;060006889;3;3;;;1;;1;4;;
Q25;2014;060000551;060781010;;3;;;;;;;;
Q25;2014;060001450;060785011;;;;;;;;;0;1
Q25;2014;060002102;060791761;18;23;;;;;1;;;
Q25;2014;060010949;060790540;;;;;;1;;;;
Q25;2014;060019627;060019551;;;;;1;;;;;
Q25;2014;060021417;060000221;;1;;;;;;;;
Q25;2014;060780392;060000205;;;;;;1;;;;
Q25;2014;060780442;060000213;;;;;;1;;;;
Q25;2014;060780459;010783009;;;;;;1;1;4;;
Q25;2014;060780517;060000239;;;;;4;12;;;;
Q25;2014;060780665;060000312;;1;;;;;1;2;;
Q25;2014;060780699;060000346;;;;;;;;1;;
Q25;2014;060780715;060000361;;;;;1;7;;;;
Q25;2014;060780947;060800174;;2;;;;2;4;;;
Q25;2014;060780996;630786754;;;;;;1;;;;
Q25;2014;060781200;060000635;;;;;1;2;;;;
Q25;2014;060785003;060785011;;;;;;;;;0;1
Q25;2014;060785227;060001476;;;;;1;1;;;;
Q25;2014;060785243;060001484;;;;;1;;;;;
Q25;2014;060788957;060785011;;;;;;;;;0;3
Q25;2014;060790177;060785011;;;;;;;;;0;1
Q25;2014;060790631;060791761;1;8;;;;;;;;
Q25;2014;060792926;060022951;0;0;0;0;0;1;0;0;0;0
Q25;2014;070000013;070002878;;4;;;;;;;;
Q25;2014;070000039;070780119;0;1;;;;;;;;
Q25;2014;070000047;070780127;2;3;;;;;3;2;;
Q25;2014;070000062;070005558;1;;;;;;;;;
Q25;2014;070000070;070780150;;8;;;;;;;;
Q25;2014;070000096;070780184;;2;;;;;;2;;
Q25;2014;070000146;070004742;0;2;0;0;0;0;0;0;0;0
Q25;2014;070000179;070780358;2;9;3;4;1;0;0;0;0;0
Q25;2014;070000187;070780366;;4;;;;;;;;
Q25;2014;070000195;070780374;;1;;;;;1;;;
Q25;2014;070000203;070780382;1;1;;;;;;1;;
Q25;2014;070000609;070005566;6;5;0;0;0;0;3;0;0;0
Q25;2014;070780226;300016847;;1;;;;;;;;
Q25;2014;070780234;750721300;;4;;;;;;;;
Q25;2014;070780317;630786754;;;;;3;1;1;1;;
Q25;2014;070780390;070000211;;;;;;1;;;;
Q25;2014;070780408;070000229;;;;;;1;;;;
Q25;2014;070780424;070000245;;;;;2;14;;;;
Q25;2014;070784517;070002878;2;5;;;;;;;;
Q25;2014;070784897;750820680;;1;;;;;;;;
Q25;2014;080000110;080000037;6;15;0;0;0;0;3;1;0;0
Q25;2014;080000136;750055311;;;;;1;;;;;
Q25;2014;080000219;080001969;;2;;;;;;1;;
Q25;2014;080000250;540019726;2;12;0;0;0;0;0;1;0;0
Q25;2014;080000276;080001969;;1;;;;;;;;
Q25;2014;080000300;080000078;;2;;;;;;;;
Q25;2014;080000318;080000086;5;0;;;;;;;;
Q25;2014;080000425;080000615;;;;;1;1;;;;
Q25;2014;080002140;540019726;1;1;0;0;0;0;0;0;0;0
Q25;2014;080010523;750043994;;;;;;1;;;;
Q25;2014;090000019;090180019;1;;;;;;;;;
Q25;2014;090000175;090781774;8;26;;;;;;;;
Q25;2014;090000183;090781816;;;;;1;;;;;
Q25;2014;090001629;090780107;1;2;;;;;1;;;
Q25;2014;090002841;090781774;;1;;;;;;;;
Q25;2014;100000090;100000017;;1;;;;;5;8;;
Q25;2014;100000108;100000033;;;;1;;;1;;;
Q25;2014;100000116;100000041;2;2;;;;;2;2;;
Q25;2014;100000140;100000058;1;5;1;1;;;;;;
Q25;2014;100000199;100006279;1;;;;;;;;7;1
Q25;2014;100007285;140017617;;;;;;2;;;;
Q25;2014;110000023;110780061;4;12;;;;;;1;;
Q25;2014;110000049;110780087;4;11;;;;;;1;;
Q25;2014;110000189;110780707;;1;;;;;;1;;
Q25;2014;110000262;110781010;1;5;0;0;0;0;0;1;0;0
Q25;2014;110780186;110000072;;2;;;;;;;;
Q25;2014;110780228;110000114;;;;;;4;;;;
Q25;2014;110780483;110000155;;;;;;2;;;;
Q25;2014;110786324;110786324;4;5;;;;1;;3;;
Q25;2014;110786746;110786324;;4;;;1;;;1;;
Q25;2014;120000039;120780044;;2;;;;;;;;
Q25;2014;120000070;120780085;9;21;;;;;;;;
Q25;2014;120000088;120780093;1;5;0;0;0;0;0;0;0;0
Q25;2014;120000096;120780101;2;2;0;0;0;0;0;0;0;0
Q25;2014;120000153;120780291;1;5;;;;;3;7;;
Q25;2014;120000237;120780481;0;1;0;0;0;0;0;0;0;0
Q25;2014;120004569;120004528;1;3;;;;;1;;;
Q25;2014;120780135;120000104;;;;;;;2;1;;
Q25;2014;120780143;120000112;;;;;;;2;1;;
Q25;2014;120780283;630786754;2;13;;;;;;1;;
Q25;2014;130000235;130780554;0;1;0;0;0;0;0;0;0;0
Q25;2014;130000409;130041916;;;;;;2;3;17;;
Q25;2014;130000433;130781131;;;;;1;;;;;
Q25;2014;130000516;130781339;;3;;;;;5;1;;
Q25;2014;130000565;130781446;6;10;;;2;5;;3;;
Q25;2014;130001225;130782634;1;3;;;;;8;2;;
Q25;2014;130001258;130028228;3;2;;;1;;;;14;11
Q25;2014;130001647;130784127;27;14;;;1;16;9;24;;
Q25;2014;130002496;130786494;3;9;;;;;1;1;;
Q25;2014;130002827;130789274;8;5;0;0;0;1;0;0;0;0
Q25;2014;130002835;130789316;64;15;;;1;;;;;
Q25;2014;130008048;130043169;;;;;1;1;;;;
Q25;2014;130037674;130789316;0;1;0;0;0;0;0;0;0;0
Q25;2014;130042526;310021399;0;0;1;0;0;0;0;0;0;0
Q25;2014;130043664;130002157;10;12;;;;2;;;;
Q25;2014;130780521;130786049;4;1;;;5;4;;;;
Q25;2014;130781479;130000599;0;0;0;0;6;9;0;0;0;0
Q25;2014;130782071;130002454;0;0;0;0;0;1;0;0;0;0
Q25;2014;130783152;130001365;;;;;;;1;;;
Q25;2014;130783236;130786049;6;1;;;2;4;;;;
Q25;2014;130783293;130786049;1;1;;;;1;;;;
Q25;2014;130783327;130001415;;;;;5;;;;;
Q25;2014;130783665;130043722;;;;;1;2;2;3;;
Q25;2014;130783723;130001456;;;;;;2;;;;
Q25;2014;130783764;750043994;;;;;;2;;;;
Q25;2014;130783871;130001548;;;;;1;;;;;
Q25;2014;130784051;130037823;;;;;1;7;;;;
Q25;2014;130784234;130786049;;;;;2;2;;;;
Q25;2014;130784481;130001787;;;;;;;;;1;
Q25;2014;130784580;750043994;0;0;0;0;0;1;0;0;0;0
Q25;2014;130784598;130001852;;;;;1;3;;;;
Q25;2014;130784713;130038847;;;;;3;5;;;;
Q25;2014;130784911;750052375;;;;;;1;;;;
Q25;2014;130785652;130014228;18;12;;;11;25;20;5;;
Q25;2014;130785678;130002249;;;;;4;1;;;;
Q25;2014;130786361;130002447;;;;;;1;;5;;
Q25;2014;130786445;130002488;;;;;;;1;3;;
Q25;2014;130786742;750821092;0;3;0;0;0;0;0;0;0;0
Q25;2014;130786924;130037815;;;;;1;;;;;
Q25;2014;130786932;130002660;;;;;;4;;;;
Q25;2014;130786973;130002702;;;;;;;1;;;
Q25;2014;130790157;130789316;1;6;0;0;0;0;0;0;0;0
Q25;2014;130798358;130041916;;;;;;;1;1;;
Q25;2014;130809015;130001928;10;10;;;;;12;4;;
Q25;2014;140000027;140000035;6;4;0;0;0;0;3;4;0;0
Q25;2014;140000076;140000084;2;4;;;;;;;;
Q25;2014;140000209;140000100;6;17;;;;1;;6;;
Q25;2014;140000233;140000118;11;17;;;;;;;;
Q25;2014;140000308;140000134;5;11;;;;;;1;;
Q25;2014;140000340;140025800;;;;;;1;1;;;
Q25;2014;140000373;140000159;3;19;;;;;1;1;;
Q25;2014;140000555;140000639;2;7;;;7;20;1;1;;
Q25;2014;140002239;140000415;;;;;1;;;;;
Q25;2014;140002452;140025800;2;4;;;;3;1;;;
Q25;2014;140002619;750721334;;;;;;;;1;;
Q25;2014;140004383;140000100;;2;;;;;;;;
Q25;2014;140013830;140000118;1;16;;;;;;;;
Q25;2014;140017237;140003278;;;;;1;1;;;;
Q25;2014;140017278;610787285;;;;;;;;1;;
Q25;2014;140017401;140000092;;3;;;;;;;;
Q25;2014;140024886;140000092;1;5;;;;;;;;
Q25;2014;140026410;140026279;;1;;;;;1;;;
Q25;2014;140026709;140000415;;;;;1;1;;;;
Q25;2014;150000024;150780047;;2;;;;;;;;
Q25;2014;150000032;150780088;1;11;;;;;;;;
Q25;2014;150000040;150780096;;;;;1;3;3;10;;
Q25;2014;150000149;150780393;;1;;;;;;1;;
Q25;2014;150000164;150780468;;9;;;;;1;2;;
Q25;2014;150000180;150780500;;1;;;;;;;;
Q25;2014;150002608;660006370;;;;;;1;;;;
Q25;2014;150002921;150780468;;2;;;;;;;;
Q25;2014;150780120;150000065;;;;;;3;;;;
Q25;2014;150780708;870015336;;3;;;;;;;;
Q25;2014;160000154;160006037;;6;;;;;;;;
Q25;2014;160000170;160000204;;;;;;1;;;;
Q25;2014;160000188;160000121;2;5;;;;;3;9;;
Q25;2014;160000253;160000451;13;24;0;0;0;0;2;8;0;0
Q25;2014;160000303;160006037;4;16;;;;;;;;
Q25;2014;160000311;160000485;1;4;;;1;;;5;;
Q25;2014;160000337;160000493;1;9;;;1;;1;;;
Q25;2014;160000345;160000501;14;26;;;1;;;4;;
Q25;2014;160000360;160000519;1;2;;;;;;;;
Q25;2014;160002036;160009908;;;;;;;;3;;
Q25;2014;160006391;160000485;;1;;0;;0;;2;;0
Q25;2014;160009080;160001574;;;;;;;2;2;;
Q25;2014;160013207;160001632;;;;;1;3;;;;
Q25;2014;160015368;160014411;4;11;;;;;;2;;
Q25;2014;170000038;170780050;3;13;;;;;3;11;;
Q25;2014;170000061;170780118;1;3;;;;;;;;
Q25;2014;170000079;170780142;1;1;;;;;;;;
Q25;2014;170000087;170023279;12;24;;;;;4;7;;
Q25;2014;170000095;170780167;2;12;;;1;;;;;
Q25;2014;170000103;170780175;0;2;0;0;0;0;0;0;0;0
Q25;2014;170000111;170023279;;;;;;;;1;;
Q25;2014;170000129;170780191;8;18;;;;;6;13;;
Q25;2014;170000152;170780225;4;25;;;;;0;4;;
Q25;2014;170000178;170780266;2;9;;;;;;;;
Q25;2014;170780043;750721334;5;3;;;;;1;1;;
Q25;2014;170780621;170000285;;;;;;1;;;;
Q25;2014;170780803;170017321;1;3;;;;;;;;
Q25;2014;170782981;170023279;;4;;;;;;;;
Q25;2014;170783146;170780050;1;13;;;;;;4;;
Q25;2014;170791321;170023279;;;;;;;;1;;
Q25;2014;170792220;170780175;0;6;0;0;0;0;0;0;0;0
Q25;2014;170802789;170780191;;6;;;;;;;;
Q25;2014;180000010;180000028;12;24;;;;;8;3;;
Q25;2014;180000176;180001158;3;14;;;;;2;1;;
Q25;2014;180000200;180000051;13;14;;;;;;;;
Q25;2014;180000283;180000069;1;;;;;;;;;
Q25;2014;180000333;180000093;;1;;;;;;1;;
Q25;2014;180003287;180000028;;1;;;;;;;;
Q25;2014;180003345;180000051;;2;;;;;;;;
Q25;2014;180003386;180000069;;;;;;;;1;;
Q25;2014;180007825;180001158;;4;;;;;;;;
Q25;2014;190000018;190000042;;;;;;;3;3;;
Q25;2014;190000026;190000059;3;14;;;;;10;4;;
Q25;2014;190000034;190000067;;6;;;;;;5;;
Q25;2014;190000091;190000075;1;21;;;;;3;;;
Q25;2014;190000117;190000117;1;2;;;;;3;3;;
Q25;2014;190002493;190000059;;2;;;;;;;;
Q25;2014;190005140;190002485;;2;;;;;1;;;
Q25;2014;190005165;190002519;;1;;;;;;;;
Q25;2014;210780144;750721235;5;2;;;;;2;8;;
Q25;2014;210780425;210781282;;1;;;;;;;;
Q25;2014;210780979;210000295;;;1;;;;;;;
Q25;2014;210781621;210780581;;1;;;;;;1;;
Q25;2014;210983466;210011482;1;2;;;;;;;;
Q25;2014;210983565;210011482;;;;;;;;1;;
Q25;2014;210986089;210780581;3;;;;;;2;3;;
Q25;2014;210987558;210780581;19;29;;;4;6;16;48;;
Q25;2014;210987574;210780623;;3;;;;;;1;;
Q25;2014;210987582;210780631;;2;;;;;;;;
Q25;2014;210987590;210780649;;11;;;;;1;3;;
Q25;2014;210987608;210011482;2;3;;;;1;;;;
Q25;2014;210987616;210780656;;;;;;;6;7;;
Q25;2014;210987632;210780607;7;16;;;1;1;;;;
Q25;2014;210987640;210780672;;;;;;;1;2;;
Q25;2014;210987657;210780714;2;33;;;;;2;4;;
Q25;2014;210987665;210010070;2;7;;;;;2;;;
Q25;2014;210987673;210010070;1;17;;;;;1;2;;
Q25;2014;210987681;210011482;1;3;;;;;;1;;
Q25;2014;210987699;210780706;;1;;;;;3;18;;
Q25;2014;210987731;210780417;4;3;;;3;2;;;;
Q25;2014;210987939;210780607;;2;;;;;;;;
Q25;2014;220000012;220000020;;14;;;;4;;;;
Q25;2014;220000095;220000046;1;9;;;;1;;5;;
Q25;2014;220000210;220000210;;1;;;;;;;;
Q25;2014;220000236;220017974;2;1;;;;;1;;;
Q25;2014;220000301;220000673;;;;;;1;;;;
Q25;2014;220000343;220000079;11;32;;;;;6;8;;
Q25;2014;220000368;220000103;4;16;;;;;1;2;;
Q25;2014;220000541;220000152;1;;;;;;4;3;;
Q25;2014;220000566;220021968;;;;;;;1;2;;
Q25;2014;220000574;220000186;0;2;0;0;0;0;0;1;0;0
Q25;2014;220001259;220005045;3;6;;;;;;;;
Q25;2014;220014708;220017974;;1;;;;;1;;;
Q25;2014;230000259;230780041;0;0;0;1;0;0;0;0;0;0
Q25;2014;230000820;230780041;0;0;3;13;0;0;0;0;0;0
Q25;2014;230000838;230780058;;2;;;;;;;;
Q25;2014;230000846;230780066;3;3;;;;;;;;
Q25;2014;230000853;230780074;;;;;;;5;5;;
Q25;2014;230000952;230780512;;;;;;;3;2;;
Q25;2014;230000960;230780520;;5;;;;;;2;;
Q25;2014;230004657;230780058;;3;;;;;;;;
Q25;2014;230780082;750005068;;;;;;;;2;;
Q25;2014;230782617;750000218;;1;;;;;;1;;
Q25;2014;240000091;240000034;;4;;;;;1;1;;
Q25;2014;240000174;240000042;;2;;;;;;;;
Q25;2014;240000208;240000612;;;;;;2;;;;
Q25;2014;240000216;240000620;;;;;;;1;;;
Q25;2014;240000273;750043994;;;;;1;1;;;;
Q25;2014;240000372;240000059;;;;;;;4;7;;
Q25;2014;240000414;240000067;1;3;;;;;;1;;
Q25;2014;240000463;240000083;;2;;;;1;2;8;;
Q25;2014;240000471;240000109;1;1;;;;;;;;
Q25;2014;240000489;240000117;7;26;;;;;2;6;;
Q25;2014;240000505;240000133;2;;;;;;;;;
Q25;2014;240000513;240000141;2;12;;;;;;1;;
Q25;2014;240000521;240000158;1;4;;;;1;;;;
Q25;2014;240000539;240000166;2;1;;;;;1;6;;
Q25;2014;240000661;240000281;1;1;;;;;1;1;;
Q25;2014;240000687;240000448;;;;;;;;5;;
Q25;2014;250000023;250000015;2;7;;;2;;;;;
Q25;2014;250000114;900000365;1;20;;;;;;;;
Q25;2014;250000270;250000643;;;;;;3;;;;
Q25;2014;250000288;250000643;;;;;;1;;;;
Q25;2014;250000627;250000221;1;4;;;;;1;2;;
Q25;2014;250000635;250000239;;1;;;;;;;;
Q25;2014;250000700;250000452;3;7;;;;1;;;;
Q25;2014;250000718;250000460;1;;;;;;;;;
Q25;2014;250000726;250000478;;;;8;;;;;;
Q25;2014;250000759;250000569;6;17;;;1;;;;;
Q25;2014;250000882;250002839;4;5;;;;;1;;;
Q25;2014;250001237;250007598;4;3;;;1;;2;;;
Q25;2014;250001252;250007788;2;17;;;1;;2;3;;
Q25;2014;250004009;900000365;0;2;;;;;;;;
Q25;2014;250006954;250000015;8;31;;;1;5;;;;
Q25;2014;250011848;250017803;3;5;;;;3;;1;;
Q25;2014;250012069;250017803;;;;;;1;;;;
Q25;2014;250012838;250017803;;;;;;1;;;;
Q25;2014;250016037;250017803;;;;1;;1;;;;
Q25;2014;250016045;250017803;;;;;;1;;;;
Q25;2014;260000013;260000021;7;5;;;;;5;7;;
Q25;2014;260000120;260016910;;2;;;1;;1;2;;
Q25;2014;260000138;260000047;7;8;;;;;6;;;
Q25;2014;260000146;260000054;1;1;;3;;;;;;
Q25;2014;260000195;260006770;;;1;9;;;1;1;;
Q25;2014;260000229;260000070;;;;2;;;;;;
Q25;2014;260000237;260000088;;1;;;;;2;;;
Q25;2014;260000278;260000096;;;;;;;;1;;
Q25;2014;260000286;260000104;;2;;;;;2;3;;
Q25;2014;260000302;260000161;1;3;;;;;1;;;
Q25;2014;260000682;930019484;1;;;;;;;;;
Q25;2014;260000823;260003264;3;9;;;;;2;1;;
Q25;2014;260003017;260000781;;;;;;3;;;;
Q25;2014;260006267;070000245;;;;;;2;;;;
Q25;2014;260017454;260016761;1;1;;;;;;;;
Q25;2014;270000045;270000060;;;;;;;1;;;
Q25;2014;270000359;270023724;1;1;;;2;3;6;6;;
Q25;2014;270000367;270000086;;3;;;;;;;;
Q25;2014;270000391;760024042;4;3;;;;;;;;
Q25;2014;270000417;760025734;0;6;0;0;0;0;0;4;0;0
Q25;2014;270000425;270000102;1;;;;;;;;;
Q25;2014;270000433;750043994;;;;;;1;;;;
Q25;2014;270000441;270000110;;1;;;;;2;5;;
Q25;2014;270000458;270023724;;;;;;0;2;1;;
Q25;2014;270000474;270000136;8;29;;;;;;1;;
Q25;2014;270000482;270000144;3;6;;;;;1;7;;
Q25;2014;270000516;270000177;0;0;0;0;0;0;0;1;0;0
Q25;2014;270000532;270000185;1;;;;;;2;;;
Q25;2014;270000573;270000219;5;1;0;0;0;0;4;1;0;0
Q25;2014;270000912;750814030;13;16;;;;;2;3;;
Q25;2014;270026107;270023724;;;;;;;;1;;
Q25;2014;280000050;280000142;4;16;;;3;;;1;;
Q25;2014;280000084;280000183;;;;;1;1;3;5;;
Q25;2014;280000100;280000225;2;20;;;;;;2;;
Q25;2014;280000159;280000068;;;;;;1;;;;
Q25;2014;280000662;280500075;1;3;0;0;0;0;2;2;0;0
Q25;2014;280502741;280000852;;;;;;;1;2;;
Q25;2014;280502998;280000589;;7;;;;;;1;;
Q25;2014;280504267;280000134;4;6;;;1;;;1;;
Q25;2014;290000025;290020700;6;58;0;0;1;1;0;3;0;0
Q25;2014;290000033;290021542;1;11;;;;;1;2;;
Q25;2014;290000058;290000017;2;10;;;;1;;1;;
Q25;2014;290000066;290020700;0;7;0;0;0;0;0;0;0;0
Q25;2014;290000173;290000041;;3;;;;;1;4;;
Q25;2014;290000181;290000074;2;10;;;;2;2;3;;
Q25;2014;290000256;290000017;;4;;;;;;;;
Q25;2014;290000272;290000090;1;2;;;1;;;;;
Q25;2014;290000322;290000108;3;2;;;;;;;;
Q25;2014;290000363;750043994;;;;;;1;;;;
Q25;2014;290000389;290000116;;;;;;;1;1;;
Q25;2014;290000413;290009752;;;;;;1;;;;
Q25;2014;290000728;750821092;;;;;;1;;;;
Q25;2014;290000785;220020739;1;1;;;;;;3;;
Q25;2014;290000793;290000546;1;0;;;;;;;;
Q25;2014;290000819;290001023;;;;;1;;;;;
Q25;2014;290000827;290000546;1;1;;;;;;;;
Q25;2014;290000918;290000298;3;8;;;0;1;1;4;;
Q25;2014;290000934;290000306;;;;;;;1;3;;
Q25;2014;290000975;290000546;6;7;;;;1;1;3;;
Q25;2014;290001015;290000751;;6;;;;;;;;
Q25;2014;290002344;440042844;1;3;;;;;;;;
Q25;2014;290004324;290000017;6;31;;;;;2;3;;
Q25;2014;290005826;290020700;0;4;0;0;0;0;0;0;0;0
Q25;2014;290008853;290000074;;1;;;;;;1;;
Q25;2014;290020841;290000298;1;2;;;;;;1;;
Q25;2014;290024462;290000298;;4;;;;;;1;;
Q25;2014;290025113;290020700;;2;;;;;;;;
Q25;2014;290025147;290020700;;2;;;;;;;;
Q25;2014;290034610;290000306;;2;;;;;;;;
Q25;2014;2A0000022;2A0000014;;;;;;;;;;1
Q25;2014;2A0000287;2A0000386;1;1;0;0;0;2;0;0;0;0
Q25;2014;2A0002051;2A0000303;;;;;1;;;;;
Q25;2014;2A0002614;2A0002606;;;;;;;1;1;;
Q25;2014;2A0023271;2A0000014;;;;;;;;1;;
Q25;2014;2B0000012;2B0000020;7;3;0;0;0;1;7;3;0;0
Q25;2014;2B0000400;2B0000137;;;;;;1;1;1;;
Q25;2014;2B0004089;2B0000020;0;1;0;0;0;0;0;1;0;0
Q25;2014;2B0005359;2B0005342;;;;;;;;1;;
Q25;2014;300000023;300780046;4;1;;;1;1;2;4;;
Q25;2014;300000031;300780053;1;12;0;0;0;0;7;10;0;0
Q25;2014;300000049;130028228;;;;;;;;3;;
Q25;2014;300000056;300780079;9;16;0;0;0;0;0;0;0;0
Q25;2014;300000064;300780087;13;23;;;;;;;;
Q25;2014;300000072;300780095;;2;;;;;1;1;;
Q25;2014;300000478;300781010;3;3;;;;;2;3;;
Q25;2014;300002169;780020715;;;;;;1;;2;;
Q25;2014;300002508;300000213;0;0;0;0;0;1;0;0;0;0
Q25;2014;300012499;300780046;;;;;;;1;3;;
Q25;2014;300013778;300013760;;;;;1;1;;;;
Q25;2014;300780111;300016847;;;;;;;;2;;
Q25;2014;300780152;300000114;;;;;1;;;;;
Q25;2014;300780285;300000726;;;;;1;2;;;;
Q25;2014;300780384;750721334;;;;;;;1;;;
Q25;2014;300780442;300000254;;;;;;;;1;;
Q25;2014;300780475;340015171;;1;;;;;;2;;
Q25;2014;300780764;300000429;;1;;;;;;;;
Q25;2014;300781440;300000700;;;;;1;;;;;
Q25;2014;300782117;300780038;;;;;;;3;3;;
Q25;2014;300782125;300780038;;;;;;;;1;;
Q25;2014;300788502;300788486;;;;;0;2;;;;
Q25;2014;310000310;310780671;1;6;;;;;1;;;
Q25;2014;310000336;310780713;1;1;;;;;;;;
Q25;2014;310000369;310780754;;;;;;;1;17;;
Q25;2014;310009279;310780671;1;2;;;;;;;;
Q25;2014;310013628;310786256;0;0;0;0;0;0;3;1;0;0
Q25;2014;310016977;310781406;4;21;0;0;0;2;0;0;0;0
Q25;2014;310019351;310781406;1;15;0;0;0;0;0;0;0;0
Q25;2014;310025333;310781406;1;0;0;0;0;0;0;0;0;0
Q25;2014;310780101;310000039;;;;;1;;;;;
Q25;2014;310780135;310000054;;;;;4;2;;;;
Q25;2014;310780150;310788799;2;;;;;;;;;
Q25;2014;310780234;310000591;0;0;0;0;0;1;0;0;0;0
Q25;2014;310780259;310000096;;;;;2;13;;;;
Q25;2014;310780309;310000120;;;;;;2;;;;
Q25;2014;310780382;310000179;;;;;2;7;;1;;
Q25;2014;310780390;310000187;;;;;;1;;;;
Q25;2014;310780481;340015171;1;;;;;;;;;
Q25;2014;310781067;310788898;;9;;;;;;;;
Q25;2014;310781158;310000443;;;;;;1;;;;
Q25;2014;310781422;310781562;;;;;;;0;3;;
Q25;2014;310781505;310000492;;;;;1;;;;;
Q25;2014;310781695;750043994;;;;;;1;;;;
Q25;2014;310782339;310781406;9;17;0;0;5;1;0;0;0;0
Q25;2014;310782347;310789136;;;;;;;2;17;;
Q25;2014;310782396;920000395;;;;;1;2;;;;
Q25;2014;310783048;310781406;34;52;0;0;5;7;0;1;0;0
Q25;2014;310783055;310781406;16;42;0;0;2;7;1;1;0;0
Q25;2014;310783063;310781406;3;5;0;0;0;0;0;0;0;0
Q25;2014;310784558;310180013;1;2;0;0;0;0;1;0;0;0
Q25;2014;310786702;750043713;1;4;;;;1;;3;;
Q25;2014;310787304;310781406;1;10;0;0;1;4;0;0;0;0
Q25;2014;310787965;310788898;;2;;;;;;;;
Q25;2014;310794094;310780754;;;;;;;;1;;
Q25;2014;320000086;320780117;3;5;;;2;1;;;;
Q25;2014;320000094;320780125;;;;;;;2;2;;
Q25;2014;320000102;320780133;;;;;;;1;1;;
Q25;2014;320000110;320004310;;;;;;;;3;;
Q25;2014;320000128;320780158;;2;;;;1;;;;
Q25;2014;320000144;320780174;;1;;;;;;;;
Q25;2014;320000151;320780182;;1;;;;;;5;;
Q25;2014;320000177;320780208;;;;;;;1;1;;
Q25;2014;320000185;320780216;;;;;;;1;;;
Q25;2014;320780067;320000052;;;1;;;;1;;;
Q25;2014;320780323;750810590;;2;;;;;1;2;;
Q25;2014;330000217;330780347;1;1;;;;1;;;;
Q25;2014;330000332;330780545;1;1;;;;;;;;
Q25;2014;330000340;330780552;;;;;1;1;;1;;
Q25;2014;330000431;330000431;;1;;;;;;;;
Q25;2014;330000555;330781204;;;;;1;;;;;
Q25;2014;330000571;330781220;1;2;;;;;8;;;
Q25;2014;330000589;330027509;7;16;0;0;0;0;2;10;0;0
Q25;2014;330000597;330027509;0;8;0;0;0;0;0;0;0;0
Q25;2014;330000605;330781253;1;;;;;;7;47;;
Q25;2014;330000613;330781261;7;14;;;;;;1;;
Q25;2014;330000639;330781287;;2;;;4;1;12;7;;
Q25;2014;330000647;330781295;2;13;;;;;6;4;;
Q25;2014;330000662;330781329;8;7;;;1;1;3;3;;
Q25;2014;330005182;330792862;0;0;0;1;0;0;0;0;0;0
Q25;2014;330780040;330000027;;;;;;1;;;;
Q25;2014;330780081;330000043;;;;;1;;;;;
Q25;2014;330780115;330000076;;;;;;1;;;;
Q25;2014;330780263;330000134;0;0;0;0;0;0;2;0;0;
Q25;2014;330780479;330000274;;;;;1;6;;;;
Q25;2014;330780487;330000282;;;;;;;;1;;
Q25;2014;330780495;330796392;;;;;;1;;;;
Q25;2014;330780503;330000308;;;;;;3;;;;
Q25;2014;330780529;330796392;;;;;2;1;;;;
Q25;2014;330780719;310020383;;;;;;1;;;;
Q25;2014;330780743;330056540;;1;;;;;;;;
Q25;2014;330781121;930019484;;;;;;;1;3;;
Q25;2014;330781170;330785072;;;;;;;1;;;
Q25;2014;330781303;750821092;;;;;;2;;;;
Q25;2014;330781352;330781196;1;;;;;;;2;;
Q25;2014;330781360;330781196;;2;;;;1;;10;;
Q25;2014;330781402;330000670;;;;;;2;;;;
Q25;2014;330782582;330000928;;;;;;4;;;;
Q25;2014;330783614;330785072;;;;;;;;1;;
Q25;2014;330783648;330781196;;;;;;;2;2;;
Q25;2014;330783721;330781253;;;;;;;3;10;;
Q25;2014;330804501;330781212;7;4;;;;;;;;
Q25;2014;340000025;340780048;1;1;;;;;;;;
Q25;2014;340000033;340780055;2;10;0;0;0;0;7;6;0;0
Q25;2014;340000173;340780451;3;21;;;1;;1;3;;
Q25;2014;340000181;340780469;;10;;;;;;2;;
Q25;2014;340000207;340780493;4;8;;;;;;5;;
Q25;2014;340000215;340780519;6;3;;;;;;;;
Q25;2014;340000223;340011295;1;2;0;0;0;0;0;0;0;0
Q25;2014;340000231;340780535;;4;;;;;1;1;;
Q25;2014;340000249;340780543;;10;;;;;1;7;;
Q25;2014;340000439;340780881;;1;;;;1;;;;
Q25;2014;340008275;340780477;0;2;0;0;0;0;0;0;0;0
Q25;2014;340009885;340009877;;;;;;1;;;;
Q25;2014;340015502;340000512;;;;;;2;;;;
Q25;2014;340015965;340000074;;;;;;1;;;;
Q25;2014;340780121;340000082;;;;;;2;;;;
Q25;2014;340780154;340000116;;;;;;1;;;;
Q25;2014;340780196;340798123;;;;;1;1;;;;
Q25;2014;340780212;340796069;;;;;1;1;;;;
Q25;2014;340780220;340796358;1;8;;;;;2;2;;
Q25;2014;340780436;340011295;0;1;0;0;1;1;0;0;0;0
Q25;2014;340780444;340009893;3;5;0;;0;0;0;2;0;0
Q25;2014;340780634;340000272;0;0;0;0;1;1;0;0;0;0
Q25;2014;340780642;340785856;;;;;;1;;;;1
Q25;2014;340780667;340000280;;2;;;2;5;;;;
Q25;2014;340780675;340000298;0;0;0;0;0;1;0;0;0;0
Q25;2014;340780717;340008150;;;;;;1;;;;
Q25;2014;340780741;340000348;;;;;;1;;;;
Q25;2014;340780758;340000355;;;;;;1;;;;
Q25;2014;340780766;340000363;;;;;;1;;;;
Q25;2014;340780782;340000371;;;;;1;;;;;
Q25;2014;340780790;340000389;;;;1;;;;;;
Q25;2014;340780816;340008291;;2;;;1;1;;;;
Q25;2014;340780824;340000405;;;;;1;2;;;;
Q25;2014;340781608;340015171;2;6;;;1;;1;2;;
Q25;2014;340782036;340780477;1;15;0;0;1;0;2;6;0;0
Q25;2014;340782085;340780477;0;18;0;0;0;0;1;0;0;0
Q25;2014;340785161;340780477;0;18;0;0;0;2;2;6;0;0
Q25;2014;340789379;340001825;;;;;2;1;;;;
Q25;2014;340789981;340001866;;;;;;1;;;;
Q25;2014;340796663;340780477;3;26;0;0;0;1;4;12;0;0
Q25;2014;350000014;350005179;0;0;0;0;0;0;0;2;0;0
Q25;2014;350000071;750000218;1;0;;;;;;;;
Q25;2014;350000121;350000303;;;;;;1;;;;
Q25;2014;350000139;350001137;;;;;;1;;;;
Q25;2014;350000147;350000022;3;9;;;3;;3;;;
Q25;2014;350000154;350000030;2;11;;;;;1;;;
Q25;2014;350000162;350000048;0;0;0;0;0;0;2;5;0;0
Q25;2014;350000188;350000055;0;0;0;0;0;0;1;2;0;0
Q25;2014;350000204;350023248;;;;;;;;1;;
Q25;2014;350000212;350000089;1;4;0;0;0;0;0;0;0;0
Q25;2014;350000337;350000246;;;1;4;;;;;;1
Q25;2014;350000360;350048518;1;3;;;;;;;;
Q25;2014;350000410;350002291;1;3;;;;;1;1;;
Q25;2014;350000428;350002309;;1;;;;;1;1;;
Q25;2014;350000436;350002317;;;;;;;;1;;
Q25;2014;350000444;350048518;4;3;;;;;;;;
Q25;2014;350000451;350002333;;;;;;;;2;;
Q25;2014;350000741;350005179;0;0;0;0;0;1;11;17;0;0
Q25;2014;350002192;220020739;;;;;1;;2;3;;
Q25;2014;350002564;350046199;3;;;;;;;;;
Q25;2014;350002812;350023503;;;;;2;2;4;3;;
Q25;2014;350002911;220020739;;2;;;;1;;;;
Q25;2014;350005021;440042844;0;2;;;;;;;;
Q25;2014;350005146;350000733;;;;;;2;;;;
Q25;2014;350005278;350023586;;2;;;;2;;;;
Q25;2014;350006771;350005179;0;0;0;0;0;0;1;2;0;0
Q25;2014;350007084;350005179;;;;;;;;8;;
Q25;2014;350008579;350039673;;4;;;;;;;;
Q25;2014;350013629;350000022;1;2;;;;;;3;;
Q25;2014;350040499;350040291;;1;;;;;;;;
Q25;2014;360000038;360000046;5;18;;;;1;1;1;;
Q25;2014;360000137;360000053;5;68;;;;;13;21;;
Q25;2014;360000145;360000061;2;8;;;;;;;;
Q25;2014;360000160;360000079;1;10;;;;;;;;
Q25;2014;360000178;360000087;;2;;;;;;;;
Q25;2014;360000186;360000095;1;11;;;;;;1;;
Q25;2014;360000202;360000103;1;4;0;0;0;0;1;4;0;0
Q25;2014;360002232;360000541;;;;;1;;;;;
Q25;2014;360004618;360000046;0;3;;;;;;;;
Q25;2014;360006688;360000392;;5;;;;;;1;;
Q25;2014;370000051;370000028;;;;;;1;;;;
Q25;2014;370000085;370000077;;;;;;3;;;;
Q25;2014;370000093;370000192;;;;;;2;;;;
Q25;2014;370000218;450018106;;1;;;;;;;;
Q25;2014;370000341;750804114;;2;;;;;1;1;;
Q25;2014;370000374;750721334;1;1;;;;;2;8;;
Q25;2014;370000499;370000481;1;4;;;0;1;0;2;;
Q25;2014;370000515;370000481;0;3;;;;;;;;
Q25;2014;370000531;370000606;5;26;0;0;0;0;4;0;0;0
Q25;2014;370000580;370000564;1;5;;;;;;;;
Q25;2014;370000861;370000481;6;14;;;0;1;0;9;;
Q25;2014;370000879;370000564;;10;;;;;;;;
Q25;2014;370000903;370000614;3;2;;;;;2;2;;
Q25;2014;370000986;370000713;4;13;;;;;3;;0;0
Q25;2014;370001109;370002701;2;2;;;;;1;1;;
Q25;2014;370001158;370004327;;1;;;;;;;;
Q25;2014;370004467;370000481;6;8;;;0;2;4;3;;
Q25;2014;370007569;370007528;;;;;0;10;;;;
Q25;2014;370013062;370013062;;1;;;;;;;;
Q25;2014;370100539;370100935;1;1;;;;;1;;;
Q25;2014;380000018;380780023;;6;;;;1;1;1;;
Q25;2014;380000026;380780031;;1;;;;;1;2;;
Q25;2014;380000034;380780049;;;;;1;2;;;;
Q25;2014;380000059;380780072;;4;;;;;1;;;
Q25;2014;380000067;380780080;0;9;;;2;;2;2;;
Q25;2014;380000075;380780098;2;2;;;;;2;1;;
Q25;2014;380000091;380780171;1;11;;;1;;2;5;;
Q25;2014;380000125;380780239;;;;;;;;2;;
Q25;2014;380000133;380780247;0;2;0;0;0;0;7;0;0;0
Q25;2014;380000166;380781351;0;5;;;;;1;1;;
Q25;2014;380000174;380781435;1;6;;;;;;4;;
Q25;2014;380000356;380782698;;;;1;;;2;12;;
Q25;2014;380000364;380782771;;1;;;;;;;;1
Q25;2014;380000406;380784751;1;3;;;;;;;;
Q25;2014;380000828;690002225;;;;;;1;;;;
Q25;2014;380012658;380012609;0;0;0;0;;1;7;3;0;0
Q25;2014;380017095;380017087;;1;;;;1;1;1;;
Q25;2014;380780197;380798173;;2;;;;1;;;;
Q25;2014;380781369;010783009;;1;;;;;;;;
Q25;2014;380782722;380780080;;;;;;1;2;1;;
Q25;2014;380785956;380795211;;;;;1;1;;;;
Q25;2014;380794297;380794297;2;;;;;1;1;;;
Q25;2014;380802512;380793265;;3;;;;;;;;
Q25;2014;390000040;390780146;2;4;;;;;;2;;
Q25;2014;390000057;390780153;2;1;;;;;;1;;
Q25;2014;390000065;390780161;3;1;;;;;;1;;
Q25;2014;390000073;390780179;;9;;;;;;1;;
Q25;2014;390000164;390780476;6;6;;;;;;3;;
Q25;2014;390000172;250006335;1;4;;;;1;;;;
Q25;2014;390000214;390780591;;3;;;;;;;;
Q25;2014;390000222;390780609;2;21;;;;;;;;
Q25;2014;390006161;390781177;;1;;;;;;;;
Q25;2014;390780369;210010294;;;;;;;;1;;
Q25;2014;390780575;250017803;;2;;;;;1;;;
Q25;2014;390781193;390000768;;;;;1;;;;;
Q25;2014;400000105;400780193;2;30;;;3;;5;8;;
Q25;2014;400000113;400011177;0;6;0;0;0;0;0;1;0;0
Q25;2014;400000139;400011177;24;49;0;0;0;0;5;11;0;0
Q25;2014;400000261;400780458;5;7;;;;;;2;;
Q25;2014;400006607;400790663;;2;;;;;;2;;
Q25;2014;400008199;400008108;;;;;;;1;;;
Q25;2014;400780250;400011177;0;4;0;0;0;0;0;0;0;0
Q25;2014;400780284;400000154;;;;;;1;;;;
Q25;2014;400780383;640010328;1;1;;;;;;1;;
Q25;2014;400781043;400780193;;1;;;;;;2;;
Q25;2014;400782769;400001764;0;0;0;0;0;1;0;0;0;0
Q25;2014;400787354;400780193;;6;;;;;;1;;
Q25;2014;400791018;400790994;1;;;;;;;;;
Q25;2014;410000020;410000087;0;6;0;0;1;0;0;4;0;0
Q25;2014;410000038;410000095;3;6;;;1;;2;13;;
Q25;2014;410000046;410000103;5;14;;;;;;;;
Q25;2014;410000053;410000111;3;12;;;;;;;;
Q25;2014;410000202;410000319;;;;;;1;;;;
Q25;2014;410000210;410000145;1;3;;;;;;;;
Q25;2014;410000244;410000152;1;;;;;;;;;
Q25;2014;410000285;410000475;;;;;;1;;;;
Q25;2014;410000293;410000491;0;0;0;0;4;0;0;0;0;0
Q25;2014;410000442;750005068;;;;;;;;1;;
Q25;2014;410003768;410000095;;;;;;;;4;;
Q25;2014;410004998;410000871;;;;;;1;;;;
Q25;2014;410005391;410000905;1;;;;;;;;;
Q25;2014;410007553;330030958;;;;;1;0;;;;
Q25;2014;420000010;420780033;0;0;0;0;1;1;0;0;0;0
Q25;2014;420000028;420780041;;1;;;;;;;;
Q25;2014;420000036;420780058;;8;;;;;;4;;
Q25;2014;420000192;750034589;;2;;;;;;;;
Q25;2014;420000226;420013831;9;27;0;0;0;0;2;5;0;0
Q25;2014;420000234;420780652;8;32;;;;1;6;15;;
Q25;2014;420000242;420780660;7;6;;;;1;4;21;;
Q25;2014;420000267;420013831;0;10;0;0;0;0;0;1;0;0
Q25;2014;420000275;420780694;;3;;;;;;3;;
Q25;2014;420000317;420780736;1;5;0;;0;0;0;5;0;0
Q25;2014;420000556;420781791;1;1;;;;;;;;
Q25;2014;420002479;420002438;;1;;;;;;;;
Q25;2014;420002669;420784878;0;2;0;0;0;0;0;0;0;0
Q25;2014;420011413;420011405;;;2;1;1;3;;;;
Q25;2014;420780546;420000168;1;4;;;;;;1;;
Q25;2014;420780637;420002495;4;2;;;;;2;2;;
Q25;2014;420780744;420000325;0;0;0;5;0;0;0;0;0;0
Q25;2014;420782096;420787061;1;2;;;;;;;;
Q25;2014;420782559;420784878;7;22;0;0;0;0;4;1;0;0
Q25;2014;420782567;420784878;0;2;0;0;0;0;0;0;0;0
Q25;2014;420782591;420000887;;;;;;1;;;;
Q25;2014;420785354;420784878;4;15;0;0;0;0;0;2;0;0
Q25;2014;420788440;420001794;;;;;;1;;;;
Q25;2014;420789067;420780710;;1;;;;;;;;
Q25;2014;430000026;630786754;1;11;;;1;4;;9;;
Q25;2014;430000117;430000018;2;16;0;0;0;0;7;5;0;0
Q25;2014;430000141;430005843;1;2;;;;;;;;
Q25;2014;430000166;430005843;;4;;;;;;;;
Q25;2014;430000174;430006890;1;;;;;;;;;
Q25;2014;430000190;430000034;1;4;;;;;1;;;
Q25;2014;430000216;750811820;;1;;;;;;;;
Q25;2014;430000299;430000059;;1;;;;;;1;;
Q25;2014;430000307;430000067;1;;;;;;;;1;3
Q25;2014;430000356;430000091;0;0;0;4;0;0;0;0;0;0
Q25;2014;430007419;630786754;;3;;;;;1;1;;
Q25;2014;440000016;440000057;5;26;;;;;;;;
Q25;2014;440000024;440000065;0;5;;;;;;;;
Q25;2014;440000180;440000263;3;4;;;;;0;9;;
Q25;2014;440000255;440042844;;2;;;;;;;;
Q25;2014;440000271;440000289;0;2;;;1;1;;;;
Q25;2014;440000396;440000297;;3;;;;;;;;
Q25;2014;440000404;440000925;;;;;;1;;;;
Q25;2014;440000412;440000941;;;;;1;1;;;;
Q25;2014;440000503;440000313;3;4;;;;;;;;
Q25;2014;440000552;440042141;;1;;;;1;;;;
Q25;2014;440000560;850009010;1;1;;;;;;;;
Q25;2014;440000644;440000347;2;5;;;;;;;;
Q25;2014;440000677;440000313;;;1;;;;;;;
Q25;2014;440000693;440041895;;;;;;;1;1;;
Q25;2014;440000719;440018729;;1;;;;;;;;
Q25;2014;440000883;440042141;;;;;;1;;;;
Q25;2014;440001113;490017258;;;;;;2;;1;;
Q25;2014;440001188;440018661;;2;;;;1;;;;
Q25;2014;440001253;440028538;;1;;;;;;;;
Q25;2014;440001287;440041531;1;1;;;;;;;;
Q25;2014;440001295;440000859;1;2;;;;;;;;
Q25;2014;440001964;440003267;;2;;;;;;;;
Q25;2014;440001972;440003309;;;;;;;;1;;
Q25;2014;440002020;440001386;;;;1;1;;;;;
Q25;2014;440002459;440001501;1;;;;;;;2;;
Q25;2014;440002939;440001758;3;9;;;;;;1;;
Q25;2014;440003291;440000289;0;1;0;0;3;1;0;0;0;0
Q25;2014;440005080;440002590;;;;;1;;;;;
Q25;2014;440012128;440003960;2;;;;;;;;;
Q25;2014;440017598;440000289;0;0;0;0;2;0;0;0;0;0
Q25;2014;440021392;440000289;0;1;0;0;0;0;0;0;0;0
Q25;2014;440024669;440042844;0;2;;;;;1;;;
Q25;2014;440029338;440041895;;;;;;1;;;;
Q25;2014;440041580;440041572;;;;;1;1;;;;
Q25;2014;440048239;440041895;;;;;;;;1;;
Q25;2014;440050433;440041895;;;;;;;1;2;;
Q25;2014;450000021;450000088;;;;;;;2;;;
Q25;2014;450000047;450000096;;;;;4;6;;;;
Q25;2014;450000062;450000104;1;11;;;;1;;;;
Q25;2014;450000070;450000112;2;5;;;;;1;3;;
Q25;2014;450000120;450000138;2;4;;;;;;;;
Q25;2014;450000187;450000146;1;1;;;;;1;1;;
Q25;2014;450000245;450000542;;;;;;2;;;;
Q25;2014;450000260;450000161;1;;;;;;1;;;
Q25;2014;450000336;450000179;;2;;;;;;2;;
Q25;2014;450000526;930019484;;6;;;;1;;;;
Q25;2014;450000930;450002423;3;24;0;0;0;0;2;1;0;0
Q25;2014;450002613;450000088;;;;;;2;5;1;;
Q25;2014;450010079;450000195;;;;;1;;;;;
Q25;2014;450014956;450000849;2;8;;;;;1;6;;
Q25;2014;450018460;330057597;;;;;;;;;;2
Q25;2014;460000045;460780083;4;18;0;0;0;0;0;0;0;0
Q25;2014;460000060;460780117;2;8;;;;;1;5;;
Q25;2014;460000102;460780208;;1;;;;;;2;;
Q25;2014;460000110;460780216;6;16;0;0;0;0;3;2;0;0
Q25;2014;460006075;460006067;0;0;0;0;0;0;0;1;0;0
Q25;2014;460785090;460785090;;;1;4;1;;;;;
Q25;2014;460785595;460780216;1;0;0;0;0;0;0;0;0;0
Q25;2014;460785900;460002207;;;;1;;;;;;
Q25;2014;470000027;470014069;;;;;;4;;;;
Q25;2014;470000142;470000795;;;;;;1;;;;
Q25;2014;470000308;930019484;;4;;;;;;;;
Q25;2014;470000423;470000316;10;9;0;0;0;0;0;0;0;0
Q25;2014;470000431;470000324;9;18;;;;;1;;;
Q25;2014;470000480;470001660;8;29;0;0;0;0;4;3;0;0
Q25;2014;470000530;470000357;;;;;;;;1;;
Q25;2014;470000548;470000365;3;17;;;;;1;6;;
Q25;2014;470000555;470001660;0;2;0;0;0;0;0;1;0;0
Q25;2014;470000563;470000381;3;4;;;;;;;;
Q25;2014;470000571;470000407;;;;;;;1;;;
Q25;2014;470008780;470000316;0;1;0;0;0;0;0;0;0;0
Q25;2014;470012931;470001660;0;3;0;0;0;0;0;1;0;0
Q25;2014;480000017;480780097;2;2;;;;;;2;;
Q25;2014;480000041;480780139;1;3;;;;;1;2;;
Q25;2014;480000058;480780147;2;5;;;;;1;;;
Q25;2014;480000074;480780162;6;;;;;2;;1;;
Q25;2014;480000793;480782101;;1;;;;;;;;
Q25;2014;480780543;480782101;1;1;;;;;;;;
Q25;2014;490000049;490000031;;;;;;;1;21;1;
Q25;2014;490000106;490000163;;1;;;;;;;;
Q25;2014;490000155;490017258;;2;;;;2;;1;;
Q25;2014;490000239;490015765;1;;;;1;;;;;
Q25;2014;490000254;490015765;;1;;;;;;;;
Q25;2014;490000338;490000403;;;;;;;2;4;;
Q25;2014;490000494;490000429;;;;;;;1;;;
Q25;2014;490000569;440000313;1;2;;;;;;;;
Q25;2014;490000601;490015856;1;;;;;;;;;
Q25;2014;490000635;490000676;3;5;;;1;;;;;
Q25;2014;490000643;440042844;0;2;0;0;0;0;0;0;0;0
Q25;2014;490000700;490000692;2;5;;;;;;;;
Q25;2014;490001765;490528452;5;11;;;;;2;4;;
Q25;2014;490002037;490000890;;;;;;2;;;;
Q25;2014;490004256;490001716;;2;;;;;;;;
Q25;2014;490008604;490001070;;9;;;;;;2;;
Q25;2014;490014909;490008109;;;;;1;2;;1;;
Q25;2014;490016334;490016326;;;;;;1;;;;
Q25;2014;490016870;440048643;;;;;;1;;;;
Q25;2014;490529005;490000031;;;;;;;;4;;
Q25;2014;490543675;490009529;;;;;1;;;;;
Q25;2014;500000021;500000054;;3;;;;;;;;
Q25;2014;500000146;500000500;0;0;0;0;0;1;0;0;0;0
Q25;2014;500000187;500000013;8;24;;;1;;;1;;
Q25;2014;500000195;500000039;2;19;;;;;;9;;
Q25;2014;500000260;500000054;1;3;;;;;2;1;;
Q25;2014;500000435;500000104;3;7;;;;;;;;
Q25;2014;500000450;500000112;4;13;;;;;;;;
Q25;2014;500000468;500000013;2;4;;;;;;;;
Q25;2014;500000476;500000138;2;8;;;;;;;;
Q25;2014;500000575;500000245;2;3;;;;;;;;
Q25;2014;500000591;500000393;3;18;0;0;0;0;0;0;0;0
Q25;2014;500010384;500010384;1;10;;;3;4;2;;;
Q25;2014;500015185;500015185;;19;;;;;;;;
Q25;2014;510000169;510000037;3;9;0;0;0;2;0;0;0;0
Q25;2014;510000177;100006279;2;3;;;;;1;;;
Q25;2014;510000201;750034589;;;;;0;1;;;;
Q25;2014;510000219;510000052;1;4;;;;;;;;
Q25;2014;510000250;510000078;4;11;0;0;0;0;0;0;0;0
Q25;2014;510000292;750720534;2;2;;;;;;;;
Q25;2014;510000359;510000086;1;1;;;;;1;;;
Q25;2014;510000466;510000102;;2;;;;;;;;
Q25;2014;510000516;510000136;3;6;0;0;0;0;0;0;0;0
Q25;2014;510000813;510000854;1;;;;;;;;;
Q25;2014;510002447;510000029;0;1;0;0;0;0;3;6;0;0
Q25;2014;510002454;510000029;0;1;0;0;0;0;1;2;0;0
Q25;2014;510004302;510000029;0;0;0;0;0;0;1;0;0;0
Q25;2014;510011679;510000029;1;2;0;0;0;0;0;3;0;0
Q25;2014;510012040;510000557;;;;;;;;1;;
Q25;2014;510024466;510000128;2;;;;;;;;;
Q25;2014;520000019;520780024;2;12;0;0;0;0;1;0;0;0
Q25;2014;520000027;520780032;0;0;0;0;2;0;11;20;0;0
Q25;2014;520000035;520780040;3;15;;;;;;1;;
Q25;2014;520000043;520780057;;8;;;;;1;;;
Q25;2014;520000050;520780065;;12;;;;;;;;
Q25;2014;520000068;520780073;4;5;;;;;9;8;;
Q25;2014;520000076;520780081;3;18;0;0;0;0;1;3;0;0
Q25;2014;520000084;520780099;1;8;;;;;;;;
Q25;2014;520782939;520780032;0;0;0;0;0;0;0;1;0;0
Q25;2014;530000017;530000025;;4;;;;;1;3;;
Q25;2014;530000140;530000058;0;1;0;0;0;0;0;0;0;0
Q25;2014;530000173;530000074;;;;;;;5;8;;
Q25;2014;530000181;530007202;;;;;;;;1;;
Q25;2014;530000264;530000371;2;0;;;;;;;;
Q25;2014;530000611;530002591;;3;;;;;;;;
Q25;2014;530031384;530000074;;;;;;;;1;;
Q25;2014;530032788;530000025;;1;;;;;;;;
Q25;2014;540000023;540000049;1;6;;;;;;2;;
Q25;2014;540000072;540014081;1;2;;;;;;;;
Q25;2014;540000148;540019007;2;10;;;;;1;2;;
Q25;2014;540000155;540000080;;;;;;;5;;;
Q25;2014;540000163;540020112;;;;;1;;;;;
Q25;2014;540000270;540003399;;;;;;;1;1;;
Q25;2014;540000288;540018710;;;;;;1;;;;
Q25;2014;540000296;540000106;1;;;;;;;;;
Q25;2014;540000452;540000908;0;0;0;0;0;1;0;0;0;0
Q25;2014;540000460;540000916;;;;;;1;;;;
Q25;2014;540000486;540000932;;;;;2;2;;;;
Q25;2014;540000668;540006707;;;;;1;;;;;
Q25;2014;540000726;750721334;;2;;;;1;;;;
Q25;2014;540000981;540001112;;;;;;1;;;;
Q25;2014;540001070;540000767;1;4;;;;3;;;;
Q25;2014;540001286;540003019;1;13;;;;5;;;;
Q25;2014;540008364;540000049;;1;;;;;;1;;
Q25;2014;540013224;540000536;;;;;1;1;;;;
Q25;2014;540014073;540000056;;;;;;1;;;;
Q25;2014;540023256;540020963;0;0;0;0;0;0;0;0;0;1
Q25;2014;550000012;550006795;;1;;;;1;;;;
Q25;2014;550000038;550000046;1;3;;;;;;;;
Q25;2014;550000202;550006795;2;;;;;;1;;;
Q25;2014;550000251;550000095;2;2;;;;;2;;;
Q25;2014;550000434;550003354;8;11;;;;;4;8;;
Q25;2014;560000127;560023210;7;20;0;0;0;0;1;0;0;0
Q25;2014;560000135;560005746;7;24;;;;;3;;;
Q25;2014;560000143;560014748;1;8;0;0;0;0;3;8;4;16
Q25;2014;560000184;560006017;1;;;;;2;;13;;
Q25;2014;560000192;560000044;;;;;;;;2;;
Q25;2014;560000200;560023210;2;7;;;;;;1;;
Q25;2014;560000275;560005746;;;;;;;;1;;
Q25;2014;560000291;560000085;;;;;;;;2;;
Q25;2014;560000382;560002032;4;7;;;;;;3;;
Q25;2014;560000465;560002198;1;2;;;;;;4;;
Q25;2014;560000473;560002206;;2;;;;;;;;
Q25;2014;560000697;560002677;;1;;;;;1;2;;
Q25;2014;560002024;560006074;;3;;;1;2;1;3;;
Q25;2014;560002123;750043994;;;;;;1;;;;
Q25;2014;560002933;560006074;;;;;1;;;;;
Q25;2014;560002974;830013678;;;;;2;;1;10;;
Q25;2014;560003055;440042844;0;5;0;0;0;0;0;0;0;0
Q25;2014;560003980;560005746;;;;;;;1;4;;
Q25;2014;560010092;560002032;;1;;;;;;;;
Q25;2014;560012122;560002677;;;;;;;;1;;
Q25;2014;560015422;560002214;3;39;;;;;;1;;
Q25;2014;570000059;570025254;4;2;0;0;0;1;0;0;0;0
Q25;2014;570000091;750050759;;1;;;;1;;;;
Q25;2014;570000109;570000034;;2;;;;;;;;
Q25;2014;570000117;570015099;2;23;;;;;1;1;;
Q25;2014;570000125;570015099;;1;;;;;;;;
Q25;2014;570000216;570010173;5;3;;;;1;;;;
Q25;2014;570000380;570000034;;4;;;;;1;3;;
Q25;2014;570000448;750050759;;10;;;;1;;;;
Q25;2014;570000455;570010173;2;4;;;;;;1;;
Q25;2014;570000489;750050759;1;13;;;;;;3;;
Q25;2014;570000547;540019726;2;4;;;;;1;3;;
Q25;2014;570000562;570011353;1;1;;;;;;;;
Q25;2014;570000596;750821092;;;;;;1;;;;
Q25;2014;570000646;570001115;;;;;1;1;;;;
Q25;2014;570000661;570000158;;;;1;;;;;;
Q25;2014;570000687;570025254;0;0;1;0;1;0;0;0;0;0
Q25;2014;570000828;570011452;1;1;0;0;0;0;1;0;0;0
Q25;2014;570000885;570000133;1;3;;;;;;;;
Q25;2014;570000893;570000141;;;;;1;;;;;
Q25;2014;570000901;570000158;;;;;1;;;;;
Q25;2014;570000968;570000430;2;2;;;1;2;;;;
Q25;2014;570000992;570000497;;11;;;;;;;;
Q25;2014;570001057;570023630;;;;;;1;;;;
Q25;2014;570003103;540019726;0;4;;;;;1;6;;
Q25;2014;570009670;570000307;;;;;;;;2;;
Q25;2014;570012633;540019726;1;2;;;;;;1;;
Q25;2014;570026252;570023630;1;;;;;;;;;
Q25;2014;580780138;580000024;;;;;1;;;;;
Q25;2014;580971646;580780039;;1;;;;;;;;
Q25;2014;580972610;580780054;;2;;;;1;;;;
Q25;2014;580972636;580780971;2;6;;;;1;;;;
Q25;2014;580972644;580781136;;2;;;;;;5;;
Q25;2014;580972651;580780047;;;;;;;;2;;
Q25;2014;580972669;580780070;;1;;;;;1;1;;
Q25;2014;580972677;580780088;;;;;;;1;;;
Q25;2014;580972685;580780096;8;10;;;;;2;6;;
Q25;2014;580972693;580780039;6;8;;;;2;1;;;
Q25;2014;590000014;590780052;;;;;;;1;3;;
Q25;2014;590000097;590780185;;;;;;;;3;;
Q25;2014;590000113;590053120;4;5;;;0;1;1;0;;
Q25;2014;590000121;590780227;;;;;;;5;11;;
Q25;2014;590000188;590780334;0;8;0;0;2;3;0;0;0;0
Q25;2014;590000337;590781415;;;;;;;2;2;;
Q25;2014;590000428;590781605;;3;;;;;2;;;
Q25;2014;590000436;590781621;4;12;;;;;5;23;;
Q25;2014;590000444;590781639;;10;;;1;;;1;;
Q25;2014;590000451;590781647;1;1;;;;;;2;;
Q25;2014;590000469;590781662;0;6;0;0;0;0;2;5;0;0
Q25;2014;590000477;590781670;;12;;;;;;1;;
Q25;2014;590000527;590781795;5;11;;;;;2;5;;
Q25;2014;590000535;590781803;2;7;;;3;1;1;6;;
Q25;2014;590000543;590781811;2;2;;;;;;;;
Q25;2014;590000592;590782165;7;70;0;0;0;0;0;5;0;0
Q25;2014;590000600;590782207;;;;;;;2;2;;
Q25;2014;590000618;590782215;28;50;;;;4;12;19;;
Q25;2014;590000691;590782439;;;;;;1;4;3;;
Q25;2014;590000758;590782637;;;;;1;0;4;3;;
Q25;2014;590000766;590782645;;4;;;;;1;1;;
Q25;2014;590000774;590782652;;1;;;;;;;;
Q25;2014;590000782;590782660;1;;;;;;8;8;;
Q25;2014;590000790;590782678;;;;;;;7;9;;
Q25;2014;590001004;590783239;10;6;;;;;10;6;;
Q25;2014;590001442;590784245;2;4;;;;;;;;
Q25;2014;590001582;590785663;1;2;;;;;1;;;
Q25;2014;590001749;590788956;;;;;1;;3;9;;
Q25;2014;590006607;590780193;;;;;;1;3;2;;
Q25;2014;590008041;590008033;;;;;;2;;;;
Q25;2014;590009148;810002519;;;;;;1;;;;
Q25;2014;590009528;590782165;0;3;0;0;0;0;0;0;0;0
Q25;2014;590016408;590016358;;;;;1;;;;;
Q25;2014;590044632;590782421;;;;;;;;3;;
Q25;2014;590052049;590006268;;;;1;2;3;;;;
Q25;2014;590052056;590051801;2;;;;;;;;;
Q25;2014;590053955;590053955;;;;;1;5;;;;
Q25;2014;590780128;590000063;2;3;;;;;1;2;;
Q25;2014;590780250;590053955;;;;;;2;;;;
Q25;2014;590780268;590053955;;;;;3;4;;;;
Q25;2014;590780284;590051801;14;8;;;5;4;;;;
Q25;2014;590780342;590053955;;;;;;2;;;;
Q25;2014;590781571;590000402;;;;;;1;;;;
Q25;2014;590781951;590053955;;;;;;5;;;;
Q25;2014;590782181;590039863;;;;1;;;;;;
Q25;2014;590782298;590000675;;;;;1;2;;;;
Q25;2014;590782496;590000139;;;;;;2;;;;
Q25;2014;590782694;750034589;;2;;;;;;0;;
Q25;2014;590783171;590000980;1;;;;;;1;2;;
Q25;2014;590785374;620001834;3;4;;;;;;;;
Q25;2014;590785424;930019484;;;;;;2;;1;;
Q25;2014;590786984;620020859;;3;;;;;;2;;
Q25;2014;590787529;590782215;;;;;;;;1;;
Q25;2014;590787586;590780193;;;;;;;;2;;
Q25;2014;590788865;590782421;;;;;;;;3;;
Q25;2014;590790473;620020859;;2;;;;;;1;;
Q25;2014;590790655;590002218;;;;;;2;;;;
Q25;2014;590791091;590780193;;;;;;1;;1;;
Q25;2014;590791323;590782637;1;5;;;;;1;3;;
Q25;2014;590796975;590780193;;;;;6;9;;7;;
Q25;2014;590797346;620020859;;2;;;;;;;;
Q25;2014;590797353;590051801;11;11;;;;1;;;;
Q25;2014;590801106;590782421;;;;;;1;3;1;;
Q25;2014;590804696;590781902;;;;;;;3;;;
Q25;2014;590806360;590003596;;;;;;1;;;;
Q25;2014;590809703;590004552;;;;;;1;;;;
Q25;2014;590810784;590004685;;;;;1;2;;;;
Q25;2014;590811279;590780193;;;;;1;2;1;;;
Q25;2014;590812186;590782421;;;;;;;1;1;;
Q25;2014;590813382;590000386;1;;;;;;;;;
Q25;2014;590815056;590005492;1;;;;;;;;;
Q25;2014;590817441;620003814;;1;;;;;;;;
Q25;2014;590817839;590053955;;;;;;2;;;;
Q25;2014;600000012;600100028;2;9;;;2;3;;;;
Q25;2014;600000046;600100127;1;11;0;0;0;0;0;1;0;0
Q25;2014;600000186;600100648;0;0;0;0;0;1;3;5;0;0
Q25;2014;600000467;600101984;0;0;0;0;0;3;0;0;0;0
Q25;2014;600001184;600108948;1;19;;;;;;5;;
Q25;2014;600003008;600113278;;;;;;;4;4;;
Q25;2014;600010094;600100580;2;6;;;;;;1;;
Q25;2014;600010862;600010854;1;;;;;;;;;
Q25;2014;600100101;750712184;0;0;0;0;0;0;1;0;0;0
Q25;2014;600100184;600010276;;;;;;1;;;;
Q25;2014;600100275;600000111;;;;;1;;;;;
Q25;2014;600100283;750710428;;1;;;;;1;;;
Q25;2014;600100309;750721334;;1;;;;1;;;;
Q25;2014;600100671;750034589;;8;;;2;7;;;;
Q25;2014;600100796;750720609;1;;;;;;;;;
Q25;2014;600100861;440052041;0;0;0;0;0;1;0;0;0;0
Q25;2014;600101687;600010037;;1;;;;;;;;
Q25;2014;600101943;750720609;;;;;;1;5;;;
Q25;2014;600105381;600106611;1;;;;;;;2;;
Q25;2014;600107668;600100721;0;1;0;0;0;0;0;0;0;0
Q25;2014;600113476;600100721;1;0;0;0;0;1;1;1;0;0
Q25;2014;610000028;610780025;2;2;;;;;;;;
Q25;2014;610000051;610780082;8;4;;;;;;;;
Q25;2014;610000069;610780090;;;;;;;1;3;;
Q25;2014;610000077;610780124;2;6;;;;;2;4;;
Q25;2014;610000085;610780132;0;2;0;0;0;0;0;0;0;0
Q25;2014;610000093;610780140;;4;;;;;;;;
Q25;2014;610000101;610780157;2;;;;;;;1;;
Q25;2014;610000119;610780165;4;1;0;0;0;1;2;4;0;0
Q25;2014;610004269;610787038;;1;;;;;;;;
Q25;2014;610780116;610790594;;1;;;;2;1;2;;
Q25;2014;610780199;610000135;;;;;1;;;;;
Q25;2014;610780207;610787061;1;3;;;;;;;;
Q25;2014;610780371;760025734;;;;;;;;4;;
Q25;2014;610780389;610004939;0;1;;;;;1;1;;
Q25;2014;610784050;610780082;;3;1;;;;;;;
Q25;2014;610784423;610787285;4;;;;;;;;;
Q25;2014;620000026;620003814;1;5;;;2;;2;1;;
Q25;2014;620000034;620100057;5;6;;;;1;1;3;;
Q25;2014;620000067;620100081;1;10;;;;;;1;;
Q25;2014;620000117;620100461;;4;;;;;;2;;
Q25;2014;620000224;620100651;7;22;;;;;3;9;;
Q25;2014;620000232;620100669;;;;;;3;1;;;
Q25;2014;620000240;620100677;;;;;;;;6;;
Q25;2014;620000257;620100685;;;;;1;1;;;;
Q25;2014;620000281;620101287;3;22;;;;2;2;1;;
Q25;2014;620000299;620101295;2;15;;;;;;3;;
Q25;2014;620000349;620101360;;;;;;;3;6;;
Q25;2014;620000596;750820680;;;;;;;;2;;
Q25;2014;620000653;620103440;5;9;;;;1;;;;
Q25;2014;620003202;620103432;9;18;;;;;;2;;
Q25;2014;620003350;620001834;4;25;;;;;;;;
Q25;2014;620003376;620001834;21;54;;;1;1;;;;
Q25;2014;620003822;620003814;1;6;;;;;;;;
Q25;2014;620003889;620003848;;1;;;;;;;;
Q25;2014;620024349;620024299;0;0;1;1;0;1;0;0;0;0
Q25;2014;620025346;620001834;19;63;;;;;;;;
Q25;2014;620025387;620025361;;;1;;;;;;;
Q25;2014;620026401;620024158;1;1;;;;;;;;
Q25;2014;620027664;620003814;1;2;;;;;7;4;;
Q25;2014;620100016;750712184;0;0;0;0;0;0;2;0;0;0
Q25;2014;620100099;620014779;;;;;2;2;;;;
Q25;2014;620100495;620000133;;;;;;1;;;;
Q25;2014;620100842;620001834;2;17;;;;;1;1;;
Q25;2014;620106203;620020859;;5;;;;;;;;
Q25;2014;620106625;620020859;1;7;;;;;1;;;
Q25;2014;620117309;620112581;;;;;;2;;;;
Q25;2014;620117606;620020859;1;7;;;;;1;;;
Q25;2014;620118513;620002915;;;;;2;1;;;;
Q25;2014;630000016;630180032;;3;;;;;2;;;
Q25;2014;630000131;630003168;;3;;;1;1;4;2;;
Q25;2014;630000149;630780302;1;8;;;;;2;;;
Q25;2014;630000404;630780989;13;44;;;;;8;3;;
Q25;2014;630000412;630780997;4;14;;;;;1;4;;
Q25;2014;630000420;630781003;;4;;;;;;;;
Q25;2014;630000438;630781011;5;3;0;0;0;0;2;2;0;0
Q25;2014;630000446;630781029;4;5;;;;1;;7;;
Q25;2014;630000479;630781110;3;12;0;0;0;0;0;;0;0
Q25;2014;630000487;630781136;1;1;;;;;1;;;
Q25;2014;630000560;630781367;;;1;11;1;;;;;
Q25;2014;630010296;630001188;1;1;;;;;;;;
Q25;2014;630010510;750043994;;;;;;4;;;;
Q25;2014;630011823;870015336;1;2;;;;;;;;
Q25;2014;630780179;630011534;;;;;;;;1;;
Q25;2014;630780195;630786754;2;2;;;2;;2;8;;
Q25;2014;630780401;630000172;;;;;;3;;;;
Q25;2014;630780526;630009991;;;;;;;;5;;
Q25;2014;630780559;870015336;1;6;;;;;;2;;
Q25;2014;630781268;630780989;1;29;;;;;;;;
Q25;2014;630781755;630011518;;;;;;1;;;;
Q25;2014;630781771;630780989;;1;;;;;;;;
Q25;2014;630781821;750043994;;;;;;1;;;;
Q25;2014;630781839;630000826;;;;;1;2;;;;
Q25;2014;630783348;750050916;1;2;;;;;;;;
Q25;2014;630783538;630780989;1;2;;;;;1;5;;
Q25;2014;630784742;630000990;;1;;;;;;;;
Q25;2014;630785756;630001188;1;6;;;;;;;;
Q25;2014;630790384;630786754;;;;;;;;2;;
Q25;2014;640000162;640780417;0;1;0;0;0;1;3;7;0;0
Q25;2014;640000402;640780813;;2;;;;;;;;
Q25;2014;640000410;640780821;8;16;;;1;;4;2;;
Q25;2014;640000428;640780839;;17;;;;;;;;
Q25;2014;640000436;640780862;;;;;;;6;4;;
Q25;2014;640000600;640781290;23;108;;;1;1;7;12;;
Q25;2014;640003836;640791976;1;3;;;;;;;;
Q25;2014;640007019;640007019;;;;;;1;;1;;
Q25;2014;640015921;640780821;2;4;;;;;;;;
Q25;2014;640017646;640017638;;2;;;;;;;;
Q25;2014;640780185;640000089;3;7;;;;;;;;
Q25;2014;640780482;640012209;;;;;;1;;;;
Q25;2014;640780490;640000212;;;;;;2;;;;
Q25;2014;640780631;640000295;;;;;1;1;;;;
Q25;2014;640780672;640000337;;;;;;1;;;;
Q25;2014;640780748;640000360;;;;;1;;;;;
Q25;2014;640780755;640780417;0;1;0;0;0;0;1;1;0;0
Q25;2014;640780904;750721334;1;;;;;;;1;;
Q25;2014;640780946;640000469;;;;;2;2;;;;
Q25;2014;640781225;640000568;;;;;;3;;;;
Q25;2014;640781340;640000642;1;;;;;;;;;
Q25;2014;640781365;750052292;;;;;;1;;;;
Q25;2014;640784278;640780417;0;0;0;0;0;0;1;3;0;0
Q25;2014;640786281;640791976;1;3;;;;;;;;
Q25;2014;640787149;640001681;;1;;;;;1;1;;
Q25;2014;640787156;640001699;;;;;;;;1;;
Q25;2014;640789624;640016614;1;;;;;;;;;
Q25;2014;640792305;640000626;;;;;;;1;;;
Q25;2014;650000045;650780158;2;2;0;0;0;0;0;0;0;0
Q25;2014;650000052;650780166;1;4;;;;;8;4;;
Q25;2014;650000060;650780174;;1;;;;;;;;
Q25;2014;650000078;650780190;;2;;;;;;;;
Q25;2014;650000417;650783160;1;8;;;1;;7;5;;
Q25;2014;650780141;650783160;;;;;;;;2;;
Q25;2014;650780182;650783160;;;;;;;;4;;
Q25;2014;650780323;650000128;2;1;;;;;;;;
Q25;2014;650780398;750005068;;;;;;1;;;;
Q25;2014;650784218;650780174;3;9;;;;;2;5;;
Q25;2014;650786668;650780166;;;;;;;;2;;
Q25;2014;660000084;660780180;2;9;;;;4;;;;
Q25;2014;660000092;660780198;;1;;;3;1;1;1;;
Q25;2014;660000167;660780271;2;6;0;0;1;0;2;3;0;0
Q25;2014;660000365;660000365;;;;;1;;;;;
Q25;2014;660000605;660786799;1;;;;1;1;1;5;;
Q25;2014;660005166;660786542;1;3;;;1;1;2;3;;
Q25;2014;660006990;340019363;;;;;;;3;3;;
Q25;2014;660007261;340019363;;;;;;;2;;;
Q25;2014;660780172;660786799;;;;;;;;3;;
Q25;2014;660780321;590799730;3;2;;;;;;;;
Q25;2014;660780370;660786799;;;;;;;7;3;;
Q25;2014;660780610;660000274;;;;;;2;;;;
Q25;2014;660780784;660000407;;;;;3;12;1;;;
Q25;2014;660781287;660000621;;;;;;2;;;;
Q25;2014;660790163;660790155;;;;;1;1;;;;
Q25;2014;670000025;670780055;;2;;;1;2;;;;
Q25;2014;670000033;670780063;0;0;0;0;2;0;0;0;0;0
Q25;2014;670000041;670780071;;4;;;;;;1;;
Q25;2014;670000058;670013366;0;3;;;;;1;2;;
Q25;2014;670000157;670780337;;;;;;;8;9;;
Q25;2014;670000165;670780345;0;3;;;;;1;4;;
Q25;2014;670000173;670780352;;3;;;;;1;1;;
Q25;2014;670000215;680000643;4;38;;;;;;;;
Q25;2014;670000249;680000643;;6;;;;;;;;
Q25;2014;670000272;670780543;;3;;;;;1;2;;
Q25;2014;670000306;670780584;;;;;;1;;4;;
Q25;2014;670000348;670780642;;6;;;;;1;2;;
Q25;2014;670000371;670780675;1;5;;;;;;1;;
Q25;2014;670002278;750043994;;;;;;6;;;;
Q25;2014;670013325;670013317;;;;;;1;;;;
Q25;2014;670014992;670780139;1;;;;;;;;;
Q25;2014;670016237;670016211;;3;;;;;1;1;;
Q25;2014;670780121;670013754;2;7;;;;1;;;;
Q25;2014;670780162;670000108;;;;;;;1;;;
Q25;2014;670780170;670000116;;;;;1;;;;;
Q25;2014;670780188;670014604;;;5;3;2;;;;;
Q25;2014;670780212;670014604;;;;;;1;3;7;;
Q25;2014;670780378;670000785;5;17;;;1;;;;;
Q25;2014;670780501;670792415;1;;;;;;;;;
Q25;2014;670780550;670013754;;9;;;;;;;;
Q25;2014;670780592;670013754;;3;;;;;;1;;
Q25;2014;670780600;750050759;;10;;;;;;;;
Q25;2014;670780873;670013754;2;3;;;;;;;;
Q25;2014;670780915;670013754;;5;;;;;;;;
Q25;2014;670781129;670013754;3;5;;;;;;;;
Q25;2014;670783273;670780055;;;;;2;1;;;;
Q25;2014;670792027;670792340;;;;;;;;1;;
Q25;2014;670797539;670014604;;;;;;1;1;3;;
Q25;2014;670798420;670792340;;;;;;;;1;;
Q25;2014;670798636;670014604;;;;;;2;2;1;;
Q25;2014;680000031;680000171;;3;;;;;;;;
Q25;2014;680000122;680000346;;6;;;;;;;;
Q25;2014;680000130;680000353;;3;;;;1;;;;
Q25;2014;680000189;680000643;2;19;;;;;;;;
Q25;2014;680000221;670781293;;1;;;1;;;;;
Q25;2014;680000312;680015963;1;;;;;;;;;
Q25;2014;680000320;680000643;5;23;;;;;2;3;;
Q25;2014;680000494;680000643;5;26;;;;;3;4;;
Q25;2014;680000544;680000395;1;1;0;0;0;2;1;0;0;0
Q25;2014;680000577;680000411;1;;;;1;;;2;;
Q25;2014;680000601;680000437;2;6;;;;;;;;
Q25;2014;680000627;680000486;2;;;;;;;;;
Q25;2014;680000684;680000973;;;;;3;1;;;;
Q25;2014;680000700;680001005;;;;;;;;3;;12
Q25;2014;680000726;680012648;0;1;;;;;;;;
Q25;2014;680000742;680001054;7;9;0;0;0;0;0;0;0;0
Q25;2014;680000767;680001088;;1;;;;1;;;;
Q25;2014;680000833;680001138;;1;;;;;;1;;
Q25;2014;680000874;680001179;2;9;0;0;3;1;0;0;0;0
Q25;2014;680000882;680016011;5;18;;;;;;1;;
Q25;2014;680001195;680016011;12;49;;;;3;1;8;;
Q25;2014;680001237;670013754;2;2;0;0;0;0;0;0;0;0
Q25;2014;680001252;680001112;1;2;;;;;;;;
Q25;2014;680001294;680000890;;;;;;1;;;;
Q25;2014;680001310;670013754;;1;;;;;;;;
Q25;2014;680001617;680016011;;4;;;;;;;;
Q25;2014;680003324;680014495;7;32;;;;;;5;;
Q25;2014;680004546;680000486;5;7;;;3;;;1;;
Q25;2014;690000013;690780036;1;1;;;;;4;2;;
Q25;2014;690000039;690780051;1;4;;;;;1;2;;
Q25;2014;690000047;690780069;;2;;;;;;;;
Q25;2014;690000054;690780077;1;1;;;;;;;;
Q25;2014;690000062;690780085;1;12;;;;;;;1;8
Q25;2014;690000088;690780101;;;;;4;2;;;;
Q25;2014;690000096;690780119;;;;;;;2;2;;
Q25;2014;690000401;920028560;;1;;;;;1;1;;
Q25;2014;690000575;690782222;;;;;;;2;5;;
Q25;2014;690000583;690782230;;1;;;;;3;2;;
Q25;2014;690000591;690782248;1;7;;;;;1;5;;
Q25;2014;690000609;690010749;;2;;;;1;;;;
Q25;2014;690000633;690010749;;2;;;;;;;;
Q25;2014;690000773;690782925;;1;;;;;1;16;;
Q25;2014;690000880;690783220;;;;;2;4;4;3;;
Q25;2014;690001524;690787338;1;1;;;;;;;;
Q25;2014;690002092;010783009;;5;;;;;;;;
Q25;2014;690006721;010783009;1;2;;;;;;;;
Q25;2014;690012109;690027008;0;0;0;0;0;1;0;0;0;0
Q25;2014;690022009;690796552;0;0;0;0;1;0;0;0;0;0
Q25;2014;690022058;690002225;;;;;;1;;;;
Q25;2014;690022959;690000732;;;;;1;1;;;;
Q25;2014;690023239;690000146;;1;;;;;;;;
Q25;2014;690023411;690000252;;;;;2;3;;;;
Q25;2014;690780358;690000195;;;;;1;;;;;
Q25;2014;690780416;690031190;;;;;;1;;;;
Q25;2014;690780499;690000278;;;;;;1;;;;
Q25;2014;690780507;750052276;;;;;;1;;;;
Q25;2014;690780523;750047938;;;;;1;;;;;
Q25;2014;690780648;690036900;;;;;1;3;;;;
Q25;2014;690780655;690000377;;;;;2;1;;;;
Q25;2014;690781737;750721334;;;;;;1;;;;
Q25;2014;690782172;690782172;;;;;;;;1;;
Q25;2014;690783154;690781810;;;;;;2;;;;
Q25;2014;690784137;690781810;;;;;;4;;;;
Q25;2014;690784152;690781810;;;;;;2;;;;
Q25;2014;690784186;690781810;;;;;;2;;;;
Q25;2014;690784244;750721334;0;0;0;0;0;1;0;0;0;0
Q25;2014;690788930;690001623;;;;;1;1;;;1;
Q25;2014;690793468;690002068;;;;;;2;;;;
Q25;2014;690796727;690796727;1;;;;1;3;1;;;
Q25;2014;690801709;690802715;1;6;0;0;0;0;0;0;0;0
Q25;2014;690805361;690805353;;;;;3;3;;;;
Q25;2014;700000011;700780026;;7;;;;1;;2;;
Q25;2014;700000029;700004591;3;23;;;;;1;6;;
Q25;2014;700000045;250006335;;;;;;;;1;;
Q25;2014;700000698;250017803;;;;;;1;;;;
Q25;2014;700780042;250006335;1;7;;;;;2;5;;
Q25;2014;700780059;700004591;2;7;;;;;;1;;
Q25;2014;700780075;700004096;0;3;;;;;;;;
Q25;2014;700780208;700004591;4;5;;;;;;;;
Q25;2014;710010067;710780644;0;1;0;0;0;0;1;0;0;0
Q25;2014;710010786;710781451;;;;;;;8;2;;
Q25;2014;710780917;710000274;;;;;;1;;;;
Q25;2014;710781139;750721334;1;;;;;1;1;3;;
Q25;2014;710781535;210010294;1;3;;;;;;4;;
Q25;2014;710781824;710000464;0;0;0;0;0;1;0;0;0;0
Q25;2014;710972282;710781451;;1;;;;;;;;
Q25;2014;710972365;710780644;;2;;;;;;1;;
Q25;2014;710978107;710781592;;1;;;;;2;;;
Q25;2014;710978123;710781063;;;3;7;;;2;2;;
Q25;2014;710978131;710781089;;1;;;;;;;;
Q25;2014;710978156;710780214;1;2;0;0;0;0;0;0;0;0
Q25;2014;710978164;710780438;;12;;;;;;;;
Q25;2014;710978180;710781360;;6;;;;;;1;;
Q25;2014;710978198;710781386;;1;;;;;;3;;
Q25;2014;710978206;710780156;;4;;;;;;2;;
Q25;2014;710978214;710781345;;2;;;;;;;;
Q25;2014;710978230;710781329;7;19;;;;;3;5;;
Q25;2014;710978248;710781451;;1;;;;;;;;
Q25;2014;710978255;710781568;1;1;0;0;0;0;1;2;0;0
Q25;2014;710978263;710780958;1;3;;;;;12;6;;
Q25;2014;710978271;710781014;;;;;;;;1;;
Q25;2014;710978289;710780263;6;14;;;;;;;;
Q25;2014;710978313;710976705;3;19;;;;1;1;6;;
Q25;2014;710978347;710781204;;;;;;;;2;;
Q25;2014;720000033;720000025;;;;;;;5;10;;
Q25;2014;720000199;720000595;;;;;4;5;;;;
Q25;2014;720000314;720000090;1;;;;;;2;4;;
Q25;2014;720000389;720012749;;3;;;;2;;;;
Q25;2014;720000413;720008390;;;;;2;;;;;
Q25;2014;720000470;610780082;1;1;;;;2;;;;
Q25;2014;720000520;720000140;1;7;;;;;;1;;
Q25;2014;720000819;720002062;2;1;0;0;0;0;0;0;0;0
Q25;2014;720001437;720006022;0;0;;;;;4;3;;
Q25;2014;720001569;720007244;;2;;;;;;2;;
Q25;2014;720005909;720000025;;;;;;;1;;;
Q25;2014;720016179;720016724;1;4;;;;;1;2;;
Q25;2014;720016823;720012749;;;;;;;;1;;
Q25;2014;720017748;720000561;;;;;1;;;;;
Q25;2014;720018100;750720575;;;;;;1;;;;
Q25;2014;730000031;730000015;5;2;;;;2;;;;
Q25;2014;730000080;730780103;;2;;;;;;3;;
Q25;2014;730000304;730780582;;4;;;;;6;5;;
Q25;2014;730004298;730010048;;;;;1;;;;;
Q25;2014;730780459;730000221;;;;;;1;;;;
Q25;2014;730780988;730002698;0;0;0;0;0;1;0;0;0;0
Q25;2014;740000062;740780168;1;4;;;;3;1;1;;
Q25;2014;740000237;740781133;1;0;0;0;1;5;0;1;0;0
Q25;2014;740000302;740781133;0;1;0;0;1;6;0;0;0;0
Q25;2014;740000328;740790381;0;0;0;0;0;4;1;1;0;0
Q25;2014;740000401;740781893;1;;;;;;;1;;
Q25;2014;740001847;740780168;;1;;;;1;;;;
Q25;2014;740014345;740000617;;;;;1;4;;;;
Q25;2014;740014519;750050924;;;;;1;;;;;
Q25;2014;740014683;740780168;;2;;;;;;;;
Q25;2014;740780135;750050924;;;;;1;1;;;;
Q25;2014;740780143;750005068;;;;;;3;;;;
Q25;2014;740780184;750052334;;;;;;1;;;;
Q25;2014;740780192;740780168;3;6;;;;;;;;
Q25;2014;740780416;740000112;0;0;0;0;0;3;0;0;0;0
Q25;2014;740780424;740000120;;;;;1;;;;;
Q25;2014;740780952;740000179;;;;;;1;;;;
Q25;2014;740780986;740000195;;;;1;;2;;;;
Q25;2014;740781141;740790258;;;;;3;3;2;0;;
Q25;2014;740781224;740001839;;1;;;;;1;;;
Q25;2014;750000499;750140014;0;0;0;0;4;0;0;0;0;0
Q25;2014;750000507;750040628;;;;;1;1;;;;
Q25;2014;750000523;750150120;1;22;;;2;5;2;1;;
Q25;2014;750000549;750150229;;;;;3;2;;;;
Q25;2014;750006348;910140011;;;;;;1;;;;
Q25;2014;750023749;750034308;;;;;1;1;;;;
Q25;2014;750038739;750043994;;;;;1;1;;;;
Q25;2014;750039448;750720914;4;2;;;;;1;1;;
Q25;2014;750041543;750712184;0;0;0;0;0;1;0;0;0;0
Q25;2014;750047128;750047110;;;;;;1;;;;
Q25;2014;750051872;750051872;;;;;1;2;;;;
Q25;2014;750052037;750052037;1;9;;;;;;;;
Q25;2014;750100018;750712184;0;0;0;0;0;1;0;0;0;0
Q25;2014;750100042;750712184;0;0;0;0;2;2;5;7;0;0
Q25;2014;750100075;750712184;0;0;0;0;0;3;2;3;0;0
Q25;2014;750100091;750712184;0;0;0;0;0;5;2;6;0;0
Q25;2014;750100109;750712184;0;0;0;0;0;0;3;6;0;0
Q25;2014;750100125;750712184;0;0;0;0;7;5;26;8;0;0
Q25;2014;750100166;750712184;0;0;0;0;2;7;9;7;0;0
Q25;2014;750100208;750712184;0;0;0;0;3;0;7;10;0;0
Q25;2014;750100216;750712184;0;0;0;0;0;0;1;2;0;0
Q25;2014;750100232;750712184;0;0;0;0;2;4;1;0;0;0
Q25;2014;750100273;750712184;0;0;0;0;0;0;3;8;0;0
Q25;2014;750100299;750712184;0;0;0;0;0;1;1;2;0;0
Q25;2014;750150104;750720476;2;2;;;3;3;;;;
Q25;2014;750150146;750720609;1;;;;1;;;;;
Q25;2014;750150237;750006728;1;5;;;;1;;1;;
Q25;2014;750150260;750006728;2;1;;;;;;1;;
Q25;2014;750150286;750015968;;;;;;2;1;;;
Q25;2014;750150302;750806853;;;;;;;1;;;
Q25;2014;750150310;750806853;;;;;;2;;;;
Q25;2014;750150344;750720468;;;;;;2;;;;
Q25;2014;750160012;750813321;0;0;0;0;1;3;0;0;0;0
Q25;2014;750170102;750721391;1;;;;;1;;;;
Q25;2014;750170243;750720922;;;;;;;1;;;
Q25;2014;750300071;750000598;;;;;1;7;;;;
Q25;2014;750300089;750000606;;;;;1;;;;;
Q25;2014;750300121;750052037;;;;;1;2;;;;
Q25;2014;750300139;750000655;;;;;1;1;;;;
Q25;2014;750300154;750000671;;;;;3;4;;;;
Q25;2014;750300360;750026569;;;;;;6;;;;
Q25;2014;750300410;750000770;;;;;;2;;;;
Q25;2014;750300550;750000812;;;;;;1;;;;
Q25;2014;750300592;750000820;;;;;;3;;;;
Q25;2014;750300667;750000838;;;;;;1;;;;
Q25;2014;750300741;750000861;;;;;2;4;;;;
Q25;2014;750300766;750056145;0;0;;;;4;;;;
Q25;2014;750300774;750000895;;;;;;3;;;;
Q25;2014;750300840;750000903;;;;;;2;;;;
Q25;2014;750300915;750000960;;;;;1;;;;;
Q25;2014;750310013;750043994;;;;;;1;;;;
Q25;2014;750710782;750001190;;1;;;;;;;;
Q25;2014;750719361;750719361;;;;;;2;;;;
Q25;2014;750790164;750008310;;;;;;2;;;;
Q25;2014;750801441;750712184;0;0;0;0;1;0;0;2;0;0
Q25;2014;750803447;750712184;0;0;0;0;1;7;4;9;0;0
Q25;2014;750803454;750712184;0;0;0;0;0;6;4;4;0;0
Q25;2014;750806226;750712184;0;0;0;0;0;0;4;1;0;0
Q25;2014;750814824;330030859;;;;;;1;;;;
Q25;2014;750825184;950000760;;;;;;;1;;;
Q25;2014;750826141;750825960;;;;;;1;;1;;
Q25;2014;760000018;760780023;10;2;0;0;0;0;2;3;0;0
Q25;2014;760000026;760780031;;5;;;;;1;;;
Q25;2014;760000034;760780049;2;11;;;;;;3;;
Q25;2014;760000042;760780056;11;41;;;;;2;3;;
Q25;2014;760000059;760780064;0;6;;;;;0;3;;
Q25;2014;760000133;760780213;3;13;;;;;;5;;
Q25;2014;760000158;760780239;35;45;;;1;6;;;;
Q25;2014;760000166;760780247;7;38;;;1;;1;1;;
Q25;2014;760000174;760780254;1;6;;;;;;1;;
Q25;2014;760000182;760780262;3;6;;;;;;1;;
Q25;2014;760000190;760780270;2;7;;;;;0;8;;
Q25;2014;760000356;760780726;0;2;;;;;;;;
Q25;2014;760000364;760780734;4;22;0;0;0;0;3;2;0;0
Q25;2014;760000372;760780742;4;33;;;;;1;1;;
Q25;2014;760000380;760780759;4;15;;;;;1;1;;
Q25;2014;760000398;760780742;;4;;;;;;;;
Q25;2014;760000463;760024042;5;14;;;;2;6;3;;
Q25;2014;760000620;760782227;6;3;;;;;1;;;
Q25;2014;760000802;760782425;2;;;;;;;;;
Q25;2014;760004143;760004143;1;;;;;;;;;
Q25;2014;760021329;760000448;1;2;;;;1;;;;
Q25;2014;760025312;760000315;;;;;3;;;;;
Q25;2014;760780510;760000257;;;;;;4;;;;
Q25;2014;760780676;750808529;;1;;;;;;;;
Q25;2014;760780692;760025734;;3;;;;;;;;
Q25;2014;760780791;760000414;0;;0;;1;2;0;0;0;0
Q25;2014;760780825;760000430;;;;;;1;;1;;
Q25;2014;760781054;930019484;1;;;;;;;;;
Q25;2014;760781070;760780726;;;;;;1;;;;
Q25;2014;760783035;750721334;2;7;;;;;;;;
Q25;2014;760800938;760780023;1;0;0;0;0;0;0;0;0;0
Q25;2014;760805770;760780726;;;;;1;;13;15;;
Q25;2014;760806950;760780734;0;4;0;0;0;0;0;0;0;0
Q25;2014;770000131;770110013;2;8;;;1;3;;;;
Q25;2014;770000149;770110021;5;;;;;;;;;
Q25;2014;770000156;770110054;1;;;;;;;;;
Q25;2014;770000164;770110062;2;26;;;;;;;;
Q25;2014;770000172;770110070;4;9;;;;3;;;;
Q25;2014;770000180;770130011;0;0;0;0;0;0;2;1;0;0
Q25;2014;770000214;770130052;;1;;;;1;1;;;
Q25;2014;770000420;770700029;;2;;;;3;;;;
Q25;2014;770016467;750043994;;;;;;1;;;;
Q25;2014;770019032;770170017;;;;1;4;3;;;;
Q25;2014;770150027;750720575;;3;;;;;;;;
Q25;2014;770150043;750808529;;;;;;1;;;;
Q25;2014;770300135;770000289;;;;;1;;;;;
Q25;2014;770300192;770000313;;;;;1;1;;;;
Q25;2014;770630028;750042590;;;;;;;1;;;
Q25;2014;770700011;750042590;;;;;;1;2;1;;
Q25;2014;770701225;750721334;1;;;;1;2;;;;
Q25;2014;770790707;770000719;;;;;;2;;;;
Q25;2014;780000287;780110011;8;18;;;3;1;5;6;;
Q25;2014;780000295;780002697;1;3;;;;2;5;2;;
Q25;2014;780000303;780110037;5;5;;;;;;;;
Q25;2014;780000311;780001236;;;;;;;3;7;;
Q25;2014;780000329;780110052;;;3;5;;;2;2;;
Q25;2014;780000337;780001236;;;;;;;4;4;;
Q25;2014;780000410;780140059;;;;;;;2;1;;
Q25;2014;780000428;780002697;1;2;;;;1;;;;
Q25;2014;780001657;780530010;;;;;;1;;;;
Q25;2014;780008298;750043994;;;;;1;2;;;;
Q25;2014;780017802;780002010;0;0;0;0;0;1;0;0;0;0
Q25;2014;780018727;780018719;;;;;;1;;;;
Q25;2014;780140018;750005068;;1;;;3;6;2;1;;
Q25;2014;780140042;780017455;1;;;;;;;;;
Q25;2014;780140075;750804114;2;8;;;;;;;;
Q25;2014;780150017;750005068;1;;;;;;1;;;
Q25;2014;780150033;780020715;;;;;1;;;;;
Q25;2014;780170056;780825097;;;;;;1;;;;
Q25;2014;780300075;780000485;;;;;;1;1;;;
Q25;2014;780300208;780000576;;;;;;;1;3;;
Q25;2014;780300406;780018032;;;;;1;4;;;;
Q25;2014;780300414;780000675;;;;;;5;;;;
Q25;2014;780300422;780002259;;;;;;3;;;;
Q25;2014;780700050;780826210;;;;;;1;1;;;
Q25;2014;780800256;780110078;;3;;;;;4;2;;
Q25;2014;780822748;780002697;1;1;;;;;;;;
Q25;2014;790000087;790000012;10;51;;;;1;1;14;;
Q25;2014;790000095;790006654;0;7;0;0;0;0;0;0;0;0
Q25;2014;790000103;790006654;;8;;;;;;;;
Q25;2014;790000111;790000046;1;5;;;;;;1;;
Q25;2014;790000137;790000061;;8;;;;;;;;
Q25;2014;790000145;790000079;;3;;;;;;;;
Q25;2014;790000269;870015336;1;1;;;;;1;;;
Q25;2014;790000681;790002497;1;8;;;2;3;;;;
Q25;2014;790003537;790006654;0;10;;;;;;;;
Q25;2014;790007884;790006654;;2;;;;;;;;
Q25;2014;790008064;790002497;;5;;;;;;;;
Q25;2014;790009369;790006654;;2;;;;;;;;
Q25;2014;790009948;790001242;;;;;1;3;;;;
Q25;2014;790012355;790000012;;4;;;;;;;;
Q25;2014;800000143;800000028;2;7;0;0;0;2;2;3;0;0
Q25;2014;800000184;800000036;1;3;;;;;;;;
Q25;2014;800000192;800000044;3;10;;;;;;;;
Q25;2014;800000200;800000051;5;11;;;;;2;;;
Q25;2014;800000226;800000069;2;13;;;;;1;2;;
Q25;2014;800000275;800000077;1;3;0;0;0;0;0;5;0;0
Q25;2014;800000390;800000085;8;15;;;;;1;;;
Q25;2014;800000432;800000093;9;41;;;;;3;1;;
Q25;2014;800000440;800000085;2;4;;;;;;;;
Q25;2014;800000457;800000119;7;40;0;0;0;0;3;7;0;0
Q25;2014;800000507;800000135;5;12;;;;;1;4;;
Q25;2014;800000614;800000044;;14;;;;;;;;
Q25;2014;800002503;800001141;;;;;;;;4;;
Q25;2014;800002610;800000044;1;;;;;;;;;
Q25;2014;800006124;800000044;8;35;;;;1;;;;
Q25;2014;800009417;800000085;2;4;;;;;;;;
Q25;2014;800016768;800003071;;1;;;;;;;;
Q25;2014;800016776;800000085;;1;;;;;;;;
Q25;2014;810000158;810100099;1;1;;;;;;;;
Q25;2014;810000448;810099945;;1;;;;;;1;;
Q25;2014;810000505;810000331;4;0;0;0;0;2;0;0;0;0
Q25;2014;810000513;810000349;1;;;;;;;;;
Q25;2014;810000521;810000380;2;3;;;;;;;;
Q25;2014;810000539;810000398;1;;;;;;;;;
Q25;2014;810100008;810100008;;;;;;1;7;12;;
Q25;2014;810101170;810101162;;;;;1;3;;;;
Q25;2014;820000032;820000016;10;38;;;;;;;;
Q25;2014;820000057;820000131;;;;;2;1;;;;
Q25;2014;820000420;820000206;1;3;;;;;1;4;;
Q25;2014;820000438;820000214;1;4;;;;;2;1;;
Q25;2014;820000461;820000248;2;8;;;;;;;;
Q25;2014;820002350;820000578;0;0;0;0;1;0;0;0;0;0
Q25;2014;820004067;820000016;;2;;;;;;;;
Q25;2014;830000287;830100525;;;;;1;2;;1;;
Q25;2014;830000295;830100533;1;2;0;0;1;0;4;6;;
Q25;2014;830000311;830100566;;1;;;;;;3;;
Q25;2014;830000345;830100616;10;87;;;;2;15;21;;
Q25;2014;830000600;830101200;0;2;0;0;0;0;8;12;0;0
Q25;2014;830016556;830000451;;1;;;;;;;;1
Q25;2014;830017372;750721235;;;;;;;2;;;
Q25;2014;830100012;750712184;0;0;0;0;2;1;0;0;0;0
Q25;2014;830100103;830000022;;;;;2;5;;;;
Q25;2014;830100319;750052425;;;;;;3;;;;
Q25;2014;830100392;830000154;;;;;;1;;;;
Q25;2014;830100434;830000196;;;;;2;4;;;;
Q25;2014;830100459;830000212;;;;;1;2;;;;
Q25;2014;830100574;750821092;;;;;;3;;;;
Q25;2014;830100608;830100616;6;14;;;;;1;1;;
Q25;2014;830100624;830000352;;;;;;1;;;;
Q25;2014;830100632;250002284;;;;;1;;;;;
Q25;2014;830100681;750005068;;;;;;1;2;4;;
Q25;2014;830100756;750043994;;;1;;;;;;;
Q25;2014;830100764;440052041;;;;;;3;;;;
Q25;2014;830100806;750043994;;;;;;1;;;;
Q25;2014;830100871;830000519;;2;;;;;;;;
Q25;2014;830101010;830000568;;2;;;;;;;;
Q25;2014;830200507;830013678;;;;;;;2;2;;
Q25;2014;830202743;830100616;4;9;;;;;3;2;;
Q25;2014;830207114;830001855;;1;;;;;;;;
Q25;2014;830213880;830100566;;;;;;;;1;;
Q25;2014;840000350;840000657;;;;;2;1;;;;
Q25;2014;840000376;840000038;0;11;0;0;0;0;0;0;0;0
Q25;2014;840000392;840000046;1;20;;;;1;3;2;;
Q25;2014;840000400;840000673;;;;;;1;;;;
Q25;2014;840000434;840000079;;2;;;;;;;;
Q25;2014;840000483;840000087;3;21;;;;;;4;;
Q25;2014;840000491;130041916;;;;;;;3;1;;
Q25;2014;840000517;840000103;;1;;;;;;1;;
Q25;2014;840000525;840000111;;21;;;;;;2;;
Q25;2014;840000533;840000129;4;5;;;;;3;1;;
Q25;2014;840000541;840000137;;;;;1;;7;12;;
Q25;2014;840001861;840006597;24;101;;;;;9;15;;
Q25;2014;840013312;840003685;;;;;;1;;;;
Q25;2014;840014849;750043994;;;;;;1;;;;
Q25;2014;840017172;840017164;0;0;0;0;0;1;0;0;0;0
Q25;2014;850000142;850000019;;;;;1;;;;;
Q25;2014;850000175;850009010;2;2;;;;;;;;
Q25;2014;850000191;850000043;;2;;;;;;;;
Q25;2014;850000209;850000019;;;;;1;;;3;;
Q25;2014;850000233;850009010;;1;;;;;;;;
Q25;2014;850000258;850000092;1;6;;;;;;;;
Q25;2014;850000399;750005068;;4;;;;;;;;
Q25;2014;850000647;850011453;1;;;;;;;;;
Q25;2014;850002130;850007048;;1;;;;;;;;
Q25;2014;850009630;850000035;1;12;;;;;;;;
Q25;2014;860000017;860780048;10;43;;;1;;;;;
Q25;2014;860000025;860013382;8;17;;;1;;3;6;;
Q25;2014;860000033;860013382;5;16;;;;;;5;;
Q25;2014;860000058;860780097;1;22;;;1;;1;1;;
Q25;2014;860000223;860013077;16;92;;;4;6;9;9;;
Q25;2014;860009208;860009158;;;1;;;;;;;
Q25;2014;860011014;860013077;2;;;;;;1;;;
Q25;2014;860780436;870015336;2;;;;;;;;;
Q25;2014;860785682;860013382;1;2;;;;;0;1;;
Q25;2014;860793405;860793397;;1;;;;;;;;
Q25;2014;870000064;870000015;;;;;1;1;2;14;;
Q25;2014;870000171;870015336;2;2;;;;;;;;
Q25;2014;870000270;870000031;7;34;;;;;;5;;
Q25;2014;870000288;870017415;;;;;2;1;;;;
Q25;2014;870000403;870014503;1;2;;;;;;1;;
Q25;2014;870000411;870017415;;;;;;1;;;;
Q25;2014;870000551;870014503;1;3;;;;;1;1;;
Q25;2014;870000601;870014248;4;5;;;;;6;6;;
Q25;2014;870001567;870014503;1;2;;;;;1;;;
Q25;2014;870002516;870000023;;2;;;;;;;;
Q25;2014;870003514;870000015;1;5;;;;;1;1;;
Q25;2014;870005931;870000023;;1;;;;;;1;;
Q25;2014;870006137;870002466;1;1;;;5;1;5;18;;
Q25;2014;870008042;870000015;;7;;;;;1;3;;
Q25;2014;870014859;870000015;;;;;;;;2;;
Q25;2014;880000021;880007059;0;0;0;0;2;0;0;0;0;0
Q25;2014;880000039;880780069;1;;;;;;;;;
Q25;2014;880000047;880780077;1;2;;;2;;;4;;
Q25;2014;880000062;880780093;0;0;0;0;0;0;1;1;0;0
Q25;2014;880000070;880007299;1;;;;1;;;1;;
Q25;2014;880000088;880780119;5;6;;;;;11;4;;
Q25;2014;880000104;880780259;;;;;;;;2;;
Q25;2014;880000138;880006325;2;22;;;;;1;7;;
Q25;2014;880000146;880780291;;2;;;;;;1;;
Q25;2014;880000153;880780309;;3;;;;;;;;
Q25;2014;880000187;880780333;1;;;;;;;3;;
Q25;2014;880000195;880780341;;2;;;;;;;;
Q25;2014;880000336;880007059;0;0;0;0;2;0;0;0;0;0
Q25;2014;880786645;880780077;1;1;;;;;;;;
Q25;2014;880788591;880780150;;;;1;;1;;;;
Q25;2014;890000250;750721334;;2;;;;;;;;
Q25;2014;890000292;890006315;;;;;;;1;;;
Q25;2014;890000300;890000193;1;;;;;;1;;;
Q25;2014;890000326;890008105;3;4;;;;;;;;
Q25;2014;890971583;890000417;;;;;;;;2;;
Q25;2014;890975501;890000466;;;;;;;;2;;
Q25;2014;890975519;890000052;;3;;;1;1;3;1;;
Q25;2014;890975527;890000037;;4;;;;;5;2;;
Q25;2014;890975535;890000409;2;1;;;;;1;1;;
Q25;2014;890975543;890000417;1;;;;;;1;5;;
Q25;2014;890975550;890970569;;5;;;;;;5;;
Q25;2014;890975568;890000433;;1;;;1;;;;;
Q25;2014;900000167;900000365;4;18;;;;;;;;
Q25;2014;900000647;900004698;4;23;;;;;;7;;
Q25;2014;900002429;700004096;;2;;;;;;;;
Q25;2014;900003070;900000365;0;1;;;;;;;;
Q25;2014;910000272;910110014;8;8;;;;;;;;
Q25;2014;910000280;910019447;;;;;;;4;3;;
Q25;2014;910000298;910110055;;1;;;;4;;;;
Q25;2014;910000322;910140011;;;;;;1;;;;
Q25;2014;910000330;910140029;;3;;;;;;;;
Q25;2014;910001973;910019447;2;8;;;;;3;2;;
Q25;2014;910009349;940000060;;;;;;1;;;;
Q25;2014;910015965;750043994;;;;;;1;;;;
Q25;2014;910019298;940110042;;1;;;;;;;;
Q25;2014;910020254;910002773;12;6;;;1;1;;;;
Q25;2014;910100015;750712184;0;0;0;0;0;1;0;0;0;0
Q25;2014;910100023;750712184;0;0;0;0;2;1;0;0;0;0
Q25;2014;910140037;750720914;1;;;;;;1;;;
Q25;2014;910150028;750811184;;;;;1;1;;;;
Q25;2014;910150077;750720575;;;;;;;1;2;;
Q25;2014;910300029;910000355;;;;;;1;;;;
Q25;2014;910300045;910002419;;;;;;1;;;;
Q25;2014;910300177;910000462;;;;;1;;;;;
Q25;2014;910300219;910003888;;;;;1;3;;;;
Q25;2014;910300276;910019702;;;;;;1;;;;
Q25;2014;910300300;910000538;;;;;;2;;;;
Q25;2014;910300359;910000587;;;;;;;;1;;
Q25;2014;910310010;750052326;;;;;;2;;;;
Q25;2014;910310028;750043994;;;;;;3;;;;
Q25;2014;910803543;910017615;0;0;0;0;2;7;0;0;0;0
Q25;2014;910805357;910001643;;;;;;1;;;;
Q25;2014;910811322;830013678;;;;;;;2;2;;
Q25;2014;920000460;750813321;0;0;0;0;0;1;0;0;0;0
Q25;2014;920000569;920026374;0;0;0;0;1;1;0;0;0;0
Q25;2014;920000577;920110020;4;3;;;2;2;2;7;;
Q25;2014;920000585;920026374;0;0;0;0;0;1;0;0;0;0
Q25;2014;920000601;920110053;1;;;;;;;;;
Q25;2014;920000627;920009909;;;;;;1;;;;
Q25;2014;920000635;920150026;0;1;0;0;0;0;0;0;0;0
Q25;2014;920000650;920150059;;;;;3;9;5;7;;
Q25;2014;920000684;920150091;1;;;;2;5;;;;
Q25;2014;920001096;920001096;;;;;1;1;;;;
Q25;2014;920001369;920710654;1;;;;;;;;;
Q25;2014;920002177;920804465;;;;;;;4;4;;
Q25;2014;920005238;750043994;;;;;1;3;;;;
Q25;2014;920007408;950140012;;;;;;;1;;;
Q25;2014;920007549;920007499;;;;;1;1;;;;
Q25;2014;920016698;930019484;0;0;0;0;0;1;0;0;0;0
Q25;2014;920100013;750712184;0;0;0;0;0;0;3;7;0;0
Q25;2014;920100039;750712184;0;0;0;0;1;0;13;10;0;0
Q25;2014;920100047;750712184;0;0;0;0;0;1;0;0;0;0
Q25;2014;920100054;750712184;0;0;0;0;2;1;2;1;0;0
Q25;2014;920100062;750712184;0;0;0;0;0;0;1;1;0;0
Q25;2014;920120011;750821092;;;;;;3;;;;
Q25;2014;920140027;750720575;1;0;0;0;0;0;0;0;0;0
Q25;2014;920150018;750720492;;;;;;1;;1;;
Q25;2014;920170081;750721391;;;;;;1;;;;
Q25;2014;920300191;920000767;;;;;1;3;;;;
Q25;2014;920300464;910014919;;1;;;;1;;;;
Q25;2014;920300597;920000940;0;1;0;0;0;0;0;0;0;0
Q25;2014;920300712;920810736;;;;;;1;;;;
Q25;2014;920300753;920810736;;;;;1;15;;;;
Q25;2014;920300761;920000973;;;;;;4;;;;
Q25;2014;920300787;920000981;;;;;2;13;;;;
Q25;2014;920300886;750043994;;;;;1;;;;;
Q25;2014;920300985;920810330;;;;;;;5;6;;
Q25;2014;920310034;920001088;;;;;;1;;;;
Q25;2014;920600012;750042590;;;;;;;;1;;
Q25;2014;920803798;920002037;0;0;0;1;0;0;0;0;0;0
Q25;2014;920811635;780140059;;;;;;;;1;;
Q25;2014;930000286;930021480;;;;;1;5;;;;
Q25;2014;930000328;930110051;4;3;;;2;1;15;18;;
Q25;2014;930000344;930140025;;;;;;;;3;;
Q25;2014;930006648;750721235;;;;;;1;;;;
Q25;2014;930011788;930017199;;;;;;1;;;;
Q25;2014;930017512;930019948;;;;;1;1;;;;
Q25;2014;930019203;750043994;;;;;;1;;;;
Q25;2014;930020920;750043408;;;;;;2;;;;
Q25;2014;930021001;440052041;;0;;;;1;;;;
Q25;2014;930023692;750043994;;;;;;1;;;;
Q25;2014;930100011;750712184;0;0;0;0;1;0;0;0;0;0
Q25;2014;930100037;750712184;0;0;0;0;2;3;1;0;0;0
Q25;2014;930100045;750712184;0;0;0;0;0;0;15;9;0;0
Q25;2014;930150057;750808529;;;;;;;1;;;
Q25;2014;930300025;930000393;;;;;2;1;;;;
Q25;2014;930300066;930000401;;;;;;1;;;;
Q25;2014;930300116;930000427;;;;;1;3;;;;
Q25;2014;930300264;930000492;;;;;;3;;;;
Q25;2014;930300553;930000633;;;;;1;2;;;;
Q25;2014;930300595;930000658;;;;;3;3;;;;
Q25;2014;930300645;930000682;;;;;;2;;;;
Q25;2014;930600010;750042590;;;;;;;;1;;
Q25;2014;930706239;930110051;;2;;;;1;2;5;;
Q25;2014;940000573;940110018;3;2;;;;;;;;
Q25;2014;940000599;940110042;6;21;;;3;1;7;25;;
Q25;2014;940000607;940140015;0;1;0;0;0;0;2;3;0;0
Q25;2014;940000615;940140023;;2;;;1;;;1;;
Q25;2014;940000649;940150014;;;;;;;3;8;;
Q25;2014;940000664;940160013;;;;;4;22;4;2;;
Q25;2014;940006679;940017338;;;;;1;2;;;;
Q25;2014;940016868;940016819;2;0;0;0;1;5;0;0;0;0
Q25;2014;940100027;750712184;0;0;0;0;4;8;11;7;0;0
Q25;2014;940100035;750712184;0;0;0;0;0;2;0;2;0;0
Q25;2014;940100043;750712184;0;0;0;0;5;4;2;3;0;0
Q25;2014;940100050;750712184;0;0;0;0;1;4;1;1;0;0
Q25;2014;940120017;750821092;;;;;;2;;;;
Q25;2014;940300031;940000706;;;;;1;;;;;
Q25;2014;940300270;940000771;;;;;1;2;;;;
Q25;2014;940300379;940000805;;;;;;1;;;;
Q25;2014;940300445;940000854;;;;;;2;;;;
Q25;2014;940300551;940000912;;;;;;1;;;;
Q25;2014;940310014;940000979;;;;;2;1;;;;
Q25;2014;940700032;940001027;;;;;;1;1;;;
Q25;2014;940812506;940110042;;3;;;;;;;;
Q25;2014;940813033;940001894;;;;;;6;;;;
Q25;2014;940813090;750043994;;;;;;1;;;;
Q25;2014;950000307;950110015;13;7;0;0;1;0;0;0;0;0
Q25;2014;950000315;950001370;5;12;;;;;;;;
Q25;2014;950000323;950013870;;10;;;;;8;5;;
Q25;2014;950000331;950110049;;3;;;1;1;;3;;
Q25;2014;950000356;950013870;;;;;;;2;;;
Q25;2014;950000364;950110080;7;10;;;;;;;;
Q25;2014;950000398;950140012;;;;;;;3;2;;
Q25;2014;950000406;950150037;;;;;;1;;;;
Q25;2014;950002568;750043994;;;;;;3;;;;
Q25;2014;950150011;940016249;;13;;;;;;;;
Q25;2014;950170019;950003319;;;;;;;1;1;;
Q25;2014;950300152;750052227;;;;;1;;;;;
Q25;2014;950300277;950000547;;;;;2;14;;;;
Q25;2014;950300301;950000562;;;;;1;4;;;;
Q25;2014;950300376;750043994;;;;;;1;;;;
Q25;2014;950420042;750043994;;;;;;1;;;;
Q25;2014;950630012;750721334;0;2;0;0;1;3;0;6;0;0
Q25;2014;950700021;950000760;;;;;;;;1;;
Q25;2014;950807982;950001636;;;;;1;3;;;;
Q25;2014;970100129;970100350;;1;;;;;;;;
Q25;2014;970100137;970100368;;;;2;;1;1;;;
Q25;2014;970100400;970100186;;;;2;;;;;;
Q25;2014;970100418;970100194;0;0;0;0;0;0;2;1;0;0
Q25;2014;970100426;970100202;;;;;;;1;1;;
Q25;2014;970100459;970100244;;;;;;;1;1;;
Q25;2014;970100475;970100277;0;0;0;0;0;0;1;2;0;0
Q25;2014;970100483;970100285;;;;;;;;1;;
Q25;2014;970102596;970100491;;;;;;4;;;;
Q25;2014;970104477;970104451;;;;;;2;;;;
Q25;2014;970108957;970108932;;;;;;1;;;;
Q25;2014;970111217;970111209;;;;;;1;;;;
Q25;2014;970200044;970202164;;;;;2;;;;;
Q25;2014;970200069;970202180;0;1;0;0;0;0;0;0;0;0
Q25;2014;970200077;970202198;;2;;;;;;;;
Q25;2014;970203493;970200457;;;1;;;1;;;;
Q25;2014;970211165;970211157;;;;;3;;;;;
Q25;2014;970300026;970302022;0;0;0;0;0;0;14;17;0;0
Q25;2014;970300083;970302121;0;0;0;0;0;0;1;1;0;0
Q25;2014;970300265;750721334;;;1;;1;;;;;
Q25;2014;970400016;970411005;8;5;0;0;0;0;3;3;0;0
Q25;2014;970400024;970408589;25;12;0;0;1;3;24;12;0;0
Q25;2014;970400057;970408589;0;0;6;7;0;0;6;2;0;0
Q25;2014;970400065;970421038;6;8;0;0;1;2;0;0;0;0
Q25;2014;970406245;970406237;;;;1;;;;;;
Q25;2014;970423000;970430906;;;;1;;2;;;;
Q25;2014;970466751;970400446;;;;;;;;1;;
Q25;2014;980500011;980500003;;;;;;;8;2;;
