BOR;AN;FI;FI_EJ;TELEMED_A1;TELEMED_B1;TELEMED_A2;TELEMED_B2;TELEMED_A3;TELEMED_B3;TELEMED_A4;TELEMED_B4;TELEMED_A5;TELEMED_A6;TELEMED_B6;NEPHRO_A;NEPHRO_B;NEPHRO_C;NEPHRO_D;NEURO_A;NEURO_B;NEURO_C;NEURO_D;RADIO_A;RADIO_B;RADIO_C;RADIO_D;CARDIO_A;CARDIO_B;CARDIO_C;CARDIO_D;DIABETE_A;DIABETE_B;DIABETE_C;DIABETE_D;DERMATO_A;DERMATO_B;DERMATO_C;DERMATO_D;PSY_A;PSY_B;PSY_C;PSY_D;GER_A;GER_B;GER_C;GER_D;MRARE_A;MRARE_B;MRARE_C;MRARE_D;AUTRE_A;AUTRE_B;AUTRE_C;AUTRE_D
TELEMED;2014;010000024;010780054;1;0;0;1;0;0;0;0;01/03/2010;0;;;;;;1;1;;;;;1;3;;;;;;;;;;;;;;;;;;;;;;;;;;;;
TELEMED;2014;010000214;010007987;0;0;0;1;0;0;0;0;;0;;;;;;;;;;;;1;;;;;;;;;;;;;;;;;;;;;;;;;;;;;
TELEMED;2014;010005239;010008407;0;0;1;1;0;0;0;0;01/07/2014;0;;0;;0;;;;1;1;0;;0;;0;;0;;0;;0;;0;;0;;0;;0;;;;;;0;;0;;;;;
TELEMED;2014;010006526;690796552;1;0;0;1;1;0;1;0;29/12/2011;0;;1;3;0;;0;;0;;0;;0;;0;;0;;0;;0;;0;;0;;0;;0;;0;;0;;0;;0;;;;;
TELEMED;2014;020000089;020000022;0;0;0;1;0;0;0;0;;0;;0;;0;;0;;0;;0;;1;3;0;;0;;0;;0;;0;;0;;0;;0;;0;;0;;0;;0;;;;;
TELEMED;2014;020000162;020000063;0;0;1;0;0;0;0;0;01/01/2013;0;;0;;0;;0;;0;;1;3;0;;0;;0;;0;;0;;0;;0;;0;;0;;0;;0;;0;;0;;;;;
TELEMED;2014;020000535;020000287;0;0;0;1;0;0;0;0;;0;;0;;;;0;;;;0;;;;0;;;;0;;;;0;;;;0;;;;0;;;;0;;;;;;oncologie médicale et neurochirurgie;2
TELEMED;2014;020001061;020004404;0;1;0;0;0;0;0;0;19/12/2014;0;;0;;0;;0;;0;;0;;1;2;0;;0;;0;;0;;0;;0;;0;;0;;0;;0;;0;;0;;;;;
TELEMED;2014;030000061;030780092;1;1;1;0;0;0;0;0;01/01/2013;0;;0;;0;;0;;0;;0;;0;;0;;0;;0;;0;;0;;0;;1;2;0;;1;1;0;;0;;0;;Pneumologie, anesthésie, oncologie;2;;
TELEMED;2014;030000079;030780100;0;0;0;1;0;0;0;0;;;;0;;0;;0;;1;2;0;;;;0;;;;0;;0;;0;;0;;0;;0;;0;;0;;0;;0;;;;Neurochirugie;2
TELEMED;2014;030000087;030780118;0;1;0;1;1;0;0;0;;0;;1;3;;;;;1;3;;;1;3;;;;;;;;;;;;;;;;;;;;;;;;;;;;
TELEMED;2014;030002208;030002158;0;1;0;1;0;0;0;0;01/01/2014;0;;;;;;;;;;;;;;;;;;;;;;;;;;;;1;1;;;;;;;;;;;;
TELEMED;2014;040003113;330029208;1;0;0;0;1;1;0;0;19/10/2012;0;0;1;2;0;;0;;0;;0;;0;;0;;0;;0;;0;;0;;0;;0;;0;;0;;0;;0;;0;;;;;
TELEMED;2014;040784860;330029208;0;1;0;0;0;1;0;0;19/10/2012;0;0;1;2;1;2;0;;0;;0;;0;;0;;0;;0;;;;0;;0;;0;;0;;0;;0;;;;0;;;;;
TELEMED;2014;040787541;330029208;1;1;0;0;1;1;0;0;19/10/2012;0;0;1;2;0;;0;;0;;0;;0;;0;;0;;0;;0;;0;;0;;0;;0;;0;;0;;0;;0;;;;;
TELEMED;2014;050000231;050000116;0;1;0;0;0;0;0;0;01/06/2014;0;;;;;;;;;;;;1;3;;;;;;;;;;;;;;;;;;;;;;;;;;;;
TELEMED;2014;060000163;060780327;1;1;1;1;0;0;0;0;01/01/2008;0;;;;;;;;;;;;;;;;;;;;;;;;;;1;1;1;1;;;;;;;;;;;;
TELEMED;2014;060000304;060780657;0;1;0;0;0;0;0;0;01/01/2009;0;;;;;;;;;;;;;;;;;;;;;;;;;;;;;;;;1;2;;;;;;;;
TELEMED;2014;060000536;060006889;0;1;0;1;0;0;0;0;11/11/2004;0;;;;;;;;;;;;;;;;;;;;;;;;1;1;;;1;1;;;;;;;;;;;;
TELEMED;2014;060780491;060790797;0;0;0;1;0;0;0;0;01/01/2014;0;;0;;0;;0;;0;;0;;0;;0;;0;;0;;0;;0;;0;;0;;0;;0;;0;;0;;0;;Neurochirurgie;1;Neurochirurgie;1
TELEMED;2014;060785003;060785011;0;0;1;0;1;1;0;0;12/12/2012;1;0.6;;;;;;;;;;;;;;;;;;;;;;;;;;;;;;;;;;;;;;;;
TELEMED;2014;060788957;060785011;1;0;1;0;1;1;0;0;12/12/2004;0;;0;;0;;0;;0;;0;;0;;0;;0;;1;1;0;;0;;0;;1;1;0;;1;1;0;;0;;0;;;1;;
TELEMED;2014;060794013;060790797;0;0;1;0;1;0;0;0;01/01/2014;0;;;;;;;;;;;;;;1;2;;;;;;;;;;;;;;;;;;;;;;;;;;
TELEMED;2014;070000013;070002878;0;1;1;0;0;0;0;0;01/03/2014;0;;0;;0;;0;;0;;1;3;0;;0;;1;1;0;;0;;0;;0;;0;;0;;0;;0;;0;;0;;;;;
TELEMED;2014;070000179;070780358;0;0;0;1;0;0;0;0;;0;;;;;;;;1;2;;;1;3;;;;;;;;;;;;;;;;;;;;;;;;;;;;
TELEMED;2014;080000110;080000037;0;0;1;1;0;0;0;0;11/03/2002;0;;0;;0;;0;;0;;0;3;1;3;0;;0;;0;;0;;0;;0;;0;;0;;0;;0;;0;;0;;;;;
TELEMED;2014;080000219;080001969;0;0;1;1;0;0;0;0;01/03/2008;0;;0;;0;;0;;1;2;1;3;0;;0;;0;;0;;0;;0;;0;;0;;0;;0;;0;;0;;0;;;;oncologie;1
TELEMED;2014;080000276;080001969;0;0;0;1;0;0;0;0;01/03/2008;0;;0;;0;;0;;0;;0;;1;;0;3;0;;0;;0;;0;;0;;0;;0;;0;;0;;0;;0;;;;;
TELEMED;2014;080000425;080000615;0;0;1;1;0;0;0;0;15/09/2008;0;;0;;0;;0;;1;3;1;3;1;3;0;;1;3;0;;0;;0;;0;;0;;0;;0;;0;;0;;0;;;;Pédiatrie, Rhumatologie,oncologie;
TELEMED;2014;090000175;090781774;0;0;1;1;0;0;0;0;;;;0;;0;;0;;1;2;1;3;;;0;;1;2;;;;;;;;;;;;;;;1;3;;;;;;;;
TELEMED;2014;090000183;090781816;1;0;1;1;0;1;0;0;01/05/2011;1;0.3;0;;0;;0;;1;2;0;;1;2;0;;0;;0;;0;;0;;0;;0;;0;;0;;0;;0;;0;;Plaie et cicatrisation et Géronto-Psychiatrie;2;;
TELEMED;2014;090001629;090780107;0;0;0;1;0;1;0;0;01/10/2013;0;;;;;;;;;;;;1;3;;;;;;;;;;;;;;;;;;;;;;;;;;;;
TELEMED;2014;090002478;090002429;0;1;0;1;0;0;0;0;01/05/2011;0;;;;0;;;;0;;;;0;;;;0;;;;0;;;;0;;;;0;;;;1;1;;;0;;;;Plaies et cicatrisation-Douleur-Gérontopsychiatrie;1
TELEMED;2014;100000090;100000017;0;1;1;1;0;1;0;1;30/09/2013;1;;0;;0;;0;;1;2;1;2;0;;0;;0;;0;;0;;0;;0;;0;;0;;0;;0;;0;;0;;;;;
TELEMED;2014;110000023;110780061;0;0;0;1;0;0;0;0;01/01/2000;0;;0;;0;;0;;0;;0;;0;;0;;0;;0;;0;;0;;0;;0;;0;;0;;0;;0;;0;;;;gyénco-obst;2
TELEMED;2014;110000049;110780087;0;0;0;1;0;0;0;0;15/12/2013;0;;0;;0;;0;;0;;0;;1;3;0;;0;;0;;0;;0;;0;;0;;0;;0;;0;;0;;0;;;;;
TELEMED;2014;110780194;110000080;0;1;0;0;0;0;0;0;17/12/2014;0;;0;;0;;0;;0;;0;;0;;0;;0;;0;;0;;0;;0;;0;;0;;0;;0;;0;;0;;;;PLAIE CICATRISATION;1
TELEMED;2014;120000054;120780069;0;0;0;1;0;0;0;0;23/05/2000;0;;0;;0;;0;;0;;0;;0;;0;;0;;0;;0;;0;;0;;0;;0;;0;;0;;0;;0;;;;neurochirurgie;1
TELEMED;2014;120001748;340000264;1;1;0;0;1;1;0;0;;0;;1;1;1;1;;;;;;;;;;;;;;;;;;;;;;;;;;;;;;;;;;;;
TELEMED;2014;120004569;120004528;0;1;0;1;0;0;0;0;01/01/2011;0;;0;;0;;0;;1;2;1;;1;3;0;;0;;0;;0;;0;;0;;0;;0;;0;;0;;0;;0;;;;;
TELEMED;2014;120004668;120004619;0;0;0;1;0;1;0;0;01/01/2008;0;;0;;0;;0;;1;2;0;;1;3;0;;0;;0;;0;;0;;0;;0;;0;;0;;0;;0;;0;;;;;
TELEMED;2014;120780135;120000104;0;0;1;1;0;0;0;0;01/12/2012;0;;0;;0;;0;;0;;0;;0;;0;;0;;0;;0;;0;;0;;1;2;1;2;1;2;1;2;0;;0;;;;;
TELEMED;2014;130001225;130782634;0;0;0;1;0;0;0;0;;;;0;;;;0;;0;;0;;0;;0;;;;;;;;;;;;;;;;;;;;;;;;Neurochirurgie;;;
TELEMED;2014;130001647;130784127;0;0;1;1;0;0;0;0;;1;1.55;0;;0;;0;;0;;0;;0;;0;;0;;0;;0;;0;;0;;0;;0;;0;;0;;0;;0;;cancérologie;2;cancérologie;2
TELEMED;2014;130806078;130016058;1;1;0;0;1;1;1;1;01/07/2013;0;;1;3;1;3;0;;0;;0;;0;;0;;0;;0;;0;;0;;0;;0;;0;;0;;0;;0;;0;;;;;
TELEMED;2014;140000027;140000035;0;0;1;1;1;0;0;0;18/08/2010;0;;0;;0;;1;3;1;3;1;3;1;3;0;;1;3;0;;0;;0;;0;;0;;0;;0;;1;2;0;;;;cardiologie;2;;
TELEMED;2014;140000076;140000084;0;0;0;1;0;0;0;0;;0;;0;;0;;0;;0;;0;;1;3;0;;0;;0;;0;;0;;0;;0;;0;;0;;0;;0;;0;;;;;
TELEMED;2014;140000209;140000100;1;0;1;0;1;0;1;0;06/06/2006;1;;0;;0;;1;3;0;;1;3;0;;1;3;0;;1;3;0;;0;;0;;0;;0;;0;;0;;0;;0;;Voir commentaire;;;
TELEMED;2014;140000233;140000118;1;0;0;1;0;0;0;0;01/07/2011;0;;0;;0;;0;;1;1;1;3;1;3;0;;0;;0;;0;;0;;0;;0;;0;;0;;0;;0;;0;;;;;
TELEMED;2014;140004383;140000100;1;0;1;0;1;0;1;0;06/06/2006;0;;0;;0;;0;;0;;0;;0;;0;;0;;0;;0;;1;3;0;;0;;0;;0;;0;;0;;0;;;;;
TELEMED;2014;140015975;310021092;0;1;0;0;0;1;0;0;25/07/2014;0;;;;;;;;;;;;;;;;;;;;;;;;1;1;;;;;;;;;;;;;;;;
TELEMED;2014;140016155;140027426;0;1;0;0;0;1;0;0;01/01/2012;0;;;;;;;;;;;;;;;;;;;;;;;;1;1;;;;;;;;;;;;;;;;
TELEMED;2014;140016759;140003146;0;0;1;0;0;0;0;0;01/12/2014;0;;0;;0;;0;;0;;1;2;0;;0;;0;;0;;0;;0;;0;;0;;0;;0;;0;;0;;0;;Cancérologie;2;;
TELEMED;2014;140018730;140000423;0;0;1;1;0;0;0;0;01/12/2014;0;;0;;0;;0;;0;;0;;1;2;0;;0;;0;;0;;0;;0;;0;;0;;0;;0;;0;;0;;Cancérologie;2;Cancérologie;2
TELEMED;2014;140025255;310020383;0;1;0;0;0;0;0;1;06/10/2014;0;;0;;0;;0;;0;;0;;0;;1;1;0;;1;1;0;;1;1;1;1;0;;0;;0;;0;;0;;0;;plaies /pansements;1;domoplaie;1
TELEMED;2014;140026410;140026279;0;0;0;1;1;1;0;0;01/01/2008;0;;0;;0;;0;;0;;0;;1;2;1;;0;;0;;0;;0;;0;;0;;0;;0;;0;;0;;0;;;;Neurochirurgie;2
TELEMED;2014;150000032;150780088;0;0;0;1;0;0;0;0;;;;;;;;;;;;;;;;;;1;3;;;;;;;;;;;;;;;;;;;;;;;neurochirurgie;2
TELEMED;2014;150000040;150780096;1;0;1;0;0;0;0;0;19/11/2014;0;;0;;;;0;;;;1;;;;0;;;;0;;;;1;2;;;0;;;;0;;;;0;;;;;;;
TELEMED;2014;150000164;150780468;0;1;0;0;0;0;0;0;;0;;;;;;;;;;;;;;;;;;;;;;;;;;;;;;;;;;;;;;;;;
TELEMED;2014;150000180;150780500;0;0;0;1;0;0;0;0;;0;;0;;0;;0;;0;;0;;1;2;0;;0;;0;;0;;0;;0;;0;;0;;0;;0;;0;;0;;;;;
TELEMED;2014;150002608;660006370;0;1;0;1;0;1;0;0;01/10/2014;1;0.2;;;0;;;;0;;;;0;;;;1;1;;;0;;;;1;2;;;0;;;;0;;;;0;;;;;
TELEMED;2014;150780120;150000065;0;0;0;0;0;1;0;0;01/01/2013;1;0.5;;;;;;;;;;;1;3;;;;;;;;;;;;;;;;;;;;;;;;;;;;
TELEMED;2014;160000253;160000451;0;0;1;0;1;0;1;0;01/01/2005;0;;;;;;;;;;1;3;;;;;;;;;;;;;;;;;;;;;;;;;;;;;;
TELEMED;2014;160000337;160000493;0;0;0;1;0;0;0;0;31/03/2014;0;;0;;0;;0;;0;;0;;1;2;0;;0;;0;;0;;0;;0;;0;;0;;0;;0;;0;;0;;;;;
TELEMED;2014;170000095;170780167;0;0;1;1;0;0;0;0;01/04/2014;0;;0;;0;;0;;0;;1;3;1;3;0;;0;;0;;0;;0;;0;;0;;0;;0;;0;;0;;0;;;;;
TELEMED;2014;170000129;170780191;0;0;0;1;0;0;0;0;;0;;0;;0;;0;;0;;0;;1;3;0;;0;;0;;0;;0;;0;;0;;0;;0;;0;;0;;0;;;;;
TELEMED;2014;170000152;170780225;0;0;0;1;0;0;0;0;;;;0;;0;;0;;0;;0;;0;;0;;0;;0;;0;;0;;0;;0;;0;;0;;0;;0;;0;;;;neurochir et hématologie;2
TELEMED;2014;170022818;170022057;0;0;0;1;0;0;0;0;01/07/2013;0;;0;;0;;0;;0;;0;;1;3;0;;0;;0;;0;;0;;0;;0;;0;;0;;0;;0;;0;;;;;
TELEMED;2014;170780621;170000285;0;0;0;1;0;0;0;0;01/07/2013;0;;0;;0;;0;;0;;0;;1;3;0;;0;;0;;0;;0;;0;;0;;0;;0;;0;;0;;0;;;;;
TELEMED;2014;180000010;180000028;1;0;0;0;0;0;0;0;01/01/2014;0;;0;;0;;0;;0;;0;;0;;0;;0;;1;;0;;1;;0;;0;;0;;0;;0;;0;;0;;Médecine interne;;;
TELEMED;2014;180000176;180001158;1;0;0;0;0;0;0;0;18/06/2014;0;;;;;;;;;;;;;;;;;;;;;;;;;;1;1;;;;;;;;;;;;;;
TELEMED;2014;180000200;180000051;0;0;0;0;0;1;0;0;;0;;0;;0;;0;;0;;0;;1;3;0;;0;;0;;0;;0;;0;;0;;0;;0;;0;;0;;0;;;;;
TELEMED;2014;180000283;180000069;0;0;0;0;0;1;0;0;14/12/2009;0;;0;;0;;0;;0;;0;;1;3;0;;0;;0;;0;;0;;0;;0;;0;;0;;0;;0;;0;;;;;
TELEMED;2014;190000018;190000042;1;1;1;1;0;0;0;0;01/01/2006;0;;0;;0;;0;;1;3;1;3;0;;0;;0;;0;;0;;0;;0;;0;;0;;0;;0;;0;;0;;;;;
TELEMED;2014;190000026;190000059;0;0;0;0;1;0;0;0;;0;;;;;;;;;;;;;;1;2;;;;;;;;;;;;;;;;;;;;;;;;;;
TELEMED;2014;190000091;190000075;0;0;0;0;1;0;0;0;;0;;;;;;;;;;;;;;1;2;;;;;;;;;;;;;;;;;;;;;;;;;;
TELEMED;2014;210987558;210780581;1;0;1;1;1;0;1;0;;1;0.8;0;;0;;1;3;0;;1;3;0;;1;2;0;;;;0;;1;3;0;;0;;0;;0;;0;;1;2;0;;Neurochir-Ophtalmo-Odonto-Ortho-CMF;3;;
TELEMED;2014;210987657;210780714;0;1;0;1;0;1;0;0;16/01/2014;0;;0;;1;1;0;;1;2;0;;0;;0;;1;3;0;;0;;0;;0;;0;;0;;0;;0;;0;;0;;;;;
TELEMED;2014;210987665;210010070;0;0;0;1;0;0;0;0;;;;0;;0;;0;;1;2;0;;1;3;0;;0;;0;;0;;0;;0;;0;;0;;0;;0;;0;;0;;;;;
TELEMED;2014;210987673;210010070;0;0;0;1;1;0;0;0;;0;;;;;;;;;;;;1;3;1;3;;;;;;;;;;;;;;;;;;;;;;;;;;
TELEMED;2014;210987699;210780706;0;1;0;1;0;1;0;0;;0;;0;;0;;0;;1;;0;;1;;0;;0;;0;;0;;0;;0;;0;;0;;0;;0;;0;;0;;;;;
TELEMED;2014;210987731;210780417;0;0;0;0;1;0;0;0;10/11/2005;0;;0;;0;;0;;0;;0;;0;;0;;0;;0;;0;;0;;0;;0;;0;;0;;0;;0;;0;;Onco-médicale, onco-chirurgie, onco-radiologie;2;;
TELEMED;2014;220000012;220000020;1;0;1;1;1;1;1;0;25/09/2007;0;;1;3;1;3;0;;1;1;1;3;0;;1;3;0;;0;;0;;0;;0;;0;;0;;0;;0;;0;;0;;;;Neurochirugie;
TELEMED;2014;220000095;220000046;0;0;0;1;0;0;0;0;;0;;0;;0;;0;;1;1;0;;1;3;0;;0;;0;;0;;0;;0;;0;;0;;0;;0;;0;;0;;;;Gynéco-Obstétrique;2
TELEMED;2014;220000343;220000079;0;0;0;1;0;0;0;0;;;;;;;;;;;;;;1;3;;;;;;;;;;;;;;;;;;;;;;;;;;;;
TELEMED;2014;220000368;220000103;0;0;1;1;1;0;0;0;01/01/2011;0;;0;;0;;0;;0;;1;3;1;2;1;3;0;;0;;0;;0;;0;;0;;0;;0;;0;;0;;0;;;;;
TELEMED;2014;220000541;220000152;0;1;1;1;0;0;0;1;;;;0;;0;;0;;0;;1;2;0;;0;;1;3;0;;0;;;;0;;0;;0;;0;;0;;0;;0;;;;;
TELEMED;2014;220020101;220000020;0;0;0;0;1;1;0;0;26/10/2006;0;;1;3;1;3;0;;0;;0;;0;;0;;0;;0;;0;;0;;0;;0;;0;;0;;0;;0;;0;;;;;
TELEMED;2014;220020119;220000020;0;0;0;0;1;1;0;0;08/09/2008;0;;1;3;1;3;0;;0;;0;;0;;0;;0;;0;;0;;0;;0;;0;;0;;0;;0;;0;;0;;;;;
TELEMED;2014;220022149;220000020;0;0;0;0;1;1;0;0;04/09/2014;0;;1;3;1;3;0;;0;;0;;0;;0;;0;;0;;0;;0;;0;;0;;0;;0;;0;;0;;0;;;;;
TELEMED;2014;230000820;230780041;0;1;0;0;0;0;0;0;15/10/2013;0;;0;;0;;0;;1;2;0;;0;;0;;0;;0;;0;;0;;0;;0;;0;;0;;0;;0;;0;;;;;
TELEMED;2014;230000853;230780074;1;0;1;0;1;0;0;0;03/12/2013;0;;;;;;;;;;;;;;;;;;;;;;;;;;1;2;;;;;;;;;;;;;;
TELEMED;2014;230780082;750005068;0;1;1;1;0;1;0;0;02/05/2001;0;;;;;;;;;;;;;;;;;;;;;;;;;;;;;;;;;;;;;;;;;
TELEMED;2014;240000372;240000059;0;1;0;0;0;0;0;0;01/01/2012;0;;0;;;;0;;;;0;;1;2;0;;;;0;;;;0;;;;0;;;;0;;;;0;;;;;;;
TELEMED;2014;250000635;250000239;0;1;0;1;0;1;0;1;21/04/2012;1;0.11;0;;0;;0;;1;1;0;;0;;0;;0;;0;;1;2;0;;1;2;0;;0;;0;;0;;0;;0;;;;;
TELEMED;2014;250000700;250000452;1;1;0;1;0;1;0;1;30/06/2008;;;0;;0;;0;;1;3;0;;1;2;0;;0;;0;;0;;0;2;1;2;0;;0;;0;;0;;0;;0;;;;;
TELEMED;2014;250000718;250000460;0;0;0;1;0;0;0;0;01/01/2014;0;;0;;0;;0;;0;;0;;1;3;0;;0;;0;;0;;0;;1;1;0;;0;;0;;0;;0;;0;;;;;
TELEMED;2014;250000726;250000478;0;1;0;0;0;0;0;0;;0;;0;;0;;0;;0;;0;;0;;0;;0;;0;;1;1;0;;1;1;0;;0;;0;;0;;0;;0;;;;;
TELEMED;2014;250006954;250000015;1;0;1;1;1;1;1;0;01/01/2000;1;1.12;0;;0;;1;3;;2;1;3;;;1;3;0;;1;3;0;;1;3;0;;0;;0;;1;2;0;;0;;0;;Maladies infectieuses (antibiothérapies) Neurochirurgie Cancérologie (Oncotel + transfert imagerie haute définition;3;;
TELEMED;2014;260000013;260000021;1;0;1;1;0;0;0;0;01/07/2013;0;;0;;0;;1;2;0;;1;3;1;2;0;;0;;0;;0;;0;;0;;0;;0;;0;;0;;0;;0;;;;;
TELEMED;2014;260000138;260000047;0;0;1;1;0;0;0;0;;0;;0;;0;;0;;1;2;1;;0;;0;;0;;0;;0;;0;;0;;0;;0;;0;;0;;0;;0;;Oncologie;2;Oncologie;
TELEMED;2014;260000146;260000054;0;0;0;1;0;0;0;0;01/03/2013;0;;;;;;;;;;;;1;3;;;;;;;;;;;;;;;;;;;;;;;;;;;;
TELEMED;2014;260000237;260000088;0;0;0;1;0;0;0;0;01/06/2012;;;;;;;;;;;;;1;3;;;;;;;;;;;;;;;;;;;;;;;;;;;;
TELEMED;2014;260000278;260000096;0;1;0;0;0;0;0;0;01/06/2012;1;0.32;0;;0;;0;;0;;0;;1;3;0;;0;;0;;0;;0;;0;;0;;0;;0;;0;;0;;0;;;;;
TELEMED;2014;260000286;260000104;0;0;0;1;0;1;0;0;;;;0;;0;;0;;0;;0;;1;3;0;;0;;0;;0;;0;;0;;0;;0;;0;;0;;0;;0;;;;;
TELEMED;2014;270000359;270023724;1;0;1;1;0;0;0;0;01/01/2014;0;;0;;0;;0;;0;;0;;1;3;0;;0;;0;;0;;0;;0;;0;;0;;1;2;0;;0;;0;;;;;
TELEMED;2014;270000367;270000086;0;1;0;0;0;0;0;0;27/06/2013;0;;0;;0;;0;;0;;0;;0;;0;;0;;0;;0;;0;;0;;0;;1;1;0;;0;;0;;0;;;;;
TELEMED;2014;270000441;270000110;0;1;0;1;0;0;0;0;;0;;0;;0;;0;;0;;0;;0;;0;;0;;0;;0;;0;;0;;0;;0;;0;;1;2;0;;0;;;;;
TELEMED;2014;270000458;270023724;0;0;0;1;0;0;0;0;01/01/2014;0;;0;;0;;0;;0;;0;;1;3;0;;0;;0;;0;;0;;0;;0;;0;;0;;0;;0;;0;;;;;
TELEMED;2014;270000482;270000144;0;0;0;1;0;1;0;0;17/04/2013;0;;0;;0;;0;;0;;0;;0;;0;;0;;0;;0;;0;;0;;1;;1;2;0;;0;;0;;0;;;;;
TELEMED;2014;270000532;270000185;0;1;0;1;0;1;0;0;11/01/2013;0;;;;0;;;;0;;;;0;;;;0;;;;0;;;;0;;;;1;1;;;1;2;;;0;;;;;
TELEMED;2014;270000573;270000219;1;0;1;0;0;0;0;0;24/05/2014;0;;;;;;;;;;;;;;;;;;;;;;;;;;1;2;;;;;;;;;;;;;;
TELEMED;2014;280000084;280000183;0;0;1;1;0;0;0;0;01/02/2012;0;;0;;0;;0;;0;;0;;0;;1;2;1;2;0;;0;;0;;0;;0;;0;;0;;0;;0;;0;;;;;
TELEMED;2014;280000662;280500075;0;0;1;0;0;0;0;0;;0;;;;;;;;;;1;2;;;;;;;;;;;;;;;;;;;;;;;;;;;;;;
TELEMED;2014;280504267;280000134;1;0;1;1;1;0;0;0;;0;;0;;1;2;0;;1;2;0;;0;;1;3;1;3;0;;0;;0;;1;2;0;;0;;1;1;0;;0;;0;;Urologie;2;Obésité-ORL-Dermato-hématologie-Thorax;2
TELEMED;2014;290000025;290020700;0;0;0;1;1;0;0;0;09/03/1998;0;;0;;0;;0;;0;;1;3;0;;0;;1;2;0;;0;;0;;0;;0;;0;;0;;0;;0;;0;;;;Oncologie et RCP de recours régional + Neurochirurgie;3
TELEMED;2014;290000066;290020700;0;0;0;1;0;0;0;0;09/03/1998;0;;0;;0;;0;;0;;0;;0;;0;;0;;0;;0;;0;;0;;0;;0;;0;;0;;0;;0;;;;Neurochirurgie;1
TELEMED;2014;290000173;290000041;0;0;0;0;0;1;0;0;;0;;0;;0;;0;;0;;0;;1;3;0;;0;;0;;0;;0;;0;;0;;0;;0;;0;;0;;0;;;;;
TELEMED;2014;290000181;290000074;0;0;1;1;1;0;0;0;;1;0.75;0;;0;;0;;0;;0;;1;3;1;3;0;;0;;0;;0;;0;;0;;0;;0;;0;;0;;0;;;;;
TELEMED;2014;290000256;290000017;0;0;0;1;0;0;0;0;;;;0;;0;;0;;0;;0;;1;3;0;;0;;0;;0;;0;;0;;0;;0;;0;;0;;0;;0;;;;;
TELEMED;2014;290000728;750821092;0;0;1;1;0;0;0;0;;0;;0;;0;;0;;0;;1;1;1;3;0;;0;;0;;0;;0;;0;;0;;0;;0;;0;;0;;0;;;;;
TELEMED;2014;290000785;220020739;0;0;1;0;0;0;0;0;;0;;;;;;;;;;1;1;;;;;;;;;;;;;;;;;;;;;;;;;;;;;;
TELEMED;2014;290004324;290000017;0;0;1;0;1;0;0;0;;;;0;;0;;0;;0;;1;3;0;;1;3;0;;0;;0;;0;;0;;0;;0;;0;;0;;0;;0;;EFN;3;;
TELEMED;2014;300000031;300780053;0;0;1;1;1;1;0;0;31/12/1998;0;;0;;0;;0;;1;1;1;3;0;;0;;0;;0;;0;;0;;0;;0;;0;;0;;0;;0;;0;;Gynécologie-obstétrique;2;Gynécologie-obstétrique, RCP;2
TELEMED;2014;300000478;300781010;0;0;0;0;0;0;0;1;;0;;0;;0;;0;;0;;0;;1;;0;;0;;0;;0;;0;;0;;0;;0;;0;;0;;0;;0;;;;;
TELEMED;2014;300008588;340000413;0;0;0;0;1;0;1;0;09/11/2010;0;;1;3;0;;;;0;;;;0;;;;0;;;;0;;;;0;;;;0;;;;0;;;;0;;;;;
TELEMED;2014;300008638;340000413;0;0;0;0;0;1;0;1;09/11/2010;0;;0;;1;3;0;;0;;0;;0;;0;;0;;0;;0;;0;;0;;0;;0;;0;;0;;0;;0;;;;;
TELEMED;2014;300012309;340784933;0;1;0;1;0;0;0;0;01/12/2014;0;;0;;0;;0;;0;;0;;0;;0;;1;;0;;0;;0;;1;;0;;0;;0;;0;;0;;0;;;;;
TELEMED;2014;300013745;340784933;0;1;0;1;0;0;0;0;01/12/2014;0;;0;;0;;0;;0;;0;;0;;0;;1;1;0;;0;;0;;1;3;0;;0;;0;;0;;0;;0;;;;;
TELEMED;2014;300782117;300780038;1;0;1;1;1;0;0;0;14/12/2012;0;;0;;0;;0;;0;;1;3;0;;1;3;;;0;;;;0;;;;0;;;;0;;;;0;;;;gynéco-obstétrique, biologie (EFSN...)-médecine générale;3;biologie;3
TELEMED;2014;310000310;310780671;0;1;0;1;1;1;0;1;;0;;0;;0;;0;;1;;1;3;0;;0;;0;;0;;0;;0;;0;;0;;0;;0;;0;;0;;0;;;;;
TELEMED;2014;310013628;310786256;1;0;1;0;0;0;0;0;01/01/2014;0;0;0;;0;;0;;0;;;;0;;0;;0;;0;;0;;0;;0;;0;;0;;1;1;0;;0;;0;;;;;
TELEMED;2014;310016977;310781406;1;0;1;1;1;0;1;0;15/06/2003;0;;;;;;;;;;1;2;;;1;2;;;;;;;;;;;;;;;;;;;;;;;oncologie pédiatrique;2;oncologie pédiatrique;2
TELEMED;2014;310019351;310781406;1;0;1;1;0;0;0;0;13/12/2004;;;;;;;;;;;;;;;;;;;;;;;;;;;;;;;;;;;;;;;maladies respiratoires;3;;
TELEMED;2014;310022298;310781406;0;0;1;0;0;0;0;0;26/09/2014;;;;;;;;;;;1;1;;;;;;;;;;;;;;;;;;;1;1;;;;;;;;;;
TELEMED;2014;310022330;310022322;0;1;0;1;0;1;0;1;01/01/2013;0;;0;3;1;3;0;;0;;0;;0;;0;1;1;1;0;;0;;0;;0;;0;;0;;0;;0;;0;;0;;;;;
TELEMED;2014;310025333;310781406;0;0;1;1;0;0;0;0;01/05/2014;0;;;;;;;;;;1;1;;;;;;;;;;;;;;;;;;;;;;;;;;;hématologie adultes Pathologie, Hématologie, Médecine Interne et Immunopathologie;;;
TELEMED;2014;310780085;310000021;0;0;1;1;0;0;0;0;;0;;;;;;;;;;;;;;;;;;;;;;;;;;;;;;;;;;;;;;;;;
TELEMED;2014;310780259;310000096;1;0;1;0;1;0;0;0;01/01/2012;1;1;0;;0;;0;;0;;1;2;0;;1;3;0;;0;;0;;1;3;0;;0;;0;;0;;0;;0;;0;;;;;
TELEMED;2014;310780283;310000112;;;;;;;1;1;;0;;;;;;;;;;1;3;1;3;1;3;1;3;;;;;;;;;;;;;;;;;;;;;Neurochirugie;2;Neurochirurgie;2
TELEMED;2014;310781067;310788898;0;0;0;1;0;0;0;0;01/01/2008;0;;0;;0;;0;;1;2;0;;1;2;0;;0;;0;;0;;0;;0;;0;;0;;0;;0;;0;;0;;;;neurochir;2
TELEMED;2014;310781505;310000492;1;0;1;0;0;0;0;0;01/01/2013;0;;0;;;;0;;;;0;;;;0;;;;0;;;;0;;;;0;;;;0;;;;0;;;;Plaie et cicatrisation;1;;
TELEMED;2014;310781984;310014378;0;0;0;0;0;0;0;0;31/12/1998;0;;0;;0;;0;;1;1;0;;0;;0;;0;;0;;0;;0;;0;;0;;0;;0;;0;;0;;0;;;;;
TELEMED;2014;310782016;310000617;1;0;1;0;1;0;1;0;01/01/2013;0;;1;3;0;;0;;0;;0;;0;;0;;1;1;0;;0;;0;;0;;0;;0;;0;;0;;0;;0;;;;;
TELEMED;2014;310782339;310781406;0;0;0;0;0;0;0;0;13/06/2006;0;;;;;;;;;;1;2;;;;;;;;;;;;;;;;;;;;;;;;;;;;;;
TELEMED;2014;310782347;310789136;0;0;1;0;0;0;0;0;28/03/2011;0;;0;;0;;0;;0;;0;;0;;0;;0;;0;;0;;0;;0;;0;;0;;0;;0;;0;;0;;Oncologie - RCP;2;;
TELEMED;2014;310783048;310781406;1;0;1;1;;;;;15/04/1996;;;;;;;1;3;;3;1;3;;;;;;;;;;;;;;;;;;;;;;;;;;;Chir Maxillo-faciale;3;RCP Oncologie tumeurs osseuses;2
TELEMED;2014;310783055;310781406;0;0;1;1;0;0;0;0;31/03/1998;0;;;;;;1;3;;;1;3;;;1;3;;;;;;;1;1;;;;;;;;;;;;;;;Neuro-Urologie;1;Pneumo hop Joseph ducuing sollicitée par l'UCSAde SEYSSES(Médecine Pénitentiaire)rattachée au CHU Rangueil;3
TELEMED;2014;310784558;310180013;0;1;0;1;0;1;0;0;01/01/2005;1;0.01;0;;0;;0;;1;1;0;;1;3;0;;0;;0;;0;;0;;0;;0;;0;;0;;;;0;;0;;;;;
TELEMED;2014;310786702;750043713;0;0;0;1;0;0;0;0;01/09/2014;0;;0;;0;;0;;0;;0;;0;;0;;0;;0;;0;;0;;0;;0;;0;;0;;1;1;0;;0;;;;;
TELEMED;2014;310787304;310781406;1;0;1;1;1;1;1;1;16/12/2004;;;;;;;;;;;;;1;1;;;;;;;;;;;;;;;;;1;;1;2;;;;;oncogériatrie;2;oncogériatrie;2
TELEMED;2014;310793807;310000617;0;1;0;1;0;1;0;1;01/01/2013;0;;0;;1;2;0;;0;;0;;0;;0;;0;;0;;0;;0;;0;;0;;0;;0;;0;;0;;0;;;;;
TELEMED;2014;320000151;320780182;0;0;0;1;0;0;0;0;01/01/2012;0;;0;;0;;0;;0;;0;;0;;0;;1;1;0;;0;;0;;0;;0;;0;;0;;0;;0;;0;;;;Plaie et cicatrisation;1
TELEMED;2014;320780067;320000052;0;0;0;1;0;0;0;0;;0;;0;;0;;0;;0;;0;;0;;0;;0;;0;;0;;0;;0;;0;;0;;0;;0;;0;;0;;;;Oncologie Radiothépie;2
TELEMED;2014;320784333;320000565;0;0;1;1;1;1;0;0;01/01/2006;0;;0;;0;;1;1;1;2;1;1;1;2;0;;0;;0;;0;;0;;0;;0;;0;;0;;0;;0;;0;;;;;
TELEMED;2014;330000571;330781220;0;1;0;0;0;0;0;0;10/02/2014;1;4;0;;0;;0;;0;;0;;1;3;0;;0;;0;;0;;0;;0;;0;;0;;0;;0;;0;;0;;;;;
TELEMED;2014;330000605;330781253;0;0;1;1;1;1;0;0;30/06/2010;0;;;;;;;;;;1;3;0;;;;;;;;;;;;;;;;;;;;;;;;;;Gynécologie Obstétrique;3;Gynécologie Obstétrique;3
TELEMED;2014;330781337;330781196;1;0;0;0;0;0;0;0;;0;;0;;0;;0;;0;;0;;0;;0;;0;;0;;0;;0;;0;;0;;0;;1;3;0;;0;;0;;;;;
TELEMED;2014;330781352;330781196;0;0;1;0;0;0;0;0;;0;;0;;0;;0;;0;;1;3;0;;0;;0;;0;;0;;0;;0;;0;;0;;0;;0;;0;;0;;;;;
TELEMED;2014;330781360;330781196;0;0;1;0;1;0;0;0;;0;;0;;0;;1;3;0;;0;;0;;0;;0;;0;;0;;0;;0;;0;;0;;0;;0;;0;;0;;;;;
TELEMED;2014;330783648;330781196;0;0;1;0;1;0;0;0;;0;;0;;0;;0;;0;;1;3;0;;1;3;0;;0;;0;;0;;0;;0;;0;;0;;0;;0;;0;;;;;
TELEMED;2014;340000033;340780055;1;0;1;1;0;1;0;1;;0;;;;;;1;2;1;2;;;1;2;;;1;1;;;1;;;;;;;;;;;;;;;;;;;;Oncologie médicale / Obstétrique;2
TELEMED;2014;340000223;340011295;1;0;1;1;0;0;0;0;01/09/2011;0;;0;;0;;0;;0;;1;3;1;3;0;;0;;0;;0;;0;;0;;1;1;0;;1;2;0;;0;;0;;;;;
TELEMED;2014;340008275;340780477;1;0;1;0;0;0;0;0;22/12/2014;1;1;0;;0;;0;;0;;0;;0;;0;;0;;0;;0;;0;;0;;0;;0;;1;1;;;0;;0;;;;;
TELEMED;2014;340009018;340008978;0;0;0;1;0;1;0;0;01/01/2014;0;;0;;0;;0;;0;;0;;0;;1;2;1;2;0;;0;;0;;0;;0;;0;;0;;0;;0;;0;;;;;
TELEMED;2014;340013168;340000264;1;0;0;0;1;0;0;0;;;;1;1;;;;;;;;;;;;;;;;;;;;;;;;;;;;;;;;;;;;;;
TELEMED;2014;340013218;340000264;0;1;0;0;0;1;0;0;;;;;;1;1;;;;;;;;;;;;;;;;;;;;;;;;;;;;;;;;;;;;
TELEMED;2014;340017839;340784933;0;1;0;1;0;1;0;0;01/01/2014;0;;0;;0;;0;;0;;0;;0;;0;;1;2;0;;0;;0;3;1;3;0;;0;;0;;0;;0;;0;;;;;
TELEMED;2014;340017847;340018175;0;1;0;0;0;1;0;1;;0;;0;;;;0;;;;0;;;;0;;;;0;;;;0;1;1;2;0;;;;0;;;;0;;;;;;;
TELEMED;2014;340019173;340019165;0;1;0;0;0;0;0;0;01/01/2014;0;;0;;0;;0;;0;;0;;0;;0;;0;;0;;0;;0;;0;;0;;0;;0;;0;;0;;0;;;;Plaies et cicatrisation;1
TELEMED;2014;340780212;340796069;0;1;0;1;0;0;0;0;14/01/2014;0;;0;;0;;0;;0;;0;;0;;0;;0;;0;;0;;0;;1;2;0;;0;;0;;0;;0;;0;;;;Suivi Plaies et Cicatrisation;2
TELEMED;2014;340780667;340000280;1;0;1;0;0;0;0;0;01/09/2014;1;;0;;0;;0;;0;;1;3;0;;1;3;0;;0;;0;;0;;0;;0;;0;;1;3;0;;0;;0;;;;;
TELEMED;2014;340780725;340016864;0;0;0;1;0;0;0;0;29/09/2014;0;;0;;0;;0;;0;;0;;0;;1;3;1;3;0;;0;;0;;0;;0;;0;;0;;0;;0;;0;;;;;
TELEMED;2014;340780824;340000405;0;0;0;0;0;0;0;0;;;;0;;;;0;;;;;;;;;;;;;;;;;;;;;;;;;;;;;;;;plaie et cicatrisation;2;dermatologie;2
TELEMED;2014;340781608;340015171;0;1;0;1;0;1;0;0;16/09/2013;0;;0;;0;;0;;0;;0;;0;;0;;0;;0;;0;;0;;0;;0;;0;;0;;0;;0;;0;;;;Réseau CICAT LR;1
TELEMED;2014;340782085;340780477;1;0;1;0;0;0;0;0;09/06/2014;0;;0;;;;1;3;1;3;1;3;1;3;0;;0;;0;;0;;0;;0;;0;;0;;0;;0;;0;;0;;;;;
TELEMED;2014;340796663;340780477;0;0;0;0;1;0;0;0;01/01/2010;1;1;0;;0;;0;;0;;0;;0;;1;3;0;;0;;0;;0;;0;;0;;0;;0;;0;;0;;0;;;;;
TELEMED;2014;340798552;340798545;0;0;0;1;0;0;0;0;22/02/2012;0;0;0;;0;;0;;0;;0;;0;;0;;1;2;0;;0;;0;;1;1;0;;0;;0;;0;;0;;0;;;;;
TELEMED;2014;350000014;350005179;1;0;1;0;0;0;1;0;;1;;;;;;;;;;;;;;;;;;;;;;;;;;;;;;1;2;;;;;;;;;;
TELEMED;2014;350000147;350000022;1;1;0;1;0;0;0;0;;0;;0;;0;;0;;1;2;1;3;1;3;0;;0;;0;;0;;0;;0;;0;;0;;0;;0;;0;;0;;;;;
TELEMED;2014;350000154;350000030;0;0;1;1;0;0;0;0;01/09/2010;0;;0;;0;;0;;1;3;1;3;1;2;0;;0;;0;;0;;0;;0;;0;;0;;0;;0;;0;;0;;;;;
TELEMED;2014;350000204;350023248;0;0;0;1;0;0;1;1;08/12/2014;0;;0;;0;;0;;0;;0;;0;;0;;0;;0;;0;;0;;0;;0;;0;;0;;0;;0;;0;;Plaies;;Plaies;
TELEMED;2014;350000410;350002291;0;1;0;1;0;0;0;0;23/06/2014;1;0.1;0;;0;;0;;0;;0;;0;;0;;0;;0;;0;;0;;0;;0;;0;;0;;1;2;0;;0;;;;;
TELEMED;2014;350000436;350002317;0;1;0;1;0;0;0;0;23/06/2014;0;0;0;;0;;0;;0;;0;;0;;0;;0;;0;;0;;0;;0;;0;;0;;1;;0;;0;;0;;;;;
TELEMED;2014;350000444;350048518;0;1;0;0;0;0;0;0;16/09/2013;0;;0;;0;;0;;0;;0;;0;;0;;0;;0;;0;;0;;0;;0;;0;;0;;0;;0;;0;;;;Plaies chroniques;2
TELEMED;2014;350000741;350005179;0;0;1;0;0;0;0;0;;;;1;3;;;1;3;;;1;3;;;;;;;;;;;;;;;1;3;;;;;;;1;1;;;Nepro, Infectiologie,Dermatologie, Hépatologie,NChir;3;;
TELEMED;2014;350002200;350029948;0;0;0;0;0;1;0;0;;;;0;;0;;0;;0;;0;;1;3;0;;0;;0;;0;;0;;0;;0;;0;;0;;0;;0;;0;;;;;
TELEMED;2014;350002564;350046199;1;0;1;0;0;0;1;0;31/03/2014;1;0.6;;;;;;;;;;;;;;;;;;;;;;;;;;;;;;;;;;;;;PLAIES CHRONIQUES;3;;
TELEMED;2014;350002812;350023503;0;0;1;0;0;1;0;0;;;;;;;;;;;;;;;;;;;;;;;;;;;;;;;;;;;;;;;;;;;
TELEMED;2014;350007084;350005179;;;;;;;;;;;;;;;;;;;;1;3;;;;;;;;;;;;;;;;;;;;;;;;;;;;;;
TELEMED;2014;360000038;360000046;0;0;0;1;0;0;0;0;01/01/2011;0;;;;;;;;1;1;;;;;;;;;;;;;;;;;;;;;;;;;;;;;;;;
TELEMED;2014;360000137;360000053;0;0;1;1;1;1;0;0;01/01/2000;0;;0;;0;;1;2;1;3;1;3;1;;1;3;1;3;0;;0;;0;;0;;0;;0;;0;;0;;0;;0;;;;;
TELEMED;2014;360000160;360000079;0;0;0;0;0;0;0;0;09/12/2013;0;;0;;0;;0;;0;;0;;1;3;0;;0;;0;;0;;0;;0;;0;;0;;0;;0;;0;;0;;;;;
TELEMED;2014;360002232;360000541;1;1;1;1;1;1;0;0;01/01/2008;1;1.2;;;1;2;;;;;;;;;;;1;2;;;;;;;1;1;;;;;;;;;;;;;DIABETOLOGIE;2;;
TELEMED;2014;370000861;370000481;0;0;1;0;0;0;0;0;01/01/2008;0;;0;;;;1;1;;;0;;;;0;;;;0;;;;0;;;;1;1;;;0;;;;0;;;;Neurochirurgie;3;;
TELEMED;2014;370004467;370000481;0;0;1;0;0;0;1;0;01/01/2012;0;;0;;;;0;;;;1;3;;;0;;;;0;;;;1;3;;;0;;;;0;;;;0;;;;hépatologie et tumeurs des tissus de soutient;3;;
TELEMED;2014;380000067;380780080;1;0;1;0;1;0;0;0;;;;0;;0;;0;;0;;0;;0;;1;3;0;;0;;0;;0;;0;;0;;0;;1;2;0;;0;;0;;Neurochirurgie, Anapathologie, UCSA;;;
TELEMED;2014;380000174;380781435;0;0;1;1;0;0;0;0;29/11/2011;0;;0;;0;;1;1;0;;0;;1;1;0;;0;;0;;0;;0;;0;;0;;0;;0;;0;;0;;0;;;;RCP;1
TELEMED;2014;380000828;690002225;1;1;0;1;0;1;1;1;01/09/2006;1;0.34;1;3;0;;0;;1;1;0;;0;;0;;0;;0;;0;;0;;0;;0;;0;;0;;0;;0;;0;;;;;
TELEMED;2014;380785956;380795211;0;0;1;1;0;1;0;0;;0;;;;;;;;;;1;3;1;2;;;;;;;;;;;;;;;;;;;;;;;;;;;;
TELEMED;2014;390000040;390780146;0;0;0;1;0;1;0;0;;0;;;;0;;;;1;2;;;1;2;;;0;;;;0;;;;0;;;;0;;;;0;;;;0;;;;;
TELEMED;2014;390000065;390780161;0;0;0;1;0;0;0;0;;0;;0;;0;;1;2;1;2;1;2;1;2;0;;0;;0;;0;;0;;0;;0;;0;;0;;0;;0;;0;;;;;
TELEMED;2014;390000222;390780609;0;1;0;1;0;0;0;0;01/01/2011;0;;;;;;;;1;3;;;;;;;;;;;;;;;;;;;;;;;;;;;;;;;;
TELEMED;2014;400000105;400780193;0;0;1;1;0;0;0;0;01/06/2014;0;;0;;0;;0;;1;2;1;3;0;;0;;0;;0;;0;;0;;0;;0;;0;;0;;0;;0;;0;;;;;
TELEMED;2014;410000020;410000087;0;1;0;1;0;0;0;0;01/12/2014;0;;0;;0;;0;;1;3;0;;0;;0;;0;;0;;0;;0;;0;;0;;0;;0;;0;;0;;;;;;obstétrique;3
TELEMED;2014;410000178;410000137;0;1;0;0;0;0;0;0;;;;0;;0;;0;;0;;0;;0;;0;;0;;0;;0;;0;;0;;0;;0;;0;;0;;0;;0;;;;échographie;2
TELEMED;2014;420785354;420784878;1;0;1;1;0;0;0;0;01/01/2013;1;1;0;;0;;1;1;0;;0;;1;3;0;;0;;0;;0;;1;1;0;;0;;0;;0;;0;;0;;0;;;;;
TELEMED;2014;440000271;440000289;1;0;1;0;1;0;1;0;;;;;;;;;;;;;;;;;;;;;;;;;;;;;;;;;;;;1;2;;;Gynéco obs, cardio pédiat, HAD Pédiatrique;3;;
TELEMED;2014;440000503;440000313;0;0;0;1;0;0;0;0;;0;;0;;0;;0;;1;2;0;;1;3;0;;0;;0;;0;;0;;0;;0;;0;;0;;0;;0;;0;;;;;
TELEMED;2014;440017598;440000289;0;0;1;0;1;0;0;0;;;;;;;;1;3;;;;;;;1;3;;;;;;;;;;;;;;;;;;;;;;;;;;
TELEMED;2014;440039568;440002590;0;1;0;1;0;1;0;1;30/11/2011;0;;0;;1;;0;;0;;0;;0;;0;;0;;0;;0;;0;;0;;0;;0;;0;;0;;0;;0;;;;;
TELEMED;2014;440041580;440041572;0;0;0;0;1;0;0;0;01/01/2006;1;0.35;;;;;;;;;;;;;1;3;;;;;;;;;;;;;;;;;;;;;;;;;;
TELEMED;2014;440050441;440002590;0;1;0;1;0;1;0;1;30/11/2011;;;0;;1;;0;;0;;0;;0;;0;;0;;0;;0;;0;;0;;0;;0;;0;;0;;0;;0;;;;;
TELEMED;2014;450000062;450000104;0;0;0;1;0;0;0;0;06/08/2013;0;;;;;;;;;;;;;;;;;;;;;;;;;;;;;;;;;;;;;;;;neurochirurgie;2
TELEMED;2014;450000211;450000153;0;0;0;1;0;0;0;0;01/10/2014;0;;0;;0;;0;;0;;0;;0;;0;;0;;0;;1;1;0;;0;;0;;0;;1;2;1;2;0;;0;;;;;
TELEMED;2014;450000260;450000161;0;0;1;1;0;0;0;0;01/07/2013;0;;0;;;;0;;;;0;;;;0;;;;0;;;;0;;;;0;;;;1;1;;;0;;;;;;;
TELEMED;2014;460000110;460780216;0;0;0;1;0;0;0;0;;0;;;;;;;;1;2;;;;;;;;;;;;;;;;;;;;;;;;;;;;;;;;
TELEMED;2014;460785090;460785090;0;0;1;1;0;0;0;0;14/12/2014;0;;0;;0;;0;;1;2;0;;1;2;0;;0;;0;;0;;0;;0;;1;2;1;2;1;2;1;2;1;2;1;2;;;;
TELEMED;2014;470000027;470014069;0;0;0;0;1;0;0;0;27/09/2013;0;;0;;0;;0;;0;;0;;0;;1;1;0;;0;;0;;0;;0;;0;;0;;0;;0;;0;;0;;;;;
TELEMED;2014;480000017;480780097;0;0;0;1;0;0;0;0;;0;;0;;0;;0;;0;;0;;1;;0;;0;;0;;0;;0;;0;;0;;0;;0;;0;;0;;0;;;;;
TELEMED;2014;480000074;480780162;0;0;0;1;0;0;0;0;08/03/2008;0;;0;;0;;1;;0;;1;3;1;;1;1;0;;1;2;0;;1;2;0;;1;1;0;;1;1;0;;1;1;0;;;;;
TELEMED;2014;480001403;340000264;0;1;0;0;0;1;0;0;;;;;;1;1;;;;;;;;;;;;;;;;;;;;;;;;;;;;;;;;;;;;
TELEMED;2014;480001783;340000264;1;0;0;0;1;0;0;0;;;;1;1;;;;;;;;;;;;;;;;;;;;;;;;;;;;;;;;;;;;;;
TELEMED;2014;490000049;490000031;0;0;1;1;0;0;0;0;01/12/2010;0;0;0;;0;;1;3;1;1;1;3;1;2;1;3;0;;0;;0;;0;;0;;0;;0;;0;;0;;0;;0;;Neurotraumatologie, Neurochirurgie et Pédiatrie;3;Pédiatrie et Neurovasculaire;2
TELEMED;2014;490001765;490528452;0;0;0;1;0;0;0;0;01/01/2003;0;;0;;0;;0;;1;3;0;;0;;0;;0;;0;;0;;;;0;;0;;0;;0;;0;;0;;0;;;;;
TELEMED;2014;490007499;440002590;1;0;1;0;1;0;1;0;30/11/2011;0;;1;;0;;0;;0;;0;;0;;0;;0;;0;;0;;0;;0;;0;;0;;0;;0;;0;;0;;;;;
TELEMED;2014;490017613;440002590;0;1;0;1;0;1;0;1;30/11/2011;0;;0;;1;;0;;0;;0;;0;;0;;0;;0;;0;;0;;0;;0;;0;;0;;0;;0;;0;;;;;
TELEMED;2014;500000021;500000054;0;0;0;1;0;0;0;0;;0;;0;;0;;0;;1;2;0;;0;;0;;0;;0;;0;;0;;0;;0;;0;;0;;0;;0;;0;;;;;
TELEMED;2014;500000187;500000013;0;1;0;1;0;0;0;0;;;;;;;;;;;;;;;;;;;;;;;;1;1;;;;;;;;;;;;;;;;;;
TELEMED;2014;500000260;500000054;0;0;0;1;0;0;0;0;;0;;0;;0;;0;;1;2;0;;0;;0;;0;;0;;0;;0;;0;;0;;0;;0;;0;;0;;0;;;;;
TELEMED;2014;500000450;500000112;0;0;1;1;0;0;0;0;;;;;;;;;;;;;;;;1;3;1;3;;;;;;;;;;;;;;;;;;;;;Pneumo- Gastro;3;Pneumo - Gastro;3
TELEMED;2014;500000591;500000393;0;0;0;1;0;0;0;0;;0;;;;;;;;;;;;1;3;;;;;;;;;;;;;;;;;;;;;;;;;;;;
TELEMED;2014;500012687;310021118;0;0;0;0;1;0;0;0;;;;;;;;;;;;;;;;1;;;;;;;;;;;;;;;;;;;;;;;;;;;
TELEMED;2014;510000516;510000136;0;0;1;0;0;0;0;0;10/01/2012;0;;0;;0;;0;;0;;0;;0;;0;;0;;0;;0;;0;;0;;0;;0;;0;;0;;0;;0;;cancérologie;2;;
TELEMED;2014;510002447;510000029;0;0;1;0;1;0;0;0;01/01/1998;0;;0;;0;;1;2;0;;1;2;0;;;;;;1;3;0;;0;;0;;0;;0;;0;;0;;;;;;;;;
TELEMED;2014;510004302;510000029;0;0;1;0;0;0;0;0;01/01/1998;0;;0;;0;;0;;0;;1;2;0;;0;;0;;0;;0;;0;;0;;0;;0;;0;;0;;;;;;Neurochirurgie;3;;
TELEMED;2014;520000019;520780024;0;0;0;0;0;1;0;0;05/12/2013;0;;;;;;;;;;;;1;2;;;;;;;;;;;;;;;;;;;;;;;;;;;;
TELEMED;2014;520000068;520780073;0;0;1;1;0;0;0;0;;0;;0;;0;;0;;0;;1;3;0;;0;;0;;0;;0;;0;;0;;0;;0;;0;;0;;0;;0;;;;Cancérologie et neurochirurgie;2
TELEMED;2014;530000017;530000025;0;0;0;1;0;0;0;0;01/01/2010;0;;;;0;;;;1;3;;;0;;;;0;;;;0;;;;0;;;;0;;;;0;;;;0;;;;RCP;1
TELEMED;2014;540000155;540000080;0;0;1;1;0;0;0;0;10/03/2009;0;;0;;0;;0;;1;2;0;;1;2;1;2;0;;0;;0;;0;;0;;0;;0;;0;;0;;0;;0;;;;;
TELEMED;2014;540000296;540000106;0;0;0;1;0;0;0;0;01/01/2011;0;;0;;0;;0;;0;;1;3;0;;0;;0;;0;;0;;0;;0;;0;;0;;0;;0;;0;;0;;;;;
TELEMED;2014;540000361;540003928;0;0;0;1;0;0;0;0;01/06/2013;0;;0;;0;;0;;0;;0;;0;;0;;0;;0;;0;;0;;0;;0;;0;;0;;0;;0;;0;;;;orthopédie;2
TELEMED;2014;540000981;540001112;1;0;1;0;1;0;1;0;;0;;1;3;0;;0;;0;;0;;0;;0;;0;;0;;0;;0;;0;;0;;0;;0;;0;;0;;0;;;;;
TELEMED;2014;540001070;540000767;0;0;0;1;0;0;0;0;01/01/2008;0;;0;;0;;0;;0;;0;;1;;0;;0;;0;;0;;0;;0;;0;;0;;0;;0;;0;;0;;;;neurochir;2
TELEMED;2014;540001138;540023264;1;0;1;0;0;0;1;0;01/01/2013;1;0.4;0;;0;;1;3;0;;1;3;0;;0;;0;;0;;0;;0;;0;;0;;0;;0;;0;;0;;0;;;;;
TELEMED;2014;540001286;540003019;0;0;1;0;1;1;0;0;12/06/2006;0;;0;;0;;0;;0;;1;3;1;3;0;;0;;0;;0;;0;;0;;0;;0;;0;;0;;0;;0;;Oncologie médicale;2;Oncologie médicale;1
TELEMED;2014;540002698;540023264;1;0;1;1;1;1;0;0;01/01/2013;1;0.4;0;;0;;0;;0;;0;;0;;1;3;1;2;0;;;;1;2;1;1;0;;0;;1;3;1;1;0;;0;;Anesthésie, brûlés pédiatriques;3;;
TELEMED;2014;540009859;570010181;0;1;0;0;0;0;0;0;03/09/2014;0;;0;;0;;0;;0;;0;;0;;0;;0;;0;;0;;0;;1;1;0;;0;;0;;1;2;0;;0;;;;;
TELEMED;2014;550000012;550006795;0;1;0;1;0;0;0;0;13/07/2013;0;;0;;0;;0;;1;2;0;;1;3;0;;0;;0;;0;;0;;0;;0;;0;;0;;0;;0;;0;;;;;
TELEMED;2014;550000434;550003354;0;0;0;1;0;0;0;0;01/06/2013;0;;0;;0;;0;;1;2;0;;0;;0;;0;;0;;0;;0;;0;;0;;0;;0;;0;;0;;0;;;;;
TELEMED;2014;550005219;540001112;0;1;0;1;0;1;0;1;01/03/2013;0;;0;;1;2;0;;0;;0;;0;;0;;0;;0;;0;;0;;0;;0;;;;0;;0;;0;;0;;;;;
TELEMED;2014;560000127;560023210;0;0;1;1;1;0;0;0;01/01/2002;0;;;;;;;;1;3;;;1;3;;;;;;;;;;;;;;;;;;;;;;;;;Oncologie,cardiologie;3;Oncologie,rhumatologie,pédiatrie,pneumologie,gastro-entérologie;3
TELEMED;2014;560000382;560002032;1;0;1;1;0;0;0;0;01/09/2013;1;;0;;0;;0;;0;;0;;0;;0;;0;;0;;0;;0;;0;;1;2;1;1;0;;0;;0;;0;;;;;
TELEMED;2014;560009524;440002590;0;1;0;1;0;1;0;1;30/11/2011;;;0;;1;;0;;0;;0;;0;;0;;0;;0;;0;;0;;0;;0;;0;;0;;0;;0;;0;;;;;
TELEMED;2014;560018038;560023178;0;0;1;1;0;0;0;0;19/02/1999;0;;0;;0;;0;;0;;0;;0;;0;;0;;0;;0;;0;;0;;0;;0;;0;;0;;0;;0;;cancérologie;3;cancérologie;2
TELEMED;2014;560023152;440002590;1;0;1;0;1;0;1;0;30/11/2011;;;1;;0;;0;;0;;0;;0;;0;;0;;0;;0;;0;;0;;0;;0;;0;;0;;0;;0;;;;;
TELEMED;2014;560023228;560023178;0;0;1;1;0;0;0;0;10/02/1999;0;;0;;0;;0;;0;;0;;0;;0;;0;;0;;0;;0;;0;;0;;0;;0;;0;;0;;0;;cancérologie;3;cancérologie;2
TELEMED;2014;570000091;750050759;0;0;0;1;0;0;0;0;01/01/2010;0;;0;;0;;1;;1;2;0;;1;1;0;;0;;0;;0;;0;;0;;0;;0;;0;;0;;0;;0;;;;;
TELEMED;2014;570000349;570005165;1;0;1;1;1;0;0;0;;0;;;;;;;;1;2;1;3;1;2;1;3;;;;;;;1;3;;;;;;;;;;;;;;;cancérologie;3;cancérologie;3
TELEMED;2014;570000596;750821092;0;0;0;1;0;0;0;0;28/05/2013;1;0.5;0;;0;;0;;0;;0;;1;2;0;;0;;0;;0;;0;;0;;0;;0;;0;;0;;0;;0;;;;CANCERO eRCP;2
TELEMED;2014;570003079;570010181;0;0;0;0;0;1;0;0;01/01/2009;0;;0;;0;;0;;0;;0;;1;3;0;;0;;0;;0;;0;;0;;0;;0;;0;;0;;0;;0;;;;;
TELEMED;2014;570004002;570013797;0;1;0;0;0;1;0;0;30/05/2013;0;;1;2;0;;0;;0;;0;;0;;0;;0;;0;;0;;0;;0;;0;;0;;0;;0;;0;;0;;;;;
TELEMED;2014;570010082;570013797;1;0;0;0;1;1;0;0;30/05/2013;0;;1;2;0;;0;;0;;0;;0;;0;;0;;0;;0;;0;;0;;0;;0;;0;;0;;0;;0;;;;;
TELEMED;2014;570026682;570005165;1;1;1;1;1;1;0;0;;0;;;;;;;;1;2;1;3;1;2;1;3;;;;;;;1;3;;;;;;;;;;;;;;;cancérologie;3;cancérologie - hématologie;3
TELEMED;2014;570027029;540001112;0;1;0;1;0;1;0;1;01/04/2014;0;;0;;1;2;0;;0;;0;;0;;0;;0;;0;;0;;0;;0;;0;;0;;0;;0;;0;;0;;;;;
TELEMED;2014;580972669;580780070;0;0;0;0;0;0;0;1;04/12/2014;0;;;;;;;;1;2;;;;;;;;;;;;;;;;;;;;;;;;;;;;;;;;
TELEMED;2014;580972685;580780096;0;1;0;0;0;1;0;1;;0;;0;;0;;0;3;1;3;0;;0;;0;;0;;0;;0;;0;;0;;0;;0;;0;;0;;0;;0;;;;neurochirurgie;2
TELEMED;2014;580972693;580780039;0;0;0;0;0;1;0;1;01/09/2010;0;;0;;0;;0;;1;3;0;;0;;0;;0;;0;;0;;0;;0;;0;;0;;0;;0;;0;;0;;;;;
TELEMED;2014;590000337;590781415;0;1;0;1;0;0;0;0;01/05/1996;0;;0;;0;;0;;1;3;0;;1;3;0;;0;;0;;0;;0;;0;;0;;0;;0;;0;;0;;0;;;;;
TELEMED;2014;590000428;590781605;0;1;0;1;0;1;0;0;01/12/1996;0;;;;;;0;;1;3;0;;1;3;;;;;;;;;;;;;;;;;;;;;;;;;;;neurochirurgie;3
TELEMED;2014;590000535;590781803;1;1;1;1;1;1;1;1;15/06/2011;0;;0;;0;;1;3;1;2;1;3;1;2;0;;0;;0;;0;;0;;0;;0;;0;;0;;0;;0;;0;;;;;
TELEMED;2014;590000592;590782165;0;0;0;0;1;0;0;0;;0;;0;;0;;0;;1;3;0;;0;;0;;;;0;;0;;0;;0;;0;;0;;0;;0;;0;;;;;;;
TELEMED;2014;590000618;590782215;1;0;1;1;1;0;1;0;;1;;0;;0;;1;3;1;3;1;;0;;0;1;0;;0;;0;;1;2;0;;0;;0;;1;3;0;;0;;0;;;;;
TELEMED;2014;590000758;590782637;0;0;1;1;0;0;0;0;01/10/2010;0;;1;1;0;;0;;1;;1;3;0;;0;;0;;0;;0;;0;;0;;0;;0;;0;;0;;0;;0;;;;urgences;2
TELEMED;2014;590000766;590782645;0;1;0;0;0;0;0;0;01/01/2011;0;;;;;;;;;;1;1;1;3;;;;;;;;;;;;;;;;;;;;;;;;;;;;
TELEMED;2014;590000774;590782652;0;0;0;1;1;1;0;0;01/10/2010;0;;0;;0;;0;;1;2;0;;1;3;0;;0;;0;;0;;0;;0;;0;;0;;0;;0;;0;;0;;;;ONCOLOGIE;2
TELEMED;2014;590006607;590780193;0;0;1;1;0;0;0;0;01/01/1993;0;;0;;0;;0;;0;;0;;0;;0;;0;;0;;0;;0;;0;;0;;0;;0;;0;;0;;0;;oui;2;oui;2
TELEMED;2014;590784864;590780193;0;0;1;1;0;0;0;0;01/01/2010;0;;0;;0;;0;;0;;1;3;0;;0;;0;;0;;0;;0;;0;;0;;0;;0;;0;;0;;0;;;;;
TELEMED;2014;590787586;590780193;0;0;1;1;1;0;0;0;21/01/2014;1;2.7;0;;0;;0;;0;;1;3;0;;1;3;0;;0;;0;;0;;0;;0;;0;;0;;0;;0;;0;;;;;
TELEMED;2014;590796975;590780193;0;0;1;1;0;0;0;0;01/01/1996;0;2;0;;0;;1;3;1;;1;3;0;;0;;0;;0;;0;;0;;0;;0;;0;;0;;0;;0;;0;;;;;
TELEMED;2014;590801106;590782421;0;0;0;1;0;0;0;0;01/01/1998;0;;0;;0;;0;;1;3;0;;0;;0;;0;;0;;0;;0;;0;;0;;0;;0;;0;;0;;0;;;;;
TELEMED;2014;590816310;590000048;1;1;0;0;0;0;1;1;;0;;0;;0;;0;;1;;1;3;1;;0;;0;;0;;0;;0;;0;;0;;0;;0;;0;;0;;0;;Digestif Service des Urgences;;Digestif;2
TELEMED;2014;600000152;600100572;0;1;0;0;0;0;0;0;15/12/2012;0;;0;;0;;0;;0;;0;;0;;0;;0;;0;;0;;0;;0;;0;;0;;0;;0;;0;;0;;;;chir ortho;1
TELEMED;2014;600000186;600100648;0;0;0;0;0;1;0;0;30/06/2014;0;;0;;0;;0;;0;;0;;1;3;0;;0;;0;;0;;0;;0;;0;;0;;0;;0;;0;;0;;;;;
TELEMED;2014;600000194;600100713;1;0;1;1;1;0;0;0;01/01/2012;0;;0;;0;;0;;0;;0;;0;;0;;0;;0;;0;;0;;0;;0;;0;;0;;0;;0;;0;;chirurgie orthopédique et chiruruge viscerale;1;;
TELEMED;2014;600000285;600100721;0;1;1;1;0;1;0;1;01/05/2012;0;;0;;0;;0;;0;;1;3;1;3;0;;0;;0;;0;;1;3;0;;0;;0;;0;;0;;0;;0;;;;;
TELEMED;2014;600100101;750712184;0;1;0;1;0;1;0;1;;;;0;;0;;0;;0;;1;;1;;0;;0;;0;;0;;0;;0;;;;0;;0;;0;;0;;0;;;;;
TELEMED;2014;600100754;600000228;1;0;0;0;0;0;0;0;02/01/2014;0;;;;;;;;;;1;3;;;;;;;;;;;;;;;;;;;;;;;;;;;;;;
TELEMED;2014;600100861;440052041;0;1;0;0;0;0;0;0;21/06/2013;;0.1;0;;0;;0;;0;;0;;0;;0;;0;;0;;0;;0;;0;;0;;0;;0;;0;;0;;0;;;;SUITES DE CHIRURGIE ORTHOPEDIQUE ET CHIRURGIE VISCERALE;2
TELEMED;2014;600113476;600100721;0;0;1;1;0;1;0;1;01/11/2011;0;;0;;0;;0;;0;;0;;1;3;0;;0;;0;;0;;1;3;0;;0;;0;;0;;0;;0;;0;;;;;
TELEMED;2014;610000044;610780074;0;1;0;0;0;0;0;0;01/06/2013;;;;;;;;;;;;;1;3;;;;;;;;;;;;;;;;;;;;;;;;;;;;
TELEMED;2014;610000051;610780082;0;0;1;1;0;0;0;0;28/12/2012;0;;0;;0;;0;;0;;1;1;1;3;0;;0;;0;;0;;1;3;0;;0;;0;;0;;0;;0;;0;;;;;
TELEMED;2014;610000069;610780090;0;1;0;1;0;0;0;0;25/08/2010;0;;0;;0;;0;;0;;0;;1;3;0;;0;;0;;0;;0;;0;;0;;0;;0;;0;;0;;0;;;;Neurochirurgie;3
TELEMED;2014;610000077;610780124;0;0;0;1;0;0;0;0;18/07/2014;0;;0;;0;;0;;0;;0;;0;;0;;0;;0;;0;;0;;1;2;0;;0;;0;;0;;0;;0;;;;;
TELEMED;2014;610000093;610780140;0;1;0;0;0;0;0;0;;;;;;;;;;;;;;1;3;;;;;;;;;;;;;;;;;;;;;;;;;;;;
TELEMED;2014;610000119;610780165;0;1;0;0;0;0;0;0;01/10/2014;0;;;;;;;;1;2;;;;;;;;;;;;;;;;;;;;;;;;;;;;;;;;
TELEMED;2014;610004269;610787038;0;1;0;0;0;0;0;0;;;;;;;;;;;;;;;;;;;;;;;;;;1;2;;;;;;;;;;;;;;;;
TELEMED;2014;610005837;610005811;0;1;0;0;0;0;0;0;;;;;;;;;;;;;;;;;;;;;;;;;;1;1;;;;;;;;;;;;;;;;
TELEMED;2014;610006256;610006769;0;0;0;0;0;1;0;0;;;;0;;0;;0;;0;;0;;0;;0;;0;;0;;0;;0;;0;;0;;0;;0;;0;;0;;0;;;;Plaie;1
TELEMED;2014;620000034;620100057;1;1;1;1;0;0;1;0;01/01/2013;0;;;;;;1;2;1;3;1;1;1;3;;;;;;;;;;;;;;;;;;;;;;;;;;;;
TELEMED;2014;620000240;620100677;0;1;0;1;0;0;0;0;;0;;;;;;;;;;;;;;;;;;;;;;;;;;;;;;;;;;;;;;;;ophtalmologie;3
TELEMED;2014;620000257;620100685;1;1;1;1;1;1;0;0;01/06/2011;0;;0;;0;;1;3;1;3;0;;0;;0;;0;;0;;0;;0;;0;;0;;0;;0;;0;;0;;0;;;;;
TELEMED;2014;620000323;620101337;0;0;0;1;0;0;0;0;02/11/2010;1;19;0;;0;;0;;0;;1;;0;;0;;0;;0;;0;;0;;0;;0;;0;;0;;0;;0;;0;;;;;
TELEMED;2014;620000653;620103440;0;0;1;0;0;0;0;0;01/11/2013;1;;1;3;;;;;;;;;;;;;;;;;;;;;;;;;;;;;;;;;;;;;;
TELEMED;2014;620003376;620001834;0;0;1;0;0;0;0;0;;0;;0;;;;0;;;;1;3;;;0;;;;0;;;;0;;;;0;;;;0;;;;0;;;;;;;
TELEMED;2014;630000016;630180032;0;0;0;1;0;0;0;0;18/06/1997;0;;0;;0;;0;;0;;0;;1;2;0;;0;;0;;0;;0;;0;;0;;0;;0;;0;;0;;0;;;;;
TELEMED;2014;630000404;630780989;0;0;1;0;0;0;0;0;;0;;0;;0;;1;;0;;1;;0;;0;;0;;0;;0;;0;;0;;0;;0;;0;;0;;0;;0;;;;;
TELEMED;2014;630000560;630781367;0;1;0;1;0;0;0;0;01/09/2014;0;;0;;0;;0;;0;;0;;0;;0;;0;;0;;;;0;;1;1;0;;0;;0;;1;1;0;;0;;;;;
TELEMED;2014;630780195;630786754;1;0;0;0;0;0;0;0;;;;;;;;;;;;;;;;;;;;;;;;;;;;1;2;;;;;;;;;;;;;;
TELEMED;2014;630781268;630780989;0;0;1;0;0;0;0;0;;0;;0;;0;;0;;0;;1;;0;;0;;0;;0;;0;;0;;0;;0;;0;;0;;0;;0;;0;;;;;
TELEMED;2014;630781839;630000826;0;0;1;1;0;0;0;0;;0;;0;;;;0;;;;;;;;0;;;;0;;;;0;;;;0;;;;0;;;;0;;;;chirurgie de la main;1;;
TELEMED;2014;640789640;640000113;1;0;0;0;1;0;1;0;05/03/2012;0;;1;2;0;;0;;0;;0;;0;;0;;0;;0;;0;;0;;0;;0;;0;;0;;0;;0;;0;;;;;
TELEMED;2014;640790150;750712184;0;0;0;0;0;1;0;0;01/01/2014;0;;0;;;;0;;;;0;;1;3;0;;;;0;;;;0;;;;0;;;;0;;;;0;;;;;;;
TELEMED;2014;650000417;650783160;0;1;0;1;0;0;0;0;;;;;;;;;;;;;;;;;;;;;;;;;;;;;;;;;;;;;;;;;;;
TELEMED;2014;650780679;650000243;0;0;1;1;0;0;0;0;01/01/2012;0;;0;;0;;0;;0;;1;2;1;2;1;2;1;1;0;;0;;0;;0;;0;;0;;0;;0;;0;;0;;oncologie;2;oncologie;2
TELEMED;2014;650784218;650780174;1;1;1;1;0;0;0;0;01/01/2001;1;;0;;0;;0;;0;;1;3;0;;0;;0;;1;1;0;;0;;0;;0;;0;;1;3;1;2;0;;0;;;;;
TELEMED;2014;650789308;650789068;0;0;1;0;0;0;0;0;;0;;0;;0;;0;;0;;0;;0;;0;;0;;0;;0;;0;;0;;0;;0;;0;;0;;0;;0;;Radiotherapie;2;;
TELEMED;2014;670000157;670780337;0;0;0;1;1;0;0;0;16/07/2009;0;;0;;0;;0;;0;;0;;0;;1;3;0;;0;;0;;0;;0;;0;;0;;0;;0;;0;;0;;;;Téléradiologie des examens de scanner;2
TELEMED;2014;670000306;670780584;1;0;1;0;0;0;1;1;02/07/2013;1;0.5;0;;0;;0;;0;;0;;0;;0;;0;;0;;0;;0;;0;;0;;0;;1;2;0;;0;;0;;plaies, cicatrisation;3;;
TELEMED;2014;670000397;670780691;0;0;0;1;0;0;0;0;20/03/2013;0;;0;;0;;0;;1;3;0;;1;3;0;;0;;;;0;;0;;0;;;;0;;0;;0;;0;;0;;;;;
TELEMED;2014;670014992;670780139;1;1;1;1;0;0;0;0;01/12/2014;0;;0;;0;;0;;0;;0;;0;;0;;0;;0;;0;;0;;0;;0;;0;;0;;0;;0;;0;;;;;
TELEMED;2014;680000544;680000395;0;0;0;0;0;0;0;0;01/07/2010;0;;0;;;;0;;0;;0;;1;2;0;;0;;0;;0;;0;;0;;0;;0;;0;;0;;0;;0;;;;;
TELEMED;2014;680000684;680000973;1;1;1;1;1;1;1;0;;0;;1;2;1;2;1;3;1;2;1;3;1;;1;2;;;;;;;1;2;;;;;;;1;2;1;;;;1;1;Ophtalmotolgie, urgences, ORL, RCP Obésité et Thyroïde, Cardio;2;RCP Obésité et Thyroïde, cardio;1
TELEMED;2014;680000726;680012648;1;1;1;1;0;0;1;1;22/01/2008;0;;0;;0;;0;;0;;0;;0;;0;;0;;0;;0;;0;;0;;0;;0;;1;2;0;;0;;0;;handicap et rééducation;2;handicap et rééducation;2
TELEMED;2014;680001245;680000973;0;0;1;1;0;0;0;0;;0;;;;;;;;;;;;;;;;;;;;;;;;;;;;;;;;;;;;;;Chirurgie Pédiatrique;;Chirurgie Pédiatrique, diagnostic prénatal;2
TELEMED;2014;680003324;680014495;1;1;1;1;1;0;1;0;;0;;0;;0;;0;;0;;0;;0;;0;;0;;0;;0;;0;;0;;0;;1;2;1;3;0;;0;;0;;Handicap;3;;
TELEMED;2014;680004579;680000973;1;0;1;0;0;0;0;0;;0;;;;;;;;;;;;;;;;;;;;;;1;2;;;;;;;1;2;;;;;;;;;;
TELEMED;2014;690000013;690780036;0;0;0;0;0;1;0;0;;0;;;;;;;;;;;;1;3;;;;;;;;;;;;;;;;;;;;;;;;;;;;
TELEMED;2014;690000021;690780044;0;0;0;1;0;0;0;0;;;;0;;0;;0;;0;;0;;1;3;0;;0;;0;;0;;0;;0;;0;;0;;0;;0;;0;;0;;;;;
TELEMED;2014;690000096;690780119;0;0;0;1;0;0;0;0;01/09/2012;0;;0;;0;;0;;0;;0;;1;3;0;;0;;0;;0;;0;;0;;0;;0;;0;;0;;0;;0;;;;;
TELEMED;2014;690000245;690780432;0;0;0;1;0;0;0;0;01/01/2014;0;;0;;0;;0;;1;3;0;;0;;0;;0;;0;;0;;0;;0;;0;;0;;0;;0;;0;;0;;;;;
TELEMED;2014;690000625;690782271;0;1;0;1;0;0;0;1;01/01/2014;0;;0;;0;;0;;1;2;0;;0;;0;;0;;0;;0;;0;;0;;0;;0;;0;;0;;0;;0;;;;;
TELEMED;2014;690004718;690796552;1;0;0;1;1;0;1;0;12/03/2014;0;;1;2;0;;0;;0;;0;;0;;0;;0;;0;;0;;0;;0;;0;;0;;0;;0;;0;;0;;;;;
TELEMED;2014;690007075;690002225;1;1;0;1;0;1;1;1;01/09/2006;1;0.34;1;1;0;;0;;0;;0;;0;;0;;0;;0;;0;;0;;0;;0;;0;;0;;0;;0;;0;;;;;
TELEMED;2014;690022058;690002225;1;1;0;1;0;1;1;1;01/09/2006;1;0.34;1;3;0;;0;;0;;0;;1;1;0;;0;;0;;0;;0;;0;;0;;0;;0;;0;;0;;0;;;;;
TELEMED;2014;690023098;690002225;1;1;0;1;0;1;1;1;01/09/2006;1;0.34;1;3;0;;0;;0;;0;;0;;0;;0;;0;;0;;0;;0;;0;;0;;0;;0;;0;;0;;;;;
TELEMED;2014;690024773;690002225;1;1;0;1;0;1;1;1;01/09/2006;1;0.34;1;3;0;;0;;0;;0;;0;;0;;0;;0;;0;;0;;0;;0;;0;;0;;0;;0;;0;;;;;
TELEMED;2014;690780390;690000229;1;0;0;0;0;0;0;0;20/04/2014;0;;;;;;;;1;1;;;;;;;;;;;;;;;;;;;;;;;;;;;;;;;;
TELEMED;2014;690780416;690031190;0;1;0;1;0;0;0;0;01/01/2014;0;;0;;0;;1;2;1;2;1;2;1;2;0;;0;;0;;0;;0;;0;;0;;0;;0;;0;;0;;0;;;;;
TELEMED;2014;690783154;690781810;0;0;1;0;0;0;0;0;;;;1;;;;;;;;1;1;;;;;;;;;;;;;;;;;;;;;;;;;;;;;;
TELEMED;2014;690784137;690781810;1;1;1;1;0;0;0;0;;;;1;;;;;;;;1;;;;;;;;1;;;;1;;;;;;;;;;;;;;;;;;;
TELEMED;2014;690784152;690781810;0;0;1;0;0;0;0;0;;0;;0;1;;;0;;;;1;1;;;0;;;;0;;;;0;;;;0;;;;0;;;;0;;;;ophtalmologie;;;
TELEMED;2014;690784178;690781810;0;1;1;1;0;1;0;1;;1;0.5;;;;;1;;;;1;;;;;;;;;;;;;;;;;;;;;;;;;;;;;;;
TELEMED;2014;690807755;690002225;1;1;0;1;0;1;1;1;01/09/2006;1;0.34;1;1;0;;0;;0;;0;;0;;0;;0;;0;;0;;0;;0;;0;;0;;0;;0;;0;;0;;;;;
TELEMED;2014;700000011;700780026;0;1;0;1;0;1;0;1;01/01/2006;1;0.1;0;;0;;0;;1;3;0;;1;3;0;;0;;0;;1;1;0;;0;;0;;0;;0;;0;;;;0;;;;;
TELEMED;2014;700000029;700004591;0;1;0;1;0;0;0;1;01/01/2005;1;0.2;0;;0;;0;;1;3;0;;0;;0;;0;;0;;0;;0;;0;;0;;0;;0;;0;;0;;0;;;;;
TELEMED;2014;700780042;250006335;0;0;0;1;0;0;0;0;01/02/2014;0;;;;;;;;;;;;1;3;;;;;;;;;;;;;;;;;;;;;;;;;;;;
TELEMED;2014;710978156;710780214;0;1;0;0;0;0;0;0;01/12/2005;0;;0;;0;;0;;0;;0;;0;;0;;0;;0;;0;;0;;1;;0;;0;;0;;0;;0;;0;;;;;
TELEMED;2014;710978263;710780958;1;0;0;0;1;0;0;0;28/12/2012;0;;0;;0;;1;3;0;;0;;1;3;;;0;;0;;0;;1;3;0;;0;;0;;0;;0;;0;;0;;;;;
TELEMED;2014;710978313;710976705;0;1;0;1;0;0;0;1;;0;;0;;0;;0;;1;2;0;;0;;0;;0;;0;;0;;0;;0;;0;;0;;0;;0;;0;;0;;;;;
TELEMED;2014;720000033;720000025;1;0;1;1;1;0;0;0;01/04/2008;0;;0;;0;;1;;0;;0;;1;3;0;;0;;0;;0;;1;3;0;;0;;0;;0;;0;;0;;0;;;;;
TELEMED;2014;720000470;610780082;0;0;1;1;0;0;0;0;02/12/2012;0;;0;;0;;0;;0;;1;3;1;1;0;;0;;0;;0;;1;3;1;3;0;;0;;0;;0;;0;;0;;;;;
TELEMED;2014;720016179;720016724;0;0;0;1;0;0;0;0;02/11/2014;0;;0;;0;;0;;0;;0;;1;3;0;;0;;0;;0;;0;;0;;0;;0;;0;;0;;0;;0;;;;;
TELEMED;2014;720017839;440002590;1;0;1;0;1;0;1;0;30/11/2011;;;1;;0;;0;;0;;0;;0;;0;;0;;0;;0;;0;;0;;0;;0;;0;;0;;0;;0;;;;;
TELEMED;2014;730000031;730000015;1;0;1;1;0;0;0;0;01/01/2008;0;;0;;0;;1;;0;;1;3;1;2;0;;0;;0;;0;;1;;0;;0;2;0;;0;;0;;0;;0;;;;;
TELEMED;2014;730000080;730780103;0;0;0;1;0;1;0;0;01/01/2014;0;;;;0;2;;;1;2;;;1;2;;;1;2;;;;;;;;;;;;;;;;;;;;;;;;
TELEMED;2014;730000247;730780525;0;1;1;1;0;1;0;0;01/01/2010;0;;0;;0;;0;;1;3;1;3;1;3;0;;1;3;0;;0;;0;;0;;0;;0;;0;;0;;0;;0;;;;;
TELEMED;2014;730000262;730002839;0;1;0;1;0;0;0;0;01/06/2014;0;;0;;0;;0;;1;1;1;3;0;;0;;0;;0;;0;;0;;0;;0;;0;;0;;0;;0;;0;;;;Oncologie en Visioconférence;2
TELEMED;2014;730000304;730780582;0;0;0;1;0;0;0;0;01/10/2014;0;;;;;;;;;;;;1;3;;;;;;;;;;;;;;;;;;;;;;;;;;;;
TELEMED;2014;740000237;740781133;1;1;0;0;0;0;0;0;01/01/2014;0;;0;;0;;1;2;1;2;0;;0;;0;;0;;0;;0;;0;;0;;0;;0;;0;;0;;0;;0;;;;;
TELEMED;2014;740000328;740790381;0;1;1;1;0;0;0;0;01/01/2007;0;;0;;0;;0;;0;;0;;0;;0;;1;2;0;;0;;0;;0;;0;;0;;0;;0;;0;;0;;Oncologie Gynécologie;2;Neurochirurgie, gynécologie, oncologie;2
TELEMED;2014;750000499;750140014;1;0;1;0;0;0;0;0;01/01/1995;1;1;0;;0;;1;3;0;;1;3;1;3;1;3;1;2;0;;1;3;0;;0;;0;;0;;1;3;1;3;1;3;0;;Neurochirurgie;3;;
TELEMED;2014;750000549;750150229;0;0;1;0;0;0;1;0;01/06/2013;1;;0;;0;;1;2;0;;1;2;0;;0;;0;;0;;0;;0;;0;;0;;0;;0;;0;;0;;0;;;;;
TELEMED;2014;750100018;750712184;1;0;1;0;0;0;0;0;01/09/2012;;;0;;0;;0;;0;;1;3;1;3;0;;0;;;;0;;0;;0;;0;;0;;0;;0;;1;3;0;;;;;
TELEMED;2014;750100042;750712184;1;0;1;1;0;0;0;0;;;;;;;;;;;;;;;;;;;;;;;;;;;;1;2;;;;;;;1;3;;;OPH & NEUROCHIR;;;
TELEMED;2014;750100083;750712184;1;0;0;0;1;0;0;0;;0;;0;;;;0;;;;0;;;;0;;;;0;;;;0;;;;0;;;;0;;;;0;;;;ORL, Implants cochléaires;;;
TELEMED;2014;750100091;750712184;1;0;1;0;1;0;0;0;;0;;0;;;;0;;;;1;3;;;1;3;;;0;;;;0;;;;0;;;;0;;;;0;;;;Maladies infectieuses, rhumatologie;;;
TELEMED;2014;750100109;750712184;1;0;1;0;1;0;0;0;;;;0;;;;1;3;;;1;3;;;0;;;;0;;;;0;;;;0;;;;0;;;;0;;;;pneumologie pédiatrique, ORL;;;
TELEMED;2014;750100125;750712184;1;1;1;0;1;1;0;0;;;;;;;;1;3;;;;;;;1;2;;;;;;;;;;;1;3;;;;;;;1;3;;;;;;
TELEMED;2014;750100166;750712184;1;0;1;1;1;0;0;0;;0;;0;;0;;0;;1;2;1;2;0;;0;;0;;1;2;0;;1;2;0;;0;;0;;0;;0;;1;2;1;2;;;;
TELEMED;2014;750100208;750712184;1;0;1;1;1;1;1;0;30/06/1994;1;1;0;;0;;1;;0;;1;3;;;1;3;1;3;0;;0;;0;;0;;0;;0;;0;;0;;1;3;;;gyneco obst;3;;
TELEMED;2014;750100232;750712184;0;0;1;0;0;0;0;0;01/01/2008;1;0.5;;;;;;;;;;;;;;;;;;;;;;;;;;;;;;;;;;;;;HEMOSTASE;3;;
TELEMED;2014;750100273;750712184;1;0;1;0;1;0;0;0;;;;1;3;;;0;;;;1;3;;;0;;;;0;;;;0;;;;0;;;;0;;;;0;;;;Urologie;3;;
TELEMED;2014;750801441;750712184;1;1;1;1;1;1;0;0;;0;;0;;0;;0;;1;2;0;;0;;0;;0;;0;;0;;0;;0;;0;;0;;0;;0;;0;;0;;;;;
TELEMED;2014;750803447;750712184;1;0;1;1;1;0;1;0;;0;;;;0;;;;1;1;;;0;;1;3;0;;;;0;;;;0;;;;0;;;;0;;;;0;;;;;
TELEMED;2014;750803454;750712184;0;0;1;0;0;0;0;0;;;;;;;;1;3;;;1;3;;;;;;;;;;;1;3;;;;;;;;;;;;;;;Hématologie;3;;
TELEMED;2014;760000018;760780023;0;0;0;1;0;1;0;0;;;;0;;0;;0;;0;;0;;1;;0;;1;;0;;0;;0;;0;;0;;0;;0;;0;;0;;0;;;;oncologie médicale;
TELEMED;2014;760000158;760780239;1;1;1;1;0;0;0;0;;;;0;;0;;1;3;1;2;1;3;1;3;0;;0;;;;;;1;2;;;0;;0;;1;2;;;;;;;;;;
TELEMED;2014;760000166;760780247;0;1;0;0;0;0;0;0;01/06/2013;0;;0;;;;0;;;;1;2;1;2;0;;;;0;;;;0;;;;0;;;;0;;;;0;;;;;;;
TELEMED;2014;760000190;760780270;1;0;1;0;0;0;0;0;31/01/2007;0;;0;;0;;0;;0;;0;;0;;0;;0;;0;;0;;0;;0;;1;2;0;;0;;0;;0;;0;;;;;
TELEMED;2014;760000372;760780742;0;0;0;1;0;0;0;0;01/04/2008;0;;;;0;;;;0;;;3;1;3;;;0;;;;0;;;;0;;;;0;;;;0;;;;0;;;;;
TELEMED;2014;760805770;760780726;0;0;1;1;1;1;0;0;01/01/2011;0;;0;;0;;0;;1;1;1;3;1;1;1;;1;1;;;;;;;;;1;1;;;1;1;;;;;;;;;;
TELEMED;2014;760921809;760000273;0;0;1;0;0;0;0;0;;0;;0;;0;;0;;0;;0;;0;;0;;0;;0;;0;;0;;0;;0;;0;;0;;0;;0;;0;;ORTHOPEDIE;3;;
TELEMED;2014;770000131;770110013;0;0;0;1;0;0;0;0;01/01/2005;0;;0;;0;;0;;0;;0;;1;;0;;0;;0;;0;;0;;0;;0;;0;;0;;0;;0;;0;;;;;
TELEMED;2014;770000149;770110021;0;0;1;1;0;1;0;0;;0;;0;;0;;0;;1;3;1;2;0;;0;;0;;0;;0;;0;;0;;0;;0;;0;;0;;0;;0;;;;Réseau ophtalmologie diabétologie;2
TELEMED;2014;770000156;770110054;0;1;0;1;0;1;0;0;23/05/2014;0;;0;;0;;0;;1;1;0;;0;;0;;0;1;0;;0;;1;2;0;;0;;0;;0;;0;;0;;0;;;;;
TELEMED;2014;770000172;770110070;0;1;0;1;0;1;0;1;01/08/2012;0;;0;;0;;1;2;1;2;0;;0;;0;;0;;0;;0;;0;;0;;0;;0;;0;;0;;0;;0;;urgences;2;urgences;2
TELEMED;2014;780140075;750804114;0;0;0;1;0;0;0;0;24/04/2006;0;;0;;0;;0;;0;;0;;0;;0;;0;;0;;0;;0;;0;;0;;0;;0;;0;;0;;0;;cardiatel;1;;
TELEMED;2014;780800256;780110078;0;0;0;1;0;0;0;0;01/01/2006;1;0.2;0;;0;;0;;1;3;1;3;0;;0;;0;;0;;0;;0;;1;3;0;;0;;0;;0;;0;;0;;ortho;2;;
TELEMED;2014;800000143;800000028;0;1;0;1;0;1;0;1;;0;;0;;0;;0;;1;2;0;;0;;0;;0;;0;;0;;0;;0;;0;;0;;0;;0;;0;;0;;;;;
TELEMED;2014;800000192;800000044;1;0;1;1;1;0;1;0;;0;;;;0;;;;0;;;;1;2;0;;0;;0;;0;;0;;0;;0;;0;;0;;0;;1;;0;;;;;
TELEMED;2014;800000226;800000069;0;0;0;1;0;0;0;0;;;;0;;0;;0;;0;;0;;0;;0;;0;;0;;0;;0;;0;;0;;0;;0;;0;;0;;0;;;;;
TELEMED;2014;800000390;800000085;0;0;0;1;0;0;0;0;;0;;0;;0;;0;;0;;0;;1;3;0;;0;;0;;0;;0;;0;;0;;0;;0;;0;;0;;0;;;;;
TELEMED;2014;800000432;800000093;0;0;0;1;0;0;0;0;;0;;0;;0;;0;;0;;1;2;0;;0;;0;;0;;0;;0;;0;;0;;0;;0;;0;;0;;0;;;;;
TELEMED;2014;800006124;800000044;1;0;1;0;1;0;1;0;;;;1;2;0;;0;;0;;1;1;1;2;;;0;;;;0;;;;0;;;;0;;;;0;;;;0;;;;;
TELEMED;2014;800015729;800015679;0;0;0;1;0;0;0;0;28/12/2013;1;3;;;;;;;;;;;1;3;;;;;;;;;;;;;;;;;;;;;;;;;;;;
TELEMED;2014;810000224;810000471;0;0;1;0;1;0;0;0;01/01/2000;0;;0;;0;;0;;0;;0;;0;;0;;0;;0;;0;;0;;0;;0;;0;;0;;0;;0;;0;;oncologie medicale;2;;
TELEMED;2014;810000505;810000331;0;0;1;1;0;0;0;0;;0;;0;;0;;1;1;1;1;1;1;1;1;1;1;1;1;0;;0;;0;;0;;0;;0;;0;;0;;0;;0;;medecine interne;2;medecine interne;2
TELEMED;2014;810000521;810000380;0;0;1;1;0;0;0;0;10/05/2001;0;;0;;0;;0;;1;3;0;;1;2;0;;1;1;;;;;;;;;;;;;;;;;;;;;ONCOLOGIE;3;ONCOLOGIE;3
TELEMED;2014;810000562;810000455;0;1;0;1;0;0;0;0;01/07/2002;0;;0;;0;;0;;0;;0;;1;3;0;;0;;0;;0;;0;;0;;0;;0;;0;;0;;0;;0;;;;;
TELEMED;2014;810100008;810100008;1;0;1;0;0;0;0;0;01/11/2014;;;;;;;;;;;;;;;;;;;;;;;;;;;;;1;3;;;;;;;;;;;;
TELEMED;2014;820000065;820000156;0;0;1;1;0;0;0;0;16/05/2015;0;;0;;;;0;;;;0;;;;0;;;;0;;;;0;;;;0;;;;0;;;;0;;;;ophtalmologie/orl;2;ophtalmologie/orl;2
TELEMED;2014;820000420;820000206;0;0;0;1;0;0;0;1;01/01/2009;0;0;;;;;;;1;1;;;;;;;;;;;;;;;;;;;;;;;;;;;;;;;;
TELEMED;2014;830000279;830100517;0;1;0;1;0;0;0;0;;0;;0;;0;;0;;0;;0;;0;;0;;0;;0;;0;;0;;0;;0;;0;;0;;0;;0;;0;;;;Neurochirurgie;3
TELEMED;2014;830000287;830100525;0;0;0;1;0;0;0;0;;0;;0;;0;;0;;1;2;0;;0;;0;;0;;0;;0;;0;;0;;0;;0;;0;;0;;0;;0;;;;;
TELEMED;2014;830000295;830100533;0;0;1;1;0;0;0;0;01/07/2013;0;;1;3;0;;1;3;1;2;1;3;1;3;1;3;1;2;1;3;0;;1;3;0;;1;2;1;2;1;3;0;;0;;0;;;;;
TELEMED;2014;830000311;830100566;1;0;1;1;1;0;1;1;01/01/2014;0;;0;;0;;1;3;0;;0;;0;;0;;0;;0;;0;;1;3;1;1;0;;0;;0;;0;;0;;0;;infectiologie;3;;
TELEMED;2014;830000345;830100616;0;0;0;1;0;0;0;0;;0;;0;;0;;0;;0;;0;;0;;0;;0;;0;;0;;0;;0;;0;;0;;0;;0;;0;;0;;;;Neuro-chirurgie;3
TELEMED;2014;830012548;830002119;1;0;0;0;1;0;0;0;01/07/2013;0;;1;;;;;;;;;;;;;;;;;;;;;;;;;;;;;;;;;;;;;;;
TELEMED;2014;830017372;750721235;0;1;0;1;0;0;0;0;01/06/2013;0;;0;;0;;0;;1;1;0;;0;;0;;1;1;0;;0;;0;;0;;0;;0;;0;;0;;0;;0;;;;Oncologie;1
TELEMED;2014;830100574;750821092;1;0;0;0;0;0;0;0;01/01/1999;0;;0;;0;;0;;0;;0;;0;;0;;0;;0;;0;;0;;0;;0;;0;;0;;0;;0;;0;;neurochirurgie;3;;
TELEMED;2014;830213617;830002119;0;1;0;0;0;1;0;0;01/07/2013;0;;;;1;2;;;;;;;;;;;;;;;;;;;;;;;;;;;;;;;;;;;;
TELEMED;2014;840000343;840000012;0;0;0;0;0;0;1;1;01/03/2011;1;1;;;;;1;1;1;1;1;3;1;3;;;;;;;;;;;;;;;;;;;;;;;;;;;;
TELEMED;2014;840000483;840000087;0;0;1;0;0;0;0;0;01/01/2013;0;;0;;0;;0;;0;;1;3;1;3;0;;0;;0;;0;;0;;0;;0;;0;;0;;0;;0;;0;;;;;
TELEMED;2014;840013312;840003685;0;0;1;1;0;0;0;0;01/03/2013;0;;0;;0;;0;;0;;0;;0;;1;1;1;1;0;;0;;0;;0;;0;;0;;0;;0;;0;;0;;;;;
TELEMED;2014;850000142;850000019;1;0;1;0;1;0;0;0;;0;;1;3;0;;0;3;0;;0;;0;;1;3;0;;0;;0;;0;;0;;0;;0;;0;;0;;0;;0;;;;;2
TELEMED;2014;850000175;850009010;1;0;0;1;0;0;0;0;01/01/2013;1;1;0;;0;;0;;1;2;0;;0;;0;;0;;0;;0;;0;;0;;;;0;;1;2;0;;0;;0;;;;ophtalmologie;2
TELEMED;2014;850000209;850000019;0;0;0;1;0;0;0;0;;;;0;;0;;0;;0;;0;;1;3;0;;0;;0;;0;;0;;0;;0;;0;;0;;0;;0;;0;;;;;
TELEMED;2014;850000241;850000084;0;0;0;1;0;0;0;0;;0;;;;0;;;;1;3;;;1;3;;;0;;;;0;;;;0;;;;0;;;;0;;;;0;;;;Neurotraumatologie;3
TELEMED;2014;850000258;850000092;1;1;1;1;0;0;0;0;01/03/2014;1;0.1;0;;0;;0;;0;;0;;0;;0;;0;;0;;0;;0;;0;;1;;1;2;1;;1;1;0;;0;;;;;
TELEMED;2014;850011271;440002590;0;1;0;1;0;1;0;1;30/11/2011;;;0;;1;;0;;0;;0;;0;;0;;0;;0;;0;;0;;0;;0;;0;;0;;0;;0;;0;;;;;
TELEMED;2014;850022013;850000100;0;1;0;0;0;0;0;0;;1;0.1;0;;0;;0;;0;;0;;0;;0;;0;;0;;0;;0;;0;;0;;0;;0;;1;2;;;0;;;;;
TELEMED;2014;850022047;440002590;0;1;0;1;0;1;0;1;30/11/2011;;;0;;1;;0;;0;;0;;0;;0;;0;;0;;0;;0;;0;;0;;0;;0;;0;;0;;0;;;;;
TELEMED;2014;850023151;440002590;0;1;0;1;0;1;0;1;30/11/2011;;;0;;1;;0;;0;;0;;0;;0;;0;;0;;0;;0;;0;;0;;0;;0;;0;;0;;0;;;;;
TELEMED;2014;860000025;860013382;0;0;1;1;0;0;0;0;12/06/2012;1;0.2;;;;;1;3;1;3;1;3;;;;;;;;;;;;;;;;;;;;;;;;;;;;;;
TELEMED;2014;860000033;860013382;0;0;1;1;0;0;0;0;12/06/2012;1;0.05;0;;0;;1;3;1;3;1;3;0;;0;;0;;0;;0;;0;;0;;0;;0;;0;;0;;0;;0;;;;;
TELEMED;2014;860000223;860013077;1;1;1;1;1;0;0;0;24/03/2011;0;;;;;;1;3;;;1;3;;;1;2;;;;;;;;;;;;;;;;;;;;;;;neurochirurgie;3;neurochirurgie;3
TELEMED;2014;870000064;870000015;1;1;1;1;1;0;1;0;01/01/1992;1;1.64;1;2;0;;1;3;0;;1;3;0;;1;1;0;;;;0;;1;1;0;;0;;0;;1;3;0;;;1;1;1;;3;;
TELEMED;2014;870000098;870000023;0;0;0;1;1;0;0;0;09/02/2001;0;;;;;;;;;;1;2;;;;;1;3;;;;;;;;;;;;;;;;;;;;;;;;
TELEMED;2014;870000270;870000031;0;0;0;0;0;1;0;0;;0;;;;;;;;;;;;1;2;;;;;;;;;;;;;;;;;;;;;;;;;;;;
TELEMED;2014;870000288;870017415;0;0;1;0;0;0;0;0;15/06/2014;0;;0;;0;;0;;0;;0;;0;;1;3;0;;0;;0;;0;;0;;0;;0;;0;;0;;0;;0;;;;;
TELEMED;2014;870001567;870014503;0;0;0;1;0;1;0;0;;;;0;;0;;0;;0;;0;;0;;0;;0;;0;;0;;0;;0;;0;;1;;0;;0;;0;;0;;;;;
TELEMED;2014;870006137;870002466;1;0;1;0;0;0;0;0;01/01/2014;;;0;;;;0;;;;0;;;;0;;;;0;;;;0;;;;1;;;;0;;;;0;;;;;;;
TELEMED;2014;880000021;880007059;0;1;0;0;0;0;0;0;;0;;0;;0;;0;;1;2;1;3;1;3;0;;0;;0;;0;;0;;0;;0;;0;;0;;0;;0;;0;;;;;
TELEMED;2014;880000047;880780077;0;1;0;1;1;0;0;0;03/11/2009;0;;;;;;;;1;2;1;3;1;2;;;;;;;;;;;;;;;;;;;;;;;;;;;;
TELEMED;2014;880000054;880007299;0;0;0;1;0;0;0;0;;0;;0;;0;;0;;1;2;0;;1;2;0;;0;;0;;0;;0;;0;;0;;0;;0;;0;;0;;0;;;;;
TELEMED;2014;880000062;880780093;0;0;0;1;0;0;0;0;01/01/1996;0;;0;;0;;0;;0;;0;3;1;3;0;;0;;0;;0;;0;;0;;0;;0;;0;;0;;0;;0;;;;;
TELEMED;2014;890975527;890000037;0;1;0;0;0;0;0;0;01/01/2012;0;;;;;;;;1;2;;;;;;;;;;;;;;;;;;;;;;;;;;;;;;;;
TELEMED;2014;890975543;890000417;0;1;0;1;0;1;0;1;;0;;0;;0;;0;;1;2;0;;1;3;0;;0;;0;;0;;0;;0;;0;;0;;0;;0;;0;;0;;;;Chirurgie viscérale et orthopédique;3
TELEMED;2014;890975550;890970569;0;0;0;1;1;0;0;1;01/01/2013;0;;0;;0;;0;;1;1;0;;0;;0;;0;;0;;0;;0;;0;;0;;0;;0;;0;;0;;;;;;Oncologie, gastro, hépatho et Infectiologie;2
TELEMED;2014;890975568;890000433;0;1;0;1;0;0;0;0;08/08/2011;0;;0;;0;;0;;1;2;0;;0;;0;;0;;0;;0;;0;;0;;0;;0;;0;;0;;0;;0;;;;;
TELEMED;2014;910009919;910009869;0;0;0;0;0;1;0;0;;0;;0;;0;;0;;1;2;0;;0;;0;;0;;0;;0;;0;;0;;0;;0;;0;;0;;0;;0;;;;CHIRURGIE ORTHOPEDIQUE;2
TELEMED;2014;910150069;910000033;1;1;1;1;0;1;1;1;08/10/2012;1;0.4;0;;0;;0;;1;1;0;;0;;1;1;0;;0;;0;;0;;1;1;1;1;0;;1;1;0;;0;;0;;consultation mémoire;2;;
TELEMED;2014;920000601;920110053;0;0;0;1;0;0;0;0;01/01/2011;0;0;;;;;;;;;;;1;3;;;;;;;;;;;;;;;;;;;;;;;;;;;;
TELEMED;2014;920000684;920150091;0;0;1;1;0;0;0;0;;0;;0;;0;;0;;0;;1;2;1;;1;2;1;;0;;0;;0;;0;;0;;0;;0;;0;;0;;0;;;;;
TELEMED;2014;920100013;750712184;0;0;1;0;0;0;0;0;;0;;0;;;;0;;;;1;2;;;0;;;;1;2;;;0;;;;0;;;;0;;;;1;2;;;;;;
TELEMED;2014;920100021;750712184;0;0;1;0;0;0;0;0;;0;;0;;0;;0;;0;;0;;0;;0;;0;;0;;0;;0;;0;;0;;0;;0;;0;;0;;0;;Pédiatrie, GynécoObst et orthopédie;2;Pédiatrie, GynécoObst et Orthopédie;1
TELEMED;2014;920100039;750712184;0;0;1;0;0;0;0;0;01/01/2007;1;0.6;;;;;;;;;;;;;;;;;;;;;;;;;;;;;;;;;;;;;HEMOSTASE;3;;
TELEMED;2014;920100047;750712184;0;0;1;0;0;0;0;0;01/01/2004;1;4;;;;;;;;;;;;;;;;;;;;;;;;;;;;;;;;;1;3;;;;;;
TELEMED;2014;920120011;750821092;0;0;1;0;1;0;0;0;;0;;0;;0;;0;;0;;1;2;0;;1;2;0;;0;;0;;0;;0;;0;;0;;0;;0;;;;0;;;;;
TELEMED;2014;920300043;920001526;0;0;0;1;0;0;0;0;01/03/2013;0;;0;;0;;0;;1;2;0;;0;;0;;0;;0;;0;;0;;0;;0;;0;;0;;0;;0;;0;;;;;
TELEMED;2014;920300787;920000981;0;1;0;1;0;1;0;1;01/08/2013;0;;;;;;;;1;1;;;1;1;;;1;1;;;;;;;;;;;;;;;;;;;;;;;;
TELEMED;2014;920300936;920006848;0;0;1;0;0;0;0;0;;0;;0;;0;;0;;0;;0;;0;;0;;0;;0;;0;;0;;0;;0;;0;;0;;0;;0;;0;;;;;
TELEMED;2014;920301033;920001062;0;0;1;1;0;0;0;0;;0;;0;;0;;0;;0;;0;;0;;0;;0;;0;;0;;0;;0;;0;;0;;0;;0;;0;;0;;ONCOLOGIE;;ONCOLOGIE;
TELEMED;2014;930100037;750712184;1;0;1;1;1;1;0;0;01/01/2005;1;1;;;;;;;1;1;;;1;2;;;1;2;1;3;1;2;;;;;;;1;2;;;;;;;1;2;infectiologie;3;;
TELEMED;2014;930300595;930000658;1;1;1;1;1;1;0;0;;0;;0;;0;;0;;0;;1;3;1;3;0;;0;;0;;0;;0;;0;;0;;0;;0;;0;;0;;0;;;;;
TELEMED;2014;940100027;750712184;0;0;1;0;1;0;0;0;;0;;0;;0;;1;;0;;1;3;0;;1;;0;;0;;0;;0;;0;;0;;0;;0;;0;;0;;0;;;;;
TELEMED;2014;940100043;750712184;0;0;1;1;0;0;0;0;01/01/2012;;;0;;;;1;2;;;1;3;;;0;;;;0;;;;0;;;;;;;;;;;;;;;;Anatomie pathologie - orthopédie;3;Gynécologie;3
TELEMED;2014;940100068;750712184;0;0;1;0;0;0;0;0;01/01/2012;;;0;;0;;0;;0;;0;;0;;0;;0;;0;;0;;0;;0;;0;;0;;0;;0;;0;;0;;Anapath;3;;
TELEMED;2014;950000307;950110015;0;0;1;0;0;0;0;0;01/07/2013;0;;;;;;;;;;;;;;;;;;;;;;1;3;;;;;;;;;;;;;;;;;;
TELEMED;2014;950000323;950013870;0;0;0;1;0;0;0;0;03/04/2014;0;;0;;0;;0;;0;;0;;0;;0;;0;;0;;0;;0;;0;;0;;0;;0;;0;;0;;0;;;;ANAPATH / NEUROCHIRURGIE;2
TELEMED;2014;970100400;970100186;0;1;0;1;0;0;0;0;01/06/2012;0;;;;0;;;;1;2;;;1;2;;;0;;;;0;;;;0;;;;0;;;;0;;;;0;;;;Neuro chirurgie;2
TELEMED;2014;970100426;970100202;0;0;0;1;0;0;0;1;24/01/2012;0;;0;;0;;0;;1;1;0;;1;1;0;;1;2;0;;1;1;0;;0;;0;;0;;0;;1;1;0;;1;1;;;;
TELEMED;2014;970100442;970100228;1;0;0;0;0;0;0;0;;0;;;;;;1;2;0;;;;;;;;;;0;;0;;;;;;;;;;;;;;;;;;Urgences;1;;
TELEMED;2014;970400024;970408589;1;0;0;0;0;0;1;0;13/07/2010;0;;;;;;;;;;;;1;3;;;;;;;;;;;;;;;;;;;;;;;;;Médecine d'urgence;3;;
TELEMED;2014;970400057;970408589;1;0;1;0;1;0;1;0;01/01/2010;0;;;;;;;;;;;;;;1;3;;;;;;;;;;;;;;;;;;;;;;;;;;
TELEMED;2014;970400065;970421038;0;0;1;1;1;0;0;1;;0;;0;;;;0;;1;;1;3;1;;0;;0;;1;;0;;0;;0;;0;;0;;0;;0;;0;;0;;Gynéco Cancero;2;Gyneco Cancero;2
TELEMED;2014;970400099;970408589;0;1;0;1;0;1;0;1;01/11/2007;0;;;;;;;;;;;;;;;;;;;;;;;;;;;;;;;;;;;;;;;;SAMU;3
