BOR;AN;FI;FI_EJ;AUT;SAL;SALANG;SEJ;JOU;ACT;ACT1;ACT2;ACT3;ADU;ENF;GREF;SALAS;CEC;INTENF;INTADU;INTURG;INTCEC;LIT_CHIRC;LIT_CAR;SEJ_CHIRC;JOU_CHIRC
CHIRCAR;2014;010000024;010780054;1;1;0;342;1380;368;60;0;308;0;0;0;;;0;0;;0;;;0;0
CHIRCAR;2014;010780195;010000156;1;;1;730;2014;812;101;0;711;0;0;0;;;0;0;;0;;;0;0
CHIRCAR;2014;020000162;020000063;1;0;1;629;3086;734;114;0;620;0;0;0;;;0;0;;0;;;0;0
CHIRCAR;2014;020000519;020000261;1;;1;128;535;132;98;0;34;0;0;0;;;0;0;;0;;24;0;0
CHIRCAR;2014;030000061;030780092;1;1;0;325;1563;337;283;0;54;0;0;0;0;0;0;0;;0;0;24;0;0
CHIRCAR;2014;030000087;030780118;1;1;1;992;1994;1024;87;0;937;0;0;0;;;0;0;;0;;;0;0
CHIRCAR;2014;060000510;060780954;1;1;1;699;3118;820;308;0;512;0;0;0;;;0;0;;0;;45;0;0
CHIRCAR;2014;060000544;060780988;1;2;1;714;2022;767;285;0;482;0;0;0;;;0;0;;0;;;0;0
CHIRCAR;2014;060780715;060000361;1;0;3;1365;4216;1434;487;0;947;0;0;0;;;0;0;;0;;;0;0
CHIRCAR;2014;060785003;060785011;1;2;2;1029;3773;1238;635;0;603;1;0;0;;;0;0;;0;;42;0;0
CHIRCAR;2014;060785219;060001468;1;1;;580;1631;1040;1040;0;0;0;0;0;;;0;0;;0;;35;0;0
CHIRCAR;2014;060794013;060790797;1;3;3;1547;3819;1797;607;0;1190;1;0;0;2;2;1;557;76;512;24;;3245;4210
CHIRCAR;2014;080000425;080000615;1;0;1;83;446;89;89;0;0;0;0;0;;;0;0;;0;;;0;0
CHIRCAR;2014;100000090;100000017;1;1;1;594;2391;650;166;0;484;0;0;0;;;0;0;;0;0;45;0;0
CHIRCAR;2014;110000023;110780061;1;;1;335;1421;364;91;0;273;0;0;0;;;0;0;;0;;;0;0
CHIRCAR;2014;110000056;110780137;1;1;0;65;364;70;70;0;0;0;0;0;;;0;0;;0;;;0;0
CHIRCAR;2014;120000039;120780044;1;2;1;804;3667;910;318;0;592;0;0;0;;;0;0;;0;;;0;0
CHIRCAR;2014;130000409;130041916;1;2;2;1026;3395;1181;415;0;766;0;0;0;;;0;0;;0;;24;0;0
CHIRCAR;2014;130002827;130789274;1;1;0;69;285;72;72;0;0;0;0;0;;;0;0;;0;;;0;0
CHIRCAR;2014;130002835;130789316;1;1;0;86;447;96;96;0;0;0;0;0;0;0;0;0;0;0;0;16;0;0
CHIRCAR;2014;130041767;130041262;1;0;2;596;1883;625;46;0;579;0;0;0;;;0;0;;0;;;0;0
CHIRCAR;2014;130042096;130042062;1;2;2;1082;3749;1209;179;0;1030;0;0;0;;;0;0;;0;;;0;0
CHIRCAR;2014;130780521;130786049;1;2;1;1866;5191;2243;814;0;1429;0;0;0;;;0;0;;0;0;30;0;0
CHIRCAR;2014;130781479;130000599;1;3;2;820;3097;931;208;0;723;0;0;0;;;0;0;;0;;;0;0
CHIRCAR;2014;130782147;130000979;1;0;1;752;2913;956;49;0;907;0;0;0;;;0;0;;0;;;0;0
CHIRCAR;2014;130783293;130786049;1;5;3;1665;6176;1867;785;1;1081;1;0;1;3;3;3;1165;;1059;46;54;1475;13037
CHIRCAR;2014;130784051;130037823;1;3;3;1784;6846;2103;909;0;1194;1;0;0;4;5;0;1095;1;947;22;34;1004;13781
CHIRCAR;2014;130784713;130038847;1;2;1;1264;6026;1474;340;0;1134;0;0;0;;;0;0;;0;;20;0;0
CHIRCAR;2014;130785652;130014228;1;2;1;1577;5885;1883;1102;0;781;1;0;0;2;2;2;807;179;699;22;51;847;6928
CHIRCAR;2014;130804297;130786049;1;1;0;172;659;187;3;178;6;0;1;1;2;2;392;2;;2;0;0;465;2427
CHIRCAR;2014;140000209;140000100;1;4;2;2186;4777;2371;705;3;1663;1;0;1;2;2;6;852;;717;12;42;1821;3748
CHIRCAR;2014;140017237;140003278;1;2;1;2287;6389;2474;522;0;1952;1;0;0;2;2;0;610;;574;;40;0;0
CHIRCAR;2014;150000040;150780096;1;1;0;262;1058;286;77;0;209;0;0;0;;;0;0;;0;;;0;0
CHIRCAR;2014;160000253;160000451;1;1;1;1253;4046;1311;253;0;1058;1;0;0;;;0;160;;0;;56;0;0
CHIRCAR;2014;170000087;170023279;1;1;1;1837;5120;2007;680;0;1327;0;0;0;;;0;;;0;;;0;0
CHIRCAR;2014;170000103;170780175;1;1;0;514;1964;554;218;0;336;0;0;0;;;0;0;;0;;;0;0
CHIRCAR;2014;180000010;180000028;1;2;2;1142;4141;1270;196;0;1074;0;0;0;;;0;0;;0;0;51;0;0
CHIRCAR;2014;190000018;190000042;1;1;1;793;2149;873;118;0;755;0;0;0;;;0;0;;0;0;45;0;0
CHIRCAR;2014;190000026;190000059;1;;;144;502;149;67;0;82;0;0;0;;;0;0;;0;;;0;0
CHIRCAR;2014;190000091;190000075;1;0;0;0;0;30;30;5;0;0;0;0;;;;;;;;;0;0
CHIRCAR;2014;210780979;210000295;1;;2;1454;3175;1511;259;0;1252;0;0;0;;;0;0;;0;;;0;0
CHIRCAR;2014;210987558;210780581;1;3;2;2127;7881;2398;747;16;1635;1;1;0;2;3;6;1158;;978;;44;0;0
CHIRCAR;2014;220000012;220000020;1;2;2;1077;3583;1173;354;0;819;0;0;0;;;0;0;;0;;;0;0
CHIRCAR;2014;220000095;220000046;1;1;;0;0;98;98;0;0;0;0;0;;;0;0;;0;;;0;0
CHIRCAR;2014;230000820;230780041;1;1;;105;625;108;104;0;4;0;0;0;;;0;0;;0;;;0;0
CHIRCAR;2014;240000489;240000117;1;1;1;922;3563;1074;309;0;765;0;0;0;0;0;0;0;0;0;0;44;0;0
CHIRCAR;2014;250000114;900000365;1;2;0;515;1816;578;485;0;93;0;0;0;;;0;0;;0;0;22;0;0
CHIRCAR;2014;250000270;250000643;1;1;1;744;2169;779;304;0;475;0;0;0;;;0;0;;0;;;0;0
CHIRCAR;2014;250006954;250000015;1;3;3;1375;3897;1537;396;0;1141;1;0;0;3;3;3;974;;727;24;36;1173;7182
CHIRCAR;2014;260000013;260000021;1;1;1;1199;4145;1280;303;0;977;0;0;0;;;0;0;;0;;47;0;0
CHIRCAR;2014;270000359;270023724;1;;;232;1680;;;;;0;0;;;;;;;;;;0;0
CHIRCAR;2014;270000862;270000953;1;;1;413;1751;434;93;0;341;0;0;0;;;0;0;;0;;;0;0
CHIRCAR;2014;280504267;280000134;1;0;1;1182;3544;1274;403;0;871;0;0;0;;;0;0;;0;;;0;0
CHIRCAR;2014;290000025;290020700;1;0;1;554;1868;574;114;0;460;0;0;0;;;0;0;;0;;36;0;0
CHIRCAR;2014;290004324;290000017;1;3;3;1215;4156;1453;664;0;789;1;0;0;2;2;3;787;;649;31;50;1619;9455
CHIRCAR;2014;290019777;290022508;1;1;1;460;1521;501;63;0;438;0;0;0;;;0;0;;0;;12;0;0
CHIRCAR;2014;2A0000022;2A0000014;1;1;1;587;2383;670;50;0;620;0;0;0;;;0;0;;0;;;0;0
CHIRCAR;2014;2A0000097;2A0000063;1;;1;32;133;33;0;0;33;0;0;0;;;0;0;;0;;;0;0
CHIRCAR;2014;2B0000012;2B0000020;1;1;1;815;2005;871;69;0;802;0;0;0;0;0;0;0;0;0;0;28;0;0
CHIRCAR;2014;300780152;300000114;1;0;2;1423;5332;1659;616;0;1043;1;0;0;2;2;0;439;62;367;;46;0;0
CHIRCAR;2014;300782117;300780038;1;2;2;1730;5113;1905;625;0;1280;0;0;0;;;0;0;;0;;;0;0
CHIRCAR;2014;310016977;310781406;1;1;1;117;215;126;5;120;1;0;1;0;1;2;298;0;46;0;0;0;0;0
CHIRCAR;2014;310780259;310000096;1;2;3;4913;10476;5354;2087;6;3261;1;0;0;4;3;2;1488;17;1403;38;74;2649;11298
CHIRCAR;2014;310780309;310000120;1;1;0;621;2296;719;90;0;629;0;0;0;;;0;0;;0;;;0;0
CHIRCAR;2014;310781000;310788880;1;1;2;873;2208;969;106;0;863;0;0;0;;;0;0;;0;;;0;0
CHIRCAR;2014;310783055;310781406;1;5;5;3800;13476;4511;1272;0;3239;1;0;1;4;4;1;1671;358;1451;25;60;1396;3342
CHIRCAR;2014;330000605;330781253;1;1;1;889;3119;943;316;0;627;0;0;0;;;0;0;;0;0;43;0;0
CHIRCAR;2014;330780081;330000043;1;2;2;1566;4561;1830;833;2;995;1;0;0;;2;0;1974;;1866;35;40;1429;9440
CHIRCAR;2014;330780354;330000225;1;1;1;972;2907;1053;316;0;737;0;0;0;;;0;0;;0;;14;0;0
CHIRCAR;2014;330780503;330000308;1;1;1;1176;3419;1255;49;0;1206;0;0;0;;;0;0;;0;;25;0;0
CHIRCAR;2014;330781352;330781196;1;;;119;630;129;98;0;31;0;0;0;;;0;0;;0;0;30;0;0
CHIRCAR;2014;330783648;330781196;1;7;3;3249;11892;4426;2322;69;2035;1;1;1;6;6;362;2487;;2246;69;174;2391;18406
CHIRCAR;2014;340015502;340000512;1;3;3;1807;5712;1937;775;0;1162;1;0;0;2;2;0;539;;461;20;;964;4607
CHIRCAR;2014;340780667;340000280;1;2;2;669;2794;762;210;0;552;0;0;0;;;0;0;;0;;;0;0
CHIRCAR;2014;340796663;340780477;1;0;3;2192;7848;2594;931;13;1650;1;0;1;3;3;9;876;;773;56;64;2572;14488
CHIRCAR;2014;350000147;350000022;1;1;1;718;2570;821;226;0;595;0;0;0;;;0;0;;0;;;0;0
CHIRCAR;2014;350000741;350005179;1;5;2;1695;6707;1888;1014;12;862;1;0;1;5;3;13;1754;;1475;40;86;2938;11233
CHIRCAR;2014;350002192;220020739;1;3;2;1087;3035;1109;260;0;849;0;0;0;;;0;0;;0;;;0;0
CHIRCAR;2014;360000137;360000053;1;1;0;312;1566;244;244;0;0;1;0;0;;;0;0;3;0;;;0;0
CHIRCAR;2014;370000085;370000077;1;2;2;1550;5261;1769;730;0;1039;1;0;0;2;2;0;652;26;617;6;;0;0
CHIRCAR;2014;370000499;370000481;1;;;53;68;57;0;57;0;0;1;;2;2;196;2;;2;4;0;183;988
CHIRCAR;2014;370004467;370000481;1;0;2;2422;8065;2672;1378;1;1293;1;0;1;2;2;1;859;;812;8;65;1016;2342
CHIRCAR;2014;380000034;380780049;1;1;0;70;399;71;70;0;1;0;0;0;;;0;0;;0;;;0;0
CHIRCAR;2014;380000067;380780080;1;3;3;1970;7129;2186;1252;17;917;1;0;1;2;4;3;843;230;756;25;72;938;7210
CHIRCAR;2014;380012658;380012609;1;3;0;989;3015;1046;102;0;944;0;0;0;;;0;0;;0;;;0;0
CHIRCAR;2014;380786442;380798025;1;1;1;1271;2909;1496;514;0;982;0;0;0;;;0;0;;0;;40;0;0
CHIRCAR;2014;400000105;400780193;1;0;0;179;900;189;181;0;1;0;0;0;;;0;0;;0;;33;0;0
CHIRCAR;2014;400000139;400011177;1;0;1;594;2021;659;92;0;567;0;0;0;;;0;0;;0;;28;0;0
CHIRCAR;2014;410000020;410000087;1;0;0;258;1235;272;262;0;10;0;0;0;0;0;0;0;;0;0;24;0;0
CHIRCAR;2014;420000010;420780033;1;1;0;150;683;167;160;0;7;0;0;0;;;0;0;;0;;22;0;0
CHIRCAR;2014;420011413;420011405;1;1;0;703;2571;764;191;0;573;0;0;0;;;0;0;;0;;;0;0
CHIRCAR;2014;420785354;420784878;1;5;2;2291;8243;2683;1408;0;1275;1;0;0;2;2;1;869;;789;10;54;606;3608
CHIRCAR;2014;430000117;430000018;1;1;;82;384;85;81;0;4;0;0;0;;;0;0;;0;;32;0;0
CHIRCAR;2014;440000016;440000057;1;1;1;437;2031;465;148;0;317;0;0;0;;;0;0;0;0;;28;0;0
CHIRCAR;2014;440000271;440000289;1;1;;81;649;85;12;49;24;0;1;0;;;0;0;;0;0;0;0;0
CHIRCAR;2014;440017598;440000289;1;3;3;1936;7486;2190;932;2;1256;1;0;1;;;0;0;;0;0;0;0;0
CHIRCAR;2014;440041580;440041572;1;0;3;2993;7576;3219;1744;0;1475;0;0;0;0;0;0;0;;0;0;64;0;0
CHIRCAR;2014;450000294;450000591;1;3;3;1178;4777;1286;474;0;812;0;0;0;;;0;0;;0;;;0;0
CHIRCAR;2014;450002613;450000088;1;;;1028;3378;1176;385;0;791;0;0;;;;0;0;;0;;;0;0
CHIRCAR;2014;470000027;470014069;1;;2;1211;4585;1355;387;0;968;0;0;0;;;0;0;;0;;32;0;0
CHIRCAR;2014;490000049;490000031;1;3;1;1441;7096;1675;448;0;1227;1;1;0;3;3;18;876;;783;10;51;613;1973
CHIRCAR;2014;490000262;490000171;1;1;0;1169;3583;1245;718;0;527;0;0;0;;;0;0;;0;;;0;0
CHIRCAR;2014;510000185;510000532;1;1;1;1159;4264;1264;408;0;856;0;0;0;;;0;0;;0;;;0;0
CHIRCAR;2014;510002447;510000029;1;1;2;1416;5244;1528;558;0;970;1;0;0;2;2;0;625;;536;20;52;1104;5879
CHIRCAR;2014;530000264;530000371;1;1;;536;2700;589;122;0;467;0;0;0;;;0;0;;0;;;0;0
CHIRCAR;2014;540000445;540000890;1;2;2;1441;3775;1565;643;0;922;0;0;0;;;0;0;;0;;;0;0
CHIRCAR;2014;540000478;540003449;1;3;3;2021;4381;2249;203;0;2046;0;0;0;;;0;0;;0;0;12;0;0
CHIRCAR;2014;540002698;540023264;1;6;3;2767;9748;3319;1653;24;1642;1;0;1;3;3;9;1031;;805;24;76;1865;7102
CHIRCAR;2014;550000012;550006795;1;0;0;88;629;97;76;0;21;0;0;0;;;0;0;;0;;;0;0
CHIRCAR;2014;560000127;560023210;1;1;0;1022;3078;1057;312;0;745;0;0;0;;;;;;;;;0;0
CHIRCAR;2014;560000135;560005746;1;1;1;1234;3717;1264;373;0;891;0;0;0;;;0;0;;0;;;0;0
CHIRCAR;2014;570000646;570001115;1;1;2;1264;3085;1396;417;0;979;1;0;0;2;4;0;673;;501;21;24;925;5776
CHIRCAR;2014;570026682;570005165;1;2;2;2366;5276;2584;694;0;1890;1;0;0;2;2;0;521;38;315;23;58;885;6123
CHIRCAR;2014;580972693;580780039;1;1;1;894;3530;930;91;0;839;0;0;0;;;0;0;;0;;;0;0
CHIRCAR;2014;590000337;590781415;1;0;1;591;1518;738;69;0;669;0;0;0;0;0;0;0;;0;;42;0;0
CHIRCAR;2014;590000428;590781605;1;;;66;282;67;16;0;51;0;0;0;;;0;0;;0;;;0;0
CHIRCAR;2014;590000535;590781803;1;;;64;466;81;54;0;27;0;0;;;;0;0;;0;;;0;0
CHIRCAR;2014;590000618;590782215;1;2;2;1139;4259;2887;621;0;2266;0;0;0;;;0;0;;0;;;0;0
CHIRCAR;2014;590001004;590783239;1;;;216;980;224;45;0;179;0;0;0;;;0;0;;0;;;0;0
CHIRCAR;2014;590008041;590008033;1;;1;1174;3733;1420;767;0;653;0;0;0;;;0;0;;0;;;0;0
CHIRCAR;2014;590780268;590053955;1;1;1;874;2750;964;285;0;679;1;0;0;2;2;0;849;;785;20;23;866;3483
CHIRCAR;2014;590780284;590051801;1;1;1;1079;5238;1310;819;0;491;0;0;0;;;0;0;;0;;;0;0
CHIRCAR;2014;590780383;590000204;1;;1;724;1967;744;87;0;657;0;0;0;;;0;0;;0;;;0;0
CHIRCAR;2014;590782553;590000741;1;1;1;491;1593;507;108;0;399;0;0;0;;;0;0;;0;;;0;0
CHIRCAR;2014;590787586;590780193;1;5;3;2087;8455;2563;1063;125;1375;1;1;1;3;3;15;2022;;1650;78;127;2594;20031
CHIRCAR;2014;590801106;590782421;1;2;1;531;2465;571;270;0;301;0;0;0;;;0;0;;0;;;0;0
CHIRCAR;2014;590804696;590781902;1;0;0;146;588;146;1;0;145;0;0;0;;;0;0;;0;;;0;0
CHIRCAR;2014;600000467;600101984;1;1;0;881;3062;928;217;0;711;0;0;0;;;0;0;;0;;;0;0
CHIRCAR;2014;600113476;600100721;1;1;1;701;3361;773;195;1;577;0;0;0;;0;0;0;;0;0;;0;0
CHIRCAR;2014;610000051;610780082;1;0;0;83;362;91;50;0;41;0;0;0;;;0;0;;0;;22;0;0
CHIRCAR;2014;620000034;620100057;1;0;0;411;1701;431;108;0;323;0;0;0;;;0;0;;0;0;;0;0
CHIRCAR;2014;620000257;620100685;1;0;3;1148;4896;1274;623;0;651;1;0;0;3;2;0;272;;224;6;64;276;1659
CHIRCAR;2014;620000349;620101360;1;;;64;460;67;58;0;9;0;0;0;;;0;0;;0;;27;0;0
CHIRCAR;2014;620000653;620103440;1;1;1;794;2321;825;227;0;598;0;0;0;;;0;0;;0;;;0;0
CHIRCAR;2014;620101501;620000364;1;2;2;1351;4244;1465;538;0;927;1;0;0;2;2;0;320;;267;9;;297;1766
CHIRCAR;2014;620118513;620002915;1;2;1;518;1487;544;121;0;423;0;0;0;;;0;0;;0;;;0;0
CHIRCAR;2014;630000404;630780989;1;3;3;2422;8100;2994;1277;32;1685;1;0;1;3;3;1;1292;;1185;24;72;982;6839
CHIRCAR;2014;630780211;630000107;1;2;1;1294;3756;1523;470;0;1053;0;0;;;;0;0;;0;;;0;0
CHIRCAR;2014;640000162;640780417;1;;;249;1005;263;165;0;98;0;0;0;;;0;0;;0;;;0;0
CHIRCAR;2014;640000600;640781290;1;2;1;1427;2649;1583;743;0;840;0;0;0;;;0;0;;0;;;0;0
CHIRCAR;2014;640016580;640010658;1;1;;726;2565;773;773;0;0;0;0;0;;;0;0;;0;;;0;0
CHIRCAR;2014;640016598;640010658;1;;2;1202;3101;1282;0;0;1282;0;0;0;;;0;0;;0;;;0;0
CHIRCAR;2014;640781225;640000568;1;;2;656;2150;686;247;0;439;0;0;0;;;0;0;;0;;;0;0
CHIRCAR;2014;650000417;650783160;1;;1;453;1646;492;139;0;353;0;0;0;;;0;0;;0;0;24;0;0
CHIRCAR;2014;650780679;650000243;1;;1;738;3329;850;262;0;588;1;0;0;;;0;0;;0;;;0;0
CHIRCAR;2014;660000084;660780180;1;2;1;1008;3932;1163;363;0;800;0;0;0;;;0;0;;0;;30;0;0
CHIRCAR;2014;660780784;660000407;1;3;2;2014;6406;2472;656;0;1816;1;0;0;2;2;0;477;48;463;;;0;0
CHIRCAR;2014;670000025;670780055;1;1;2;2183;8236;2472;1111;0;1361;1;0;1;;;118;1401;;1416;48;91;1312;6648
CHIRCAR;2014;670000157;670780337;1;3;2;1208;4099;1254;284;0;970;0;0;0;;;0;0;;0;;;0;0
CHIRCAR;2014;670014430;670001734;1;1;1;1187;2397;1259;198;54;1007;0;0;0;;;0;0;;0;;;0;0
CHIRCAR;2014;670783273;670780055;1;1;2;54;346;56;2;41;13;0;1;0;1;1;0;0;;0;;4;0;0
CHIRCAR;2014;680000320;680000643;1;0;2;1300;5136;1404;172;0;1232;0;0;0;;;0;0;;0;;;0;0
CHIRCAR;2014;680000684;680000973;1;;1;483;2594;531;141;0;390;0;0;0;;;0;0;;0;;34;0;0
CHIRCAR;2014;680001195;680016011;1;;2;994;3549;1047;251;0;796;0;0;0;;;0;0;;0;;;0;0
CHIRCAR;2014;680004546;680000486;1;2;2;1147;3935;1217;262;0;955;1;0;0;2;2;0;788;;471;20;56;596;4729
CHIRCAR;2014;690000575;690782222;1;1;1;594;2157;645;108;0;537;0;0;0;;;0;0;;0;;;0;0
CHIRCAR;2014;690780390;690000229;1;1;0;480;1229;611;610;0;1;0;0;0;;;0;0;;0;;;0;0
CHIRCAR;2014;690780648;690036900;1;2;2;1148;2473;1248;479;0;769;1;0;0;2;2;0;1121;;1061;24;12;892;6579
CHIRCAR;2014;690782834;690000724;1;0;2;1604;3649;1970;1079;0;891;1;0;0;2;3;0;1125;109;1001;22;10;74;145
CHIRCAR;2014;690784152;690781810;1;1;;1455;4391;1621;639;0;982;0;0;0;;;0;0;;0;0;45;0;0
CHIRCAR;2014;690784186;690781810;1;2;3;1949;7017;2168;746;138;1284;1;1;1;4;5;629;1317;;1022;62;115;2031;13917
CHIRCAR;2014;690793468;690002068;1;;2;1292;3390;1531;1044;0;487;1;0;0;2;2;0;613;200;567;22;33;516;4705
CHIRCAR;2014;690805361;690805353;1;1;1;1415;3523;1635;410;0;1225;0;0;0;;;0;0;;0;;;0;0
CHIRCAR;2014;700000029;700004591;1;1;;95;419;98;94;0;4;0;0;0;;;0;0;;0;;;0;0
CHIRCAR;2014;710978263;710780958;1;3;0;254;976;287;266;0;21;0;0;0;;;0;0;;0;;17;0;0
CHIRCAR;2014;710978289;710780263;1;1;1;663;2359;725;103;0;622;0;0;0;0;0;0;0;;0;0;20;0;0
CHIRCAR;2014;720000033;720000025;1;2;1;1059;3322;1095;425;0;670;0;0;0;;;;;;;;53;0;0
CHIRCAR;2014;720017748;720000561;1;1;1;998;3903;1091;407;0;684;0;0;0;;;0;0;;0;;;0;0
CHIRCAR;2014;730000031;730000015;1;1;1;992;3266;1078;299;0;779;0;0;0;;;0;0;;0;;;0;0
CHIRCAR;2014;740000237;740781133;1;;2;1041;2904;1172;566;0;606;1;0;0;2;2;1;672;179;598;9;14;512;2647
CHIRCAR;2014;740014345;740000617;1;;2;216;472;221;5;0;216;0;0;0;;;0;0;;0;;;0;0
CHIRCAR;2014;740780416;740000112;1;0;2;305;584;322;43;0;279;0;0;0;;;0;0;;0;;;0;0
CHIRCAR;2014;750000523;750150120;1;2;2;854;2526;885;371;0;514;0;0;0;;;0;0;;0;0;34;0;0
CHIRCAR;2014;750100042;750712184;1;0;1;774;2283;858;42;0;816;0;0;0;;;0;0;;0;;28;0;0
CHIRCAR;2014;750100091;750712184;1;0;1;0;0;34;34;0;0;0;0;0;0;0;0;0;0;0;0;38;0;0
CHIRCAR;2014;750100125;750712184;1;2;2;2674;8292;3014;1184;0;1830;1;0;1;6;6;3;1942;777;1674;43;60;3138;2568
CHIRCAR;2014;750100166;750712184;1;2;;665;2003;739;71;0;668;0;0;0;;;0;0;;0;;;0;0
CHIRCAR;2014;750100208;750712184;1;;1;334;1063;363;14;348;1;0;1;1;2;3;986;0;0;47;3;20;682;629
CHIRCAR;2014;750100232;750712184;1;3;2;1423;7144;1637;502;1;1134;1;0;1;3;4;8;1889;;1643;24;84;1703;7816
CHIRCAR;2014;750120016;750821092;1;1;1;276;793;317;2;0;315;0;0;0;;;0;0;;0;;;0;0
CHIRCAR;2014;750150104;750720476;1;2;1;1667;5394;1777;929;0;848;1;0;0;2;2;9;1149;;1048;25;29;2206;9675
CHIRCAR;2014;750300154;750000671;1;1;1;835;1418;879;56;0;823;0;0;0;;;0;0;;0;0;22;0;0
CHIRCAR;2014;750301137;750001034;1;2;1;850;2057;872;414;0;458;0;0;0;;;0;0;;0;;;0;0
CHIRCAR;2014;750803447;750712184;1;5;2;1538;7556;1691;640;2;1049;1;0;1;3;5;62;1178;;1046;52;63;3287;14960
CHIRCAR;2014;760000018;760780023;1;1;0;87;494;97;65;0;32;0;0;0;;;0;0;;0;;;0;0
CHIRCAR;2014;760000158;760780239;1;3;2;1742;5048;2226;1166;0;1060;1;0;1;3;4;10;1017;;900;19;57;1676;4342
CHIRCAR;2014;760021329;760000448;1;;1;546;2008;627;123;0;504;0;0;0;;;0;0;;0;;40;0;0
CHIRCAR;2014;760780619;760000307;1;;2;1608;4898;1666;392;0;1274;0;0;0;;;0;0;;0;;32;0;0
CHIRCAR;2014;760805770;760780726;1;1;1;705;3115;772;257;0;515;0;0;0;;;0;0;;0;;34;0;0
CHIRCAR;2014;770019032;770170017;1;3;2;1862;5485;2055;561;0;1494;0;0;0;;;0;0;;0;;;0;0
CHIRCAR;2014;770300135;770000289;1;1;1;982;3190;1162;475;0;687;0;0;0;;;0;0;;0;;;0;0
CHIRCAR;2014;780000311;780001236;1;2;1;912;3205;1186;379;0;807;0;0;0;;;0;0;;0;;;0;0
CHIRCAR;2014;780300075;780000485;1;2;2;735;3375;816;267;0;659;0;0;0;0;0;0;0;;0;;;0;0
CHIRCAR;2014;780300406;780018032;1;1;2;1829;6565;2049;1198;0;851;1;0;0;2;3;0;1448;;1218;22;30;0;0
CHIRCAR;2014;780800256;780110078;1;;1;779;2832;864;126;0;738;0;0;0;;;0;0;;0;;;0;0
CHIRCAR;2014;790000087;790000012;1;2;1;965;3660;1018;196;0;822;0;0;0;;;0;0;;0;;;0;0
CHIRCAR;2014;800000143;800000028;1;0;0;113;489;114;114;0;0;0;0;0;;;0;0;;0;;;0;0
CHIRCAR;2014;800006124;800000044;1;2;2;1287;6032;1445;714;1;730;1;0;0;2;3;5;1460;110;1253;18;70;696;5262
CHIRCAR;2014;800015729;800015679;1;2;2;1018;3272;1083;329;0;754;0;0;0;;;0;0;;0;;;0;0
CHIRCAR;2014;810000224;810000471;1;1;1;736;2082;833;112;0;721;0;0;0;;;0;0;;0;;;0;0
CHIRCAR;2014;810000505;810000331;1;1;;158;806;132;132;0;0;0;0;0;;;0;0;;0;;;0;0
CHIRCAR;2014;810000521;810000380;1;1;0;144;929;155;155;0;0;0;0;0;;;0;0;;0;;;0;0
CHIRCAR;2014;820000032;820000016;1;1;0;217;1107;232;182;0;50;0;0;0;;;0;0;;0;;;0;0
CHIRCAR;2014;820000057;820000131;1;1;1;935;2665;1071;176;0;895;0;0;0;;;0;0;;0;;;0;0
CHIRCAR;2014;830000311;830100566;1;1;1;885;3347;973;128;0;845;0;0;0;;;0;0;;0;;32;0;0
CHIRCAR;2014;830000345;830100616;1;2;1;1265;4399;1367;460;0;907;0;0;0;;;0;0;;0;;;0;0
CHIRCAR;2014;830100319;750052425;1;4;2;2238;6065;2386;777;0;1609;0;0;0;;;0;0;;0;;;0;0
CHIRCAR;2014;830100574;750821092;1;2;1;549;1667;635;164;0;471;0;0;0;;;0;0;;0;;10;0;0
CHIRCAR;2014;840001861;840006597;1;2;2;1815;5316;2019;437;0;1582;0;0;0;;;0;0;;0;;37;0;0
CHIRCAR;2014;840013312;840003685;1;3;2;1903;4624;2236;925;0;1311;0;0;0;;;0;0;;0;;;0;0
CHIRCAR;2014;850000142;850000019;1;0;1;1286;5225;1405;497;0;908;0;0;0;;;0;0;;0;;;0;0
CHIRCAR;2014;860000223;860013077;1;3;2;2042;6486;2267;885;0;1382;1;0;0;2;2;2;627;;587;12;76;593;3840
CHIRCAR;2014;870000064;870000015;1;2;2;1505;5115;1667;661;0;1006;1;0;1;2;2;1;742;30;604;40;51;1633;10056
CHIRCAR;2014;870000288;870017415;1;1;;128;459;146;146;0;0;0;0;0;;;0;0;;0;0;25;0;0
CHIRCAR;2014;870002060;870017415;1;1;;0;0;44;44;0;0;0;0;0;;;0;0;;0;;39;0;0
CHIRCAR;2014;880000021;880007059;1;0;0;92;524;110;104;0;6;0;0;0;;;0;0;;0;;16;0;0
CHIRCAR;2014;890975527;890000037;1;;1;1071;3341;1144;343;0;801;0;0;0;;;0;0;;0;;;0;0
CHIRCAR;2014;900000167;900000365;1;1;1;669;2001;704;6;0;698;0;0;0;0;;0;0;;0;0;24;0;0
CHIRCAR;2014;910020254;910002773;1;;;1138;4559;1317;337;0;980;0;0;;;;0;0;;0;;;0;0
CHIRCAR;2014;910300219;910003888;1;1;3;2723;8807;2992;1236;183;1690;1;1;0;6;5;625;1404;;1090;54;46;2046;12625
CHIRCAR;2014;910803543;910017615;1;2;2;1071;4146;1137;336;0;801;0;0;0;;;0;0;;0;;28;0;0
CHIRCAR;2014;920000650;920150059;1;0;3;408;1304;423;9;0;414;0;0;0;;;0;0;;0;;;0;0
CHIRCAR;2014;920000684;920150091;1;3;3;1381;3379;1608;17;209;1382;1;1;1;4;6;1000;1209;;1058;38;16;4267;8568
CHIRCAR;2014;920100013;750712184;1;2;1;402;1385;452;7;0;445;0;0;0;;;0;0;;0;0;31;0;0
CHIRCAR;2014;920120011;750821092;1;0;1;263;1286;285;245;0;40;0;0;0;;;0;0;;0;;18;0;0
CHIRCAR;2014;920300043;920001526;1;2;2;664;2951;734;202;0;532;0;0;0;;;0;0;;0;;19;0;0
CHIRCAR;2014;920300753;920810736;1;2;2;2525;7064;2788;1671;0;1117;1;0;0;2;2;0;1409;;1276;10;45;1298;4057
CHIRCAR;2014;920300787;920000981;1;0;0;532;936;;;0;507;0;0;0;;;0;0;;0;;;0;0
CHIRCAR;2014;930000286;930021480;1;1;1;948;3556;1012;496;0;516;0;0;0;;;0;0;;0;;;0;0
CHIRCAR;2014;930000302;930110036;1;;1;623;2211;665;6;0;659;0;0;0;;;0;0;;0;;25;0;0
CHIRCAR;2014;930000336;930110069;1;1;1;438;1789;474;5;0;469;0;0;0;0;;0;0;;0;;28;0;0
CHIRCAR;2014;930100037;750712184;1;1;0;120;611;127;84;0;43;0;0;0;;;0;0;;0;;;0;0
CHIRCAR;2014;930300025;930000393;1;2;;714;2868;787;149;0;638;0;0;0;;;0;0;;0;0;;0;0
CHIRCAR;2014;930300645;930000682;1;3;2;2522;9945;2814;1197;0;1617;1;0;0;;;1;1264;;1122;0;81;6830;23144
CHIRCAR;2014;940000599;940110042;1;1;1;395;1700;446;53;0;393;0;0;0;;;0;0;;0;0;30;0;0
CHIRCAR;2014;940100027;750712184;1;3;3;1744;6647;2052;743;0;1309;1;0;1;2;3;2;923;321;732;31;61;896;7546
CHIRCAR;2014;950000307;950110015;1;1;1;661;2887;712;293;0;419;0;0;0;;;0;0;;0;0;28;0;0
CHIRCAR;2014;950000323;950013870;1;1;1;693;2373;747;130;0;624;0;0;0;;;0;0;;0;;;0;0
CHIRCAR;2014;950000331;950110049;1;0;1;513;1776;572;0;0;572;0;0;0;;;;;;;;;0;0
CHIRCAR;2014;950000364;950110080;1;1;1;844;3587;1007;262;0;745;0;0;0;;;0;0;;0;;41;0;0
CHIRCAR;2014;970100392;970100178;1;1;0;60;366;66;66;0;0;0;0;0;0;0;0;0;;0;;;0;0
CHIRCAR;2014;970100442;970100228;1;1;;424;2188;483;124;0;359;0;0;0;;;0;0;;0;;10;0;0
CHIRCAR;2014;970211215;970211207;1;2;1;561;2221;578;237;0;341;1;0;0;2;2;2;323;;293;12;54;448;4358
CHIRCAR;2014;970400024;970408589;1;1;1;846;2634;960;88;12;860;1;0;0;2;3;26;801;136;709;15;30;562;4358
CHIRCAR;2014;970400057;970408589;1;2;0;538;1838;588;584;0;4;0;0;0;;;0;0;;0;;;0;0
CHIRCAR;2014;970462107;970400305;1;;2;593;1593;659;63;0;596;0;0;0;;;0;0;;0;;35;0;0
