BOR;AN;FI;FI_EJ;EMGER;EVALIH;EVALEH;FILACT;ETP;UGER;LIT_GER;PLA_GER;SEJHC_GER;SEJHP_GER;JOU_GER;EFFPL_PM;EFFPL_GER;EFFPA_PM;EFFPA_GER;ETP_PM;ETP_GER;GAR_PM;GAR_GER;AST_PM;AST_GER;EFFPL_INF;EFFPL_AID;EFFPL_ERG;EFFPL_PMT;EFFPL_APNM;EFFPA_INF;EFFPA_AID;EFFPA_ERG;EFFPA_PMT;EFFPA_APNM;ETP_INF;ETP_AID;ETP_ERG;ETP_PMT;ETP_APNM
MCOGER;2014;010000024;010780054;1;434;111;746;1.3;1;22;0;994;0;7889;3;;;;1.4;;0;;0;;10;14;;;2;5;;;;;13.75;13.55;;;3.04
MCOGER;2014;010000065;010780096;0;;;;;1;46;;1716;0;15121;5;;2;2;5.11;1.23;0;0;1;1;15;22;;;1;8;10;;;6;21.38;26.91;;;3.27
MCOGER;2014;010000099;010780120;0;;;;;1;9;;110;0;1154;;;1;1;0.08;0.08;0;0;0;0;2;3;;;3;7;10;;;5;3.17;4.83;;;2.43
MCOGER;2014;010000115;010009132;0;;;;;1;12;0;160;0;3205;;;;;;;;;;;;3;;;1;3;4;1;;1;1.67;4.9;0.08;;1.34
MCOGER;2014;010000131;010009132;0;;;;;1;8;;156;0;2810;;;2;;0.22;;0;;;;1;2;;;1;6;2;1;;7;2.97;2.4;0.01;;1.35
MCOGER;2014;010005239;010008407;0;;;;;1;15;0;672;0;5372;1;0;2;0;2.1;0;0;0;0;0;5;9;0;0;2;1;1;0;0;2;5.5;8.75;0;0;2
MCOGER;2014;010780203;010006450;0;;;;;1;10;0;357;0;3318;1;;;;1;;0;;1;;4;;;;;2;2;;;;4.8;1.4;;;
MCOGER;2014;020000097;020000048;0;;;;;1;31;8;518;1923;8476;2;2;;;2;2;0;0;1;1;14;15;;;10;;3;;;1;14;17.57;;;10.86
MCOGER;2014;020000162;020000063;1;309;0;270;2;1;40;0;1207;0;14518;3;3;2;2;4;4;0;0;0;0;13;15;0;0;7;2;1;0;0;5;12.92;13.71;0;0;7.46
MCOGER;2014;020000394;020000253;1;111;;57;3.1;1;25;0;719;0;9067;3;0;1;0;3.06;0;0;0;0;0;11;9;0;0;6;1;1;0;0;0;11.34;9.62;0;0;5.81
MCOGER;2014;020000519;020000261;1;234;0;214;1.5;1;14;;;;;2;2;;;1;1;0;0;1;1;6;6;;;3;1;1;;;1;6.25;6.25;;;3.39
MCOGER;2014;020001061;020004404;1;35;;35;0.3;1;24;;1065;13;7966;3;2;1;;2.68;1.47;0;0;0;0;11;11;;;2;1;1;;;;11.29;12.08;;;2
MCOGER;2014;030000061;030780092;1;766;0;671;3.62;1;25;1;705;67;8797;;;;;;;0;0;1;0;9;12;;;2;3;3;;1;1;11.53;14.43;;0.5;2.43
MCOGER;2014;030000079;030780100;1;;;;0.4;0;;;;;;;;;;;;;;;;;;;;;;;;;;;;;;
MCOGER;2014;030000087;030780118;1;681;72;666;;1;25;2;484;37;6442;2;2;0;0;0.85;0.85;0;0;1;0;10;13;0;0;3;3;2;0;0;6;8.92;8.24;0;0;4.84
MCOGER;2014;040000135;050002948;1;23;;23;0;0;;;;;;;;;;;;;;;;;;;;;;;;;;;;;;
MCOGER;2014;050000231;050000116;0;;;;;1;7;;184;0;2117;3;2;1;0;2.01;0.8;;;;;4;3;0;0;6;0;1;0;0;0;3.69;3.22;0;0;2.11
MCOGER;2014;050000256;050000124;1;266;232;130;2.1;1;12;;364;0;3853;1;;;;0.9;;0;;0;;4;10;;;1;2;4;;;1;6.91;11.75;;;1.35
MCOGER;2014;050000348;050002948;1;572;0;572;;1;30;5;781;816;7957;4;2;1;0;3.07;1.07;;;;;11;11;1;0;13;6;6;0;0;6;12.19;12.98;0.33;0;11.1
MCOGER;2014;050006436;050002948;1;;;;;1;0;0;334;0;2917;0;0;0;0;3.89;1.89;;;;;0;0;0;0;0;0;0;0;0;0;16.81;16.69;0.33;0;14.73
MCOGER;2014;060000478;060780897;1;701;0;465;1.5;1;12;0;412;0;4278;3;3;;;1.25;1.25;;;;;3;10;;;1;;;;;;3;10;;;1
MCOGER;2014;060000510;060780954;1;48;0;48;2;1;20;0;776;0;7478;;;;;;;;;;;10;15;;;8;3;3;;;0;12.9;16.18;;;6.93
MCOGER;2014;060000544;060780988;1;389;;214;2.2;1;16;;451;0;5662;1;;1;;1.3;;0;;0;;5;7;;;1;4;5;;;9;5.52;9.08;;;4.5
MCOGER;2014;060002102;060791761;1;151;0;148;2.1;0;;;;;;;;;;;;;;;;;;;;;;;;;;;;;;
MCOGER;2014;060788957;060785011;1;2009;202;2229;2.9;1;50;4;2030;624;17741;7;1;10;2;9.22;1.59;0;0;1;1;5;;;;64;1;;;;17;5.95;;;;63.73
MCOGER;2014;060789195;060785011;0;;;;;1;20;0;539;0;7097;1;;6;;1.3;;;;;;49;67;0;0;3;10;1;0;0;6;49.68;62.63;0;0;4.32
MCOGER;2014;070000013;070002878;1;137;177;162;3;1;20;0;469;2;5896;4;2;2;;2.02;2.02;0;0;1;1;4;6;;;;4;3;;;2;4.52;6.42;;;0.87
MCOGER;2014;070000179;070780358;1;282;892;419;3.7;1;8;0;256;0;2238;18;0;2;0;20.92;0;0;0;1;1;6;11;0;0;54;8;3;0;0;42;11.53;10.12;0;0;71.61
MCOGER;2014;070000203;070780382;0;;;;;0;;;;;;;;;;;;;;;;;;;;;;;;;;;;;;
MCOGER;2014;070000609;070005566;1;;;;;1;20;;670;0;8094;3;0;0;0;2.25;0;;;;;0;0;0;0;0;0;0;0;0;0;0;0;0;0;0
MCOGER;2014;080000110;080000037;1;;;;;1;19;1;659;2;6098;2;2;0;0;2;2;0;0;1;1;6;5;;;1;1;1;;;;6.4;5.6;;;1
MCOGER;2014;080000300;080000078;0;;;;;1;8;;;;;;;2;;0.45;;0;0;0;0;8;7;;;4;;2;;;;3.75;4.65;;;2
MCOGER;2014;080000425;080000615;1;686;38;239;3.5;1;29;3;589;515;9205;4;1;;;3.65;0.55;0;0;0;0;6;11;;;4;7;8;;;3;11.49;15.81;;;5.75
MCOGER;2014;090000175;090781774;1;532;;479;2.23;1;10;;194;0;3476;1;1;;;0.8;0.8;0;0;1;1;11;16;;;3;3;1;;;;3.08;3.84;;;2.66
MCOGER;2014;090000183;090781816;1;177;55;216;3.1;0;;;;;;;;;;;;;;;;;;;;;;;;;;;;;;
MCOGER;2014;090001629;090780107;1;;;;0.33;0;;;;;;;;;;;;;;;;;;;;;;;;;;;;;;
MCOGER;2014;100000090;100000017;1;440;161;601;1.5;1;30;0;834;0;10809;;;7;4;3.7;3.2;0;0;1;1;15;14;;;;5;3;;;1;11.16;16.68;;;1.2
MCOGER;2014;100000199;100006279;0;;;;;1;19;0;603;0;5240;1;;1;1;1.6;0.6;0;;1;;9;11;;;1;1;1;;;1;7.99;8.55;;;1.68
MCOGER;2014;100009364;100000017;0;;;;;1;0;5;0;824;0;;;3;2;0.72;0.7;0;0;1;1;2;1;;;1;;;;;4;2;1;;;1.97
MCOGER;2014;110000023;110780061;1;2214;5;824;4.02;1;25;2;981;107;7197;;;5;3;2.67;1.24;0;0;1;1;15;16;;;;4;6;;;2;13.29;17.18;;;0.5
MCOGER;2014;110000056;110780137;1;584;390;712;2.7;1;14;;529;0;5062;1;;2;;2;;0;;1;;9;11;;;;3;3;;;;11.81;12.04;;;0.1
MCOGER;2014;120000039;120780044;1;;;;;1;26;1;969;108;9581;4;;;;1.5;;;;;;8;5;1;;1;19;22;;;5;16.79;13.11;1;;4.18
MCOGER;2014;120000054;120780069;1;321;14;335;1.5;1;10;0;325;0;3403;1;0;0;0;0.5;0;;;;;1;0;0;0;0;0;0;0;0;0;1;0;0;0;0
MCOGER;2014;120000096;120780101;1;145;48;174;1.5;0;;;;;;;;;;;;;;;;;;;;;;;;;;;;;;
MCOGER;2014;120004569;120004528;1;242;265;507;2.4;1;13;;399;0;3648;2;1;2;;1.9;1;0;0;1;0;7;10;2;;2;4;1;;;1;5.72;6;0.75;;1.04
MCOGER;2014;120004668;120004619;0;;;;;1;10;;326;0;2926;2;;;;0.2;;0;;1;;5;9;;;4;3;1;;;1;4.22;5.99;;;1.9
MCOGER;2014;130000409;130041916;1;1430;;1177;3.89;1;30;;203;0;1752;1;0;2;2;1.87;0.53;0;0;1;1;9;8;;;3;10;18;;;13;9.51;12.25;;;5.02
MCOGER;2014;130000565;130781446;1;329;;299;1;1;21;0;861;0;7300;1;;;;0.9;;0;;0;;10;10;;;1;5;6;;;4;13.11;14.73;;;3.94
MCOGER;2014;130001225;130782634;1;1504;;912;1.77;1;10;0;396;0;3636;1;;1;;1.1;;;;;;3;;;;2;1;;;;1;0.98;;;;1.69
MCOGER;2014;130002827;130789274;1;401;0;284;3.76;1;13;;430;0;4616;3;3;;;2.3;2.3;0;;1;;;;;;;;;;;;;;;;
MCOGER;2014;130002835;130789316;1;495;0;317;4.3;1;8;0;439;0;4211;0;0;1;0;0.5;0;0;0;0;0;4;3;0;0;0;3;3;0;0;3;5.3;4.1;0;0;1.9
MCOGER;2014;130043664;130002157;1;187;;112;2.9;0;;;;;;;;;;;;;;;;;;;;;;;;;;;;;;
MCOGER;2014;130780521;130786049;1;553;;530;;1;26;0;567;0;6554;2;0;0;0;0.42;0;;;;;8;12;;;9;1;1;;;2;9.57;13.53;;;6.73
MCOGER;2014;130781255;220020739;0;;;;;1;29;8;565;634;5675;8;4;1;90;9;5;0;0;0;1;17;16;0;0;21;1;1;17;;1;18;17;17;;22
MCOGER;2014;130783293;130786049;1;2053;84;1692;5;1;0;0;;;;1;0;0;0;1;0;;;;;;;;;;;;;;;;;;;
MCOGER;2014;130783665;130043722;0;;;;;0;;;;;;;;;;;;;;;;;;;;;;;;;;;;;;
MCOGER;2014;130784234;130786049;1;;;;;1;25;4;584;718;8328;6;0;8;0;5.9;0;;;;;13;13;;;8;3;5;;;;15.38;14.52;;;7.59
MCOGER;2014;130785652;130014228;1;1020;0;701;3.7;0;;;;;;;;;;;;;;;;;;;;;;;;;;;;;;
MCOGER;2014;130786361;130002447;0;;;;;1;;;;;;;;1;;0.8;;;;;;;;;;;;;;;;;;;;
MCOGER;2014;130809015;130001928;0;;;;;1;43;5;1021;623;12169;;;5;;2.6;;1;1;1;1;13;14;;;10;2;;;;11;13.64;14;;;14.41
MCOGER;2014;140000027;140000035;1;646;16;662;6.3;1;25;2;862;86;9324;3;0;1;0;2.12;0;0;0;0;0;8;13;1;0;9;6;3;0;0;3;12.26;15.14;0.5;0;6.66
MCOGER;2014;140000209;140000100;1;957;0;899;3;1;40;0;890;0;15074;6;4;1;1;6.35;4.51;0;0;0;0;13;23;;;15;10;3;;;2;19.07;22.97;;;13.6
MCOGER;2014;140000233;140000118;0;;;;;1;10;0;174;0;2945;1;1;;;1;1;0;0;1;1;;;;;;8;8;;;8;2;3.23;;;1.67
MCOGER;2014;140000373;140000159;0;;;;;1;20;0;398;0;7008;3;3;;;2.44;2.44;0;0;1;1;10;9;;;4;1;4;;;3;10.2;12.3;;;3.33
MCOGER;2014;140004383;140000100;1;69;0;64;;0;;;;;;;;;;;;;;;;;;;;;;;;;;;;;;
MCOGER;2014;140026410;140026279;0;;;;;1;28;;785;0;9837;3;;;;3;;0;0;0;0;16;14;;;12;;;;;;13.06;12.09;;;10.98
MCOGER;2014;150000032;150780088;0;;;;;1;16;0;444;0;5301;2;2;0;0;1;1;0;0;1;0;6;7;;;4;1;3;;;4;6.13;9.3;;;5.77
MCOGER;2014;150000040;150780096;1;;;;0.2;1;16;0;451;0;5410;7;7;;;1.15;1.15;;;1;;4;5;;;1;;3;;;3;4;7.4;;;2.28
MCOGER;2014;160000253;160000451;1;631;;805;3.1;1;30;5;1160;337;10629;4;4;1;1;3.02;3.02;0;0;1;1;14;19;0;0;7;2;1;0;0;3;15.66;19.34;0;0;7.35
MCOGER;2014;160000303;160006037;1;95;7;119;1.25;1;10;;285;0;3304;1;1;;;1;1;1;1;1;1;2;1;;;1;1;1;;;;1.4;1.8;;;0.5
MCOGER;2014;160000311;160000485;1;10;31;41;2.08;0;;;;;;;;;;;;;;;;;;;;;;;;;;;;;;
MCOGER;2014;170000038;170780050;0;;;;;1;30;1;994;199;10149;4;2;;;3.27;1.92;0;0;1;1;6;12;;;2;5;3;;;;9.31;14.51;;;2
MCOGER;2014;170000079;170780142;0;;;;;1;11;1;160;129;3102;1;;;;0.5;;0;0;0;0;2;4;;;2;5;3;;;1;5.19;6.58;;;2.5
MCOGER;2014;170000087;170023279;1;388;481;329;1.5;1;40;;1203;0;11044;3;3;;;2.58;2.58;0;0;0;0;14;12;;;7;1;4;;;1;14.69;16.15;;;5.27
MCOGER;2014;170000095;170780167;0;;;;;1;26;0;668;0;8719;2;1;1;1;3.05;2.05;0;0;1;1;9;11;0;;4;9;12;1;;7;12.04;16.95;0.2;;7.09
MCOGER;2014;170000103;170780175;1;215;;215;3.2;1;18;;1192;0;10023;1;0;4;4;4.32;4.32;0;0;1;1;14;14;;;5;3;9;;;2;11.39;13.86;;;2.78
MCOGER;2014;170000129;170780191;1;;;;1;1;20;0;765;0;7014;2;2;;;2;2;0;0;0;0;13;14;;;2;;;;;1;11.93;13.2;;;3.48
MCOGER;2014;170000152;170780225;1;814;26;330;2;1;15;;390;0;4743;3;3;;;1.9;1.9;0;0;1;1;10;11;;;8;;;;;;8.22;9.95;;;2.62
MCOGER;2014;180000010;180000028;1;935;0;935;2.3;1;45;0;944;0;14154;5;5;0;0;4.6;4.6;0;0;1;1;13;15;;;;5;6;;;;16.3;18.35;;;
MCOGER;2014;180000200;180000051;0;;;;;1;22;;;;;1;;;;0.9;;0;0;1;;3;8;;;3;4;1;;;;6.86;10.41;;;2.19
MCOGER;2014;180000283;180000069;0;;;;;1;46;;1252;;15909;5;2;;;4.65;2.42;0;0;1;0;14;21;;;12;7;7;;;2;17.89;25.42;;;13.7
MCOGER;2014;190000018;190000042;1;1402;261;1332;13.6;1;31;0;1008;0;11091;;;;;;;;;;;13;13;;;4;1;;1;;1;13.26;12.63;0.3;;3.85
MCOGER;2014;190000026;190000059;1;516;206;557;3.25;1;20;;452;0;7163;3;2;2;2;2.65;1.65;;;;;11;8;;;5;1;1;;;;9.42;8.79;;;6.08
MCOGER;2014;190000091;190000075;0;;;;;1;5;;233;0;2028;0;;1;;0.4;;0;0;1;1;2;4;0;;1;;1;0;;0;2;4.8;0;;1
MCOGER;2014;210986089;210780581;1;318;0;310;1.83;1;60;10;1464;1367;22410;11;5;;;6.15;2.4;1;1;1;1;32;27;;;21;5;2;;;4;31.49;24.63;;;18.98
MCOGER;2014;210987657;210780714;1;902;154;720;2.8;0;;;;;;;;;;;;;;;;;;;;;;;;;;;;;;
MCOGER;2014;210987665;210010070;1;48;74;104;;0;;;;;;;;;;;;;;;;;;;;;;;;;;;;;;
MCOGER;2014;210987673;210010070;1;;;;;1;23;2;470;177;6607;1;;;;1;;;;;;;;;;;;;;;;;;;;
MCOGER;2014;210987681;210011482;1;;;;;0;;;;;;;;;;;;;;;;;;;;;;;;;;;;;;
MCOGER;2014;220000012;220000020;1;744;0;706;2.3;1;39;;1434;0;14228;4;2;4;4;6.78;5.04;0;0;1;1;18;24;2;0;6;9;11;2;0;9;20.03;23.5;0.29;0;12.37
MCOGER;2014;220000095;220000046;1;;;;;1;32;;1039;0;11336;5;;1;;3.6;;0;;0;;9;13;;;5;4;5;;;;12.58;15.82;;;4.88
MCOGER;2014;220000343;220000079;1;502;109;647;4;1;15;8;530;298;5399;1;1;1;1;1.4;1.4;0;0;1;1;5;8;;;2;5;4;;;;6.4;10.2;;;0.55
MCOGER;2014;220000368;220000103;1;312;;247;3.85;1;20;;672;0;6413;3;3;;;2.19;2.1;0;0;0;0;13;11;1;;4;3;6;;;6;11.77;10.8;0.49;;6.43
MCOGER;2014;220000541;220000152;1;375;4;348;1.67;1;30;;995;0;10118;3;1;;;2.69;1;0;0;1;1;12;15;;;7;2;2;;;4;11.26;13.91;;;5.43
MCOGER;2014;220001259;220005045;1;0;124;91;0.77;1;30;5;731;587;9202;6;;1;;4.43;;;;;;9;12;1;;9;5;4;;;6;11.4;12.58;0.46;;7.69
MCOGER;2014;230000820;230780041;1;592;3;102;3.47;1;19;0;532;0;7332;3;1;1;;2.35;0.71;0;0;1;1;10;11;;;2;1;;;;9;9.71;8.04;;;5.79
MCOGER;2014;230004657;230780058;0;;;;;1;20;0;483;0;5867;2;;;;2;;0;0;1;0;12;16;;;6;;;;;2;12;16;;;7.36
MCOGER;2014;240000372;240000059;0;;;;;1;14;;548;0;4452;3;;;;1.9;;0;;1;;6;10;;;3;3;1;;;3;7.04;10.97;;;3.6
MCOGER;2014;240000489;240000117;1;524;0;495;3;1;31;0;516;0;5947;2;;1;;2.5;;;;;;4;6;0;0;7;2;2;0;0;0;4.9;7.18;0;0;5.23
MCOGER;2014;240000687;240000448;0;;;;;1;15;;410;0;4016;1;;;;1;;0;;1;;6;9;;;2;1;2;;;3;6.09;8.48;;;3.81
MCOGER;2014;250000114;900000365;0;;;;;1;42;0;944;0;14940;4;4;;;3.9;3.9;;1;;;5;3;;;4;9;9;;;3;11.03;11.52;;;5.73
MCOGER;2014;250000700;250000452;1;1514;1433;1146;4.5;0;;;;;;;;;;;;;;;;;;;;;;;;;;;;;;
MCOGER;2014;250006954;250000015;1;857;0;347;2.09;1;48;5;924;839;17180;2;1;3;;3.24;1;0;0;0;0;15;20;;;9;13;15;3;;11;22.19;29.07;0.74;;13.85
MCOGER;2014;260000013;260000021;1;612;48;561;6.05;1;24;2;745;241;8868;2;2;;;2.4;2.15;;;;;6;7;1;;1;7;11;;;5;11.61;14.06;0.55;;4
MCOGER;2014;260000120;260016910;1;548;;;2.36;1;20;;509;0;7260;2;;;;2;;0;;1;;1;10;;;3;7;2;1;;5;6.75;11.61;0.1;;4.05
MCOGER;2014;260000138;260000047;1;1786;;915;2.72;1;30;0;879;0;10778;2;2;1;1;2.1;2.1;0;0;1;1;11;13;;;5;2;3;;;1;12.72;12.78;;;5.4
MCOGER;2014;260000146;260000054;0;;;;;1;5;1;306;6;3032;1;;;;0.5;;;;;;1;;;;;1;;;;;1.75;;;;
MCOGER;2014;260000286;260000104;0;;;;;1;10;0;109;0;1253;;;2;1;0.24;0.22;0;0;0;0;2;10;;;;;;;;1;0.51;2.56;;;0.07
MCOGER;2014;270000359;270023724;1;1285;4;935;2;1;32;0;1145;0;12323;6;3;9;;6.29;3.25;0;0;1;1;14;18;;;2;5;6;;;1;15.47;20.9;;;2.48
MCOGER;2014;270000367;270000086;0;;;;;1;10;;344;0;3619;;;2;2;0.69;0.69;0;0;0;0;6;3;;;;;1;;;2;6.19;4.05;;;0.45
MCOGER;2014;270000391;760024042;1;52;;52;0.2;1;27;0;2205;0;20519;;7;;;;6.63;;0;;1;15;19;;;6;7;11;;;20;15.83;18.86;;;9.52
MCOGER;2014;270000458;270023724;1;773;;345;1.35;1;18;0;377;0;4651;6;6;;;4.18;4.18;0;0;0;0;8;8;0;0;;;4;0;0;2;7.5;8.72;0;0;1.18
MCOGER;2014;280000084;280000183;1;13;;13;2.5;1;25;;622;0;8949;2;;2;1;2.83;0.8;0;0;1;1;8;12;;;;1;1;;;;9.72;13.05;;;
MCOGER;2014;280000100;280000225;0;;;;;1;15;0;182;0;3374;;0;7;1;0.89;0.27;0;0;1;0;3;6;0;0;0;4;3;1;0;3;4.36;7.18;0.22;0;0.28
MCOGER;2014;280000662;280500075;0;;;;;1;18;;;;;1;;1;;1.28;;;;1;;3;5;1;;;2;4;;;;4.6;8.8;0.16;;
MCOGER;2014;280504267;280000134;1;776;240;589;1.54;1;53;2;1200;185;18017;1;1;;;1;1;0;0;1;1;16;25;;;22;6;3;;;4;20.4;22.47;;;13.71
MCOGER;2014;290000025;290020700;1;1024;0;853;2.5;1;24;5;685;596;8729;4;3;0;0;3.2;1.93;0;0;1;1;11;11;0;0;4;6;6;0;0;1;15.42;15.43;0;0;4.01
MCOGER;2014;290000033;290021542;1;883;0;697;2.8;1;25;0;774;0;9151;3;1;;;3;1;0;0;0;0;7;12;;;7;7;4;;;3;12.44;14.81;;;7.85
MCOGER;2014;290000173;290000041;0;;;;;1;14;0;566;0;4372;1;;;;0.9;;;;;;;;;;;22;31;;;;4.3;7.2;;;
MCOGER;2014;290000181;290000074;0;;;;;1;20;8;644;394;7712;2;2;;;1.85;1.6;0;0;1;1;7;7;3;;8;;3;;;8;5.29;6.02;1.04;;7.93
MCOGER;2014;290000785;220020739;0;;;;;1;20;0;402;0;5298;2;;0;;2;;;;;;1;;;;;9;12;;;1;4.08;6.47;;;0.53
MCOGER;2014;290000934;290000306;1;386;60;423;1.6;1;38;5;1208;763;13172;7;1;1;;5.54;1;;;1;0;16;15;;;8;9;18;;;8;18.68;25.55;;;13.74
MCOGER;2014;290004324;290000017;1;;;;;1;26;0;711;238;9429;4;4;1;1;2.2;2.2;0;0;0;0;7;7;;;2;5;8;;;2;11;13;;;2.25
MCOGER;2014;2A0000022;2A0000014;1;287;0;0;2;1;20;;724;0;7902;2;2;;;2;2;0;;0;1;14;13;;;6;2;;;;;11.46;13.13;;;6.84
MCOGER;2014;2B0000012;2B0000020;1;461;0;455;4.2;1;30;0;1066;0;10252;6;1;0;0;5.5;1;0;0;1;1;20;22;0;0;10;3;1;0;0;3;19.96;20.32;0;0;9.98
MCOGER;2014;300000023;300780046;1;254;0;239;3.79;1;19;0;688;0;6870;2;0;0;0;1;0;0;0;0;0;14;18;0;0;10;4;3;0;0;2;8.06;10.83;0;0;4.14
MCOGER;2014;300000031;300780053;1;124;8;132;2.29;1;10;2;325;24;3418;1;;1;;0.99;;;;1;;0;0;;0;0;1;0;1;0;4;0.16;0;0.25;0;1.38
MCOGER;2014;300002805;300780038;0;;;;;1;;5;0;896;0;2;;3;1;3.02;0.6;0;0;1;1;2;3;1;1;8;;;;;4;2;3;1;0.35;8.33
MCOGER;2014;300782117;300780038;1;1116;7;896;3.08;1;70;0;2080;0;25297;5;2;3;1;6.37;3;;;;;23;25;1;;12;3;5;1;;0;25.29;27.73;1.8;;13.72
MCOGER;2014;310000310;310780671;1;328;24;335;1.65;1;15;2;547;104;5337;1;1;;;1;1;;;1;1;8;14;;;;;;;;1;6.18;11.56;;;1
MCOGER;2014;310013628;310786256;1;224;2;221;1;1;15;0;;;;2;2;0;0;1.7;1.7;;;;;14;32;1;1;26;5;0;1;0;3;4.92;7.65;0.07;0.05;5.03
MCOGER;2014;310780283;310000112;1;;;;2;0;;;;;;;;;;;;;;;;;;;;;;;;;;;;;;
MCOGER;2014;310782347;310789136;1;;209;165;0.1;0;;;;;;;;;;;;;;;;;;;;;;;;;;;;;;
MCOGER;2014;310783048;310781406;1;;;;;1;20;;1077;0;7428;2;;;;1.8;;;;;;13;14;;;1;3;;;;1;15.12;14;;;1.5
MCOGER;2014;310783055;310781406;0;;;;;1;16;;1294;0;5819;5;;;;3.26;;;;;;10;12;;;;1;1;;;;10.86;11.49;;;
MCOGER;2014;310783063;310781406;1;;;;;1;;4;0;945;0;2;2;2;2;1.5;1.5;;;;;2;2;;;4;;;;;;1.7;2.37;;;1.47
MCOGER;2014;310786389;310001433;0;;;;;0;;;;;;;;;;;;;;;;;;;;;;;;;;;;;;
MCOGER;2014;310787304;310781406;1;947;71;1004;5.47;1;70;9;2366;2840;20853;17;;3;;11.82;;1;1;0;0;44;55;;;3;6;12;;;2;47.04;63.58;;;3.8
MCOGER;2014;320000086;320780117;1;;;;;1;20;;675;0;6436;3;1;;;2.98;0.98;;;;;10;13;;;3;1;3;;;;10.49;15.32;;;5.05
MCOGER;2014;320000177;320780208;0;;;;;0;;;;;;;;;;;;;;;;;;;;;;;;;;;;;;
MCOGER;2014;330000340;330780552;0;;;;;1;30;0;622;2;8622;3;3;0;0;2.2;2.2;;;;;6;11;;;;7;4;;;;10.2;16.75;;;
MCOGER;2014;330000555;330781204;0;;;;;1;28;0;951;0;10191;2;;1;;2.13;;;;;;10;16;;;2;1;2;;;;9.96;15.24;;;1
MCOGER;2014;330000597;330027509;0;;;;;1;15;3;239;347;2485;1;1;1;1;0.8;0.8;0;0;0;0;0;0;0;0;0;0;0;0;0;0;0;0;0;0;0
MCOGER;2014;330000605;330781253;1;621;0;247;2.5;1;73;5;2987;247;25702;6;6;0;0;0.37;0.37;0;0;0;0;42;38;2;2;37;1;4;0;0;1;39.77;37.47;2;2;29.56
MCOGER;2014;330000613;330781261;0;;;;;1;19;0;702;0;6290;1;1;1;1;1.5;1.5;0;0;1;1;;;;;;16;22;;;8;7.3;9.07;;;3.89
MCOGER;2014;330000662;330781329;1;366;268;458;1.89;0;;;;;;;;;;;;;;;;;;;;;;;;;;;;;;
MCOGER;2014;330780370;750034589;0;;;;;1;0;3;0;1196;0;1;1;2;1;1.37;1.32;;;;;;;;;;2;;;;3;1.08;;;;3.14
MCOGER;2014;330780495;330796392;0;;;;;1;3;;157;0;915;;;1;1;0.8;0.8;0;0;1;1;1;1;;;;1;1;;;;1.16;1.71;;;
MCOGER;2014;330781337;330781196;1;2236;593;1908;2.6;1;71;4;1264;666;20849;20;;8;;24.34;;0;;1;;27;30;1;;17;1;1;;;9;32.62;34.57;1.18;;24.13
MCOGER;2014;330781352;330781196;0;;;;;1;15;0;774;0;5436;3;;;;2.2;;0;;0;;10;10;;;3;1;4;;;4;9.18;11.5;;;4.28
MCOGER;2014;330781360;330781196;0;;;;;1;24;;56;0;607;4;;;;3.3;;0;;0;;;;;;3;;;;;;;;;;0.43
MCOGER;2014;330782582;330000928;0;;;;;1;25;;;;;2;2;1;1;1.47;1.47;;;1;1;9;9;;;;1;1;;;;9.35;9.75;;;
MCOGER;2014;340000033;340780055;1;615;317;827;4.19;1;12;0;534;0;4272;6;0;1;0;3.08;0;;;;;10;6;0;0;3;0;0;0;0;1;7.15;4.45;0;0;2.41
MCOGER;2014;340000223;340011295;1;476;0;445;2.46;1;10;0;317;0;3562;2;0;0;0;0.58;0;;;1;1;5;6;0;0;2;1;1;0;0;3;5.4;5.06;0;0;3.09
MCOGER;2014;340008275;340780477;1;1032;0;838;8.2;1;44;10;1409;1336;15678;10;;2;1;6.52;0.8;0;0;1;1;29;24;1;;6;;2;1;1;5;27.73;23.01;1.1;0.5;6.18
MCOGER;2014;340780683;340000306;0;;;;;1;10;;;;;1;1;;;1;1;0;0;1;1;2;1;;;;;;;;;2;1;;;
MCOGER;2014;340781608;340015171;0;;;;;1;10;0;;;;1;;1;1;0.84;0.51;;;1;0;7;7;0;;7;2;2;1;;4;4.63;5.26;0.16;;1.9
MCOGER;2014;350000014;350005179;1;1796;;908;;1;;5;0;904;0;3;1;1;1;1.59;0.9;;;;;;1;1;;9;4;;3;;2;2.85;1;1.11;;5.26
MCOGER;2014;350000063;220020739;0;;;;;1;;5;0;65;0;2;1;3;1;2.96;1.7;0;0;0;1;9;10;1;4;;7;12;;7;;12.46;16.26;0.65;6.24;
MCOGER;2014;350000147;350000022;1;1282;;790;2.55;1;52;0;1794;0;19031;7;7;;;5.1;5.1;0;0;0;0;18;19;;;4;7;12;;;9;23.7;28.6;;;9.8
MCOGER;2014;350000154;350000030;1;468;0;441;3.5;1;20;0;605;0;7560;1;1;1;;1.4;0.6;0;0;0;0;4;7;;;5;4;7;;;2;8.22;12.4;;;5
MCOGER;2014;350000162;350000048;1;420;38;;2.4;1;30;0;789;0;10418;3;1;9;;2.49;0.3;0;0;1;1;14;21;1;;11;4;2;;;2;10.95;15.86;0.2;;7.51
MCOGER;2014;350000188;350000055;1;447;0;418;2.21;1;16;0;638;0;5264;1;;;;0.9;;0;0;1;1;6;6;1;;2;3;4;;;;7.65;8.27;0.2;;2
MCOGER;2014;350000212;350000089;1;56;0;55;0.4;0;;;;;;;;;;;;;;;;;;;;;;;;;;;;;;
MCOGER;2014;350002192;220020739;1;123;0;123;0.4;0;;;;;;;;;;;;;;;;;;;;;;;;;;;;;;
MCOGER;2014;350005021;440042844;0;;;;;1;;3;0;650;0;4;;6;3;8.15;3;;;1;1;20;19;;;;13;16;2;;3;28.27;29.97;0.65;;1.1
MCOGER;2014;350006771;350005179;0;;;;;1;30;;790;0;14394;;;;;;;;;;;12;14;;;18;8;10;;;5;20.71;26.72;;;19.15
MCOGER;2014;360000038;360000046;0;;;;;1;20;0;340;0;6060;1;;;;1;;0;;1;;7;10;;;3;;;;;;6.8;10;;;3
MCOGER;2014;360000137;360000053;1;312;20;390;2;1;16;;617;0;5340;3;;;;2.5;;;;;;16;15;;;10;5;3;;;;19.93;14.74;;;9.9
MCOGER;2014;360000160;360000079;0;;;;;1;5;;169;0;1606;;;2;;0.35;;0;;1;;1;3;;;;1;;;;1;1.9;3;;;0.95
MCOGER;2014;370000531;370000606;0;;;;;1;12;1;409;22;4119;1;1;;;1;1;1;0;;;4;8;1;;1;;1;1;;2;4;8;0.5;;1.76
MCOGER;2014;370000580;370000564;0;;;;;1;25;0;684;0;6858;2;;;;1.7;;0;;1;;9;14;;;5;4;1;;;3;13.14;11.8;;;6.15
MCOGER;2014;370000861;370000481;1;1254;;364;4;1;25;;656;0;9103;7;4;;;3.05;1.55;0;0;0;0;6;16;;;4;7;5;;;2;10.23;19.41;;;5.58
MCOGER;2014;370000879;370000564;0;;;;;1;28;0;874;0;9351;2;;;;2;;0;0;1;1;12;14;;;5;1;1;;;1;9.23;14.16;;;7.01
MCOGER;2014;380000034;380780049;1;;;;;1;27;0;705;3;9886;6;;;;3.66;;0;0;1;1;6;7;;;2;4;5;;;;9.12;10.86;0;;2
MCOGER;2014;380000042;380780056;0;;;;;1;22;0;748;6;7284;;;2;;1.62;;0;;;;8;14;;;6;5;;;;1;10.41;14.44;;;6.65
MCOGER;2014;380000067;380780080;1;1462;75;1033;6.4;1;46;1;1263;322;14601;14;1;2;;15.48;0.34;0;0;1;1;16;16;;;17;11;5;;;9;23.03;20.86;0.58;;23.08
MCOGER;2014;380000091;380780171;0;;;;;1;28;2;;;;3;;;;2.5;;0;0;1;1;;;;;;;;;;;;;;;
MCOGER;2014;380000174;380781435;1;1253;183;1320;4.29;1;30;0;949;0;10880;2;1;3;2;3.34;1.74;0;0;1;0;14;17;1;;13;7;8;;;6;12.15;11.81;1;;6.83
MCOGER;2014;380000406;380784751;1;833;20;796;3.81;1;26;2;745;47;7317;2;;3;;2.13;;0;;;;8;12;;;5;3;;;;;9.17;9.86;;;4.93
MCOGER;2014;380012658;380012609;1;332;0;270;2.2;1;8;0;237;0;3053;1;1;2;1;2.6;1.8;0;;1;;2;2;;;;2;2;;;;3.6;3.7;0;;
MCOGER;2014;380785956;380795211;0;;;;;1;20;;372;0;3002;1;1;1;;1.8;1;0;0;1;1;9;5;;;;;;;;1;9;5;;;0.5
MCOGER;2014;390000040;390780146;1;1410;0;470;3.37;1;27;;728;0;9609;1;1;2;;2.45;1;0;0;1;1;8;12;1;;4;6;1;;;6;11.9;12.5;1;;6.41
MCOGER;2014;390000222;390780609;0;;;;;1;24;;862;0;7962;2;2;;;2.8;2.8;0;0;1;1;8;10;;;9;1;;;;;8.02;9.94;;;9.46
MCOGER;2014;400000105;400780193;1;679;6;630;3.9;1;24;;740;0;8649;2;2;;;2;2;0;0;1;1;7;12;;;5;4;4;;;2;9.9;15.46;;;6.04
MCOGER;2014;400000139;400011177;1;641;0;598;4;1;12;0;725;0;6804;2;2;2;2;3.3;3.3;0;0;1;1;6;13;0;0;7;2;2;0;0;0;5.85;6.47;0;0;3.84
MCOGER;2014;400000147;400780268;0;;;;;1;12;0;698;0;4402;1;1;0;0;1;1;0;1;1;0;6;7;;1;;;1;1;;1;6;6.8;0.1;0.1;0.1
MCOGER;2014;400000261;400780458;0;;;;;1;;1;0;82;0;;;1;1;0.17;0.17;0;0;;;;;;;;;;;;2;;;;;0.15
MCOGER;2014;400782769;400001764;0;;;;;1;12;1;;;;1;1;;;1;1;1;1;1;1;4;4;0;0;0;0;0;0;0;2;3;3;0;0;0.4
MCOGER;2014;400787354;400780193;0;;;;;1;;2;0;280;0;;;2;2;1;1;0;0;1;1;1;;;;1;1;;;;2;1.8;;;;2.36
MCOGER;2014;410000020;410000087;1;1815;100;629;2.71;1;25;0;553;0;9070;2;0;0;0;2;0;1;0;1;0;9;14;0;0;5;4;5;0;0;2;12.78;16.84;0;0;5.89
MCOGER;2014;410000038;410000095;0;;;;;1;15;;464;0;5198;2;;;;0.75;;0;;1;;4;5;;;4;1;2;;;1;4.5;6.25;;;4.5
MCOGER;2014;420000010;420780033;1;491;123;399;4.66;1;25;2;733;102;9224;3;3;0;0;2.63;2.63;0;0;0;0;9;8;0;0;9;2;5;0;0;5;11.18;12.45;0;0;7.41
MCOGER;2014;420000192;750034589;0;;;;;1;18;0;460;0;6202;;;3;3;1.37;1.37;0;0;1;1;;;;;;14;18;0;0;35;4.32;4.05;0;0;7.1
MCOGER;2014;420000234;420780652;1;395;0;680;3.55;1;21;1;841;9;10364;2;1;;;2;1;0;0;1;0;5;7;;;;1;1;;;;5.6;7.6;;;
MCOGER;2014;420000267;420013831;1;265;15;275;3.85;1;12;2;301;202;4239;;0;3;0;1.8;;1;0;0;0;0;0;0;0;0;0;0;0;0;0;6.14;8.8;0;0;4.22
MCOGER;2014;420000440;420784878;0;;;;;1;30;0;861;0;10607;4;;2;;1.71;;0;;0;;20;24;;;2;5;3;;;2;11.72;13.39;;;1.33
MCOGER;2014;420011413;420011405;0;;;;;1;10;0;217;0;2561;1;;1;1;1.5;0.5;0;;0;;3;3;;;;;1;;;;3;3.25;;;
MCOGER;2014;420780637;420002495;1;361;59;292;2.28;1;26;;;;;3;1;;;1.6;1;0;0;0;0;1;3;;;1;8;12;;;5;5;8;;;4
MCOGER;2014;420782567;420784878;1;0;228;158;5.15;1;37;3;1110;393;12906;12;;2;;2.51;;0;0;0;0;26;37;0;0;18;7;6;0;0;7;16.26;22.68;0;0;9.33
MCOGER;2014;420785354;420784878;1;1424;;961;4.05;0;;;;;;;;;;;;;;;;;;;;;;;;;;;;;;
MCOGER;2014;430000117;430000018;1;430;;430;1.12;1;32;1;1222;67;12101;;;3;3;1.4;1.4;0;0;1;1;11;12;0;0;;8;7;0;0;13;17.65;18.18;0;0;6
MCOGER;2014;430000190;430000034;1;52;1;52;1.2;1;13;2;355;6;3968;1;;1;;1;;;;;;3;6;0;0;4;3;3;0;0;3;4.83;8.1;0;0;6.4
MCOGER;2014;440000016;440000057;1;2930;1258;;6.8;1;75;0;2412;0;26873;5;5;2;2;3.7;3.7;1;1;1;1;18;27;;;7;17;23;3;;12;30.6;42.6;1.6;;12.95
MCOGER;2014;440000271;440000289;1;;;;6.14;0;;;;;;;;;;;;;;;;;;;;;;;;;;;;;;
MCOGER;2014;440000396;440000297;1;122;0;116;0.95;1;22;;827;0;8629;1;1;;;0.55;0.55;0;0;1;1;9;5;1;;2;;;;;;8.2;4.3;0.1;;0.7
MCOGER;2014;440000453;440000289;0;;;;;1;36;5;1279;582;12811;7;0;4;0;3.79;0;0;0;1;0;12;17;0;0;5;11;8;0;1;16;18.79;23.13;0;0.5;11.96
MCOGER;2014;440000503;440000313;1;217;25;225;0.5;0;;;;;;;;;;;;;;;;;;;;;;;;;;;;;;
MCOGER;2014;440000560;850009010;0;;;;;1;22;3;637;489;7773;2;;1;1;2.8;0.8;0;0;1;1;8;11;;;4;5;5;;;3;11.43;14.8;;;2.67
MCOGER;2014;440001295;440000859;0;;;;;0;;;;;;;;;;;;;;;;;;;;;;;;;;;;;;
MCOGER;2014;440017598;440000289;1;;;;;1;30;0;1107;0;10682;7;1;;;4.4;0.2;0;;1;;9;15;0;0;4;6;6;0;0;2;11.99;19.91;0;0;4.3
MCOGER;2014;450000062;450000104;1;299;0;299;1.92;1;30;;752;0;10733;;;5;5;3.63;3.63;0;0;0;0;12;14;;;9;;1;1;;5;11.53;13.01;0.64;;13.44
MCOGER;2014;450000070;450000112;0;;;;;1;4;0;137;0;1392;1;1;;;0.08;0.08;0;0;0;0;3;3;;;1;;;;;;1.35;1.34;;;0.1
MCOGER;2014;450000120;450000138;0;;;;;1;12;;163;0;3048;;;2;;0.33;;0;;1;0;6;13;;;6;1;;;;6;3.34;6.22;;;3.55
MCOGER;2014;450000260;450000161;0;;;;;0;;;;;;;;;;;;;;;;;;;;;;;;;;;;;;
MCOGER;2014;450002613;450000088;1;441;1303;977;4.01;1;68;2;2113;281;22391;11;7;3;1;7.55;4.75;0;0;1;1;24;36;;;17;11;8;2;;10;31.78;39.16;1.32;;24.42
MCOGER;2014;460000045;460780083;0;;;;;1;10;;;;;2;;;;1.19;;;;;;;;;;;;;;;;;;;;
MCOGER;2014;460000052;460780091;0;;;;;0;;;;;;;;;;;;;;;;;;;;;;;;;;;;;;
MCOGER;2014;460000102;460780208;0;;;;;1;7;2;305;159;2560;;;2;1;0.44;0.2;;;;;;;;;;9;12;;;6;2.59;3.19;;;1.75
MCOGER;2014;460000110;460780216;1;2475;44;598;3.04;1;12;0;517;71;3698;3;1;0;0;2.5;0.5;0;0;1;1;7;6;0;0;2;1;3;0;0;3;7.8;7.57;0;0;4.22
MCOGER;2014;470000431;470000324;0;;;;;1;24;;617;0;8222;4;4;;;3.5;3.5;0;;1;;8;14;;;2;1;2;1;;6;8.5;15.3;0.3;;6.11
MCOGER;2014;470000480;470001660;1;146;9;153;;1;37;;1284;0;10441;5;3;0;0;3.68;2.24;;;;;14;18;0;0;16;2;1;0;0;4;11.7;13.61;0;0;9.61
MCOGER;2014;470000530;470000357;0;;;;;1;0;0;25;0;295;0;;;;0.2;;;;;;0;0;;;;;;;;;1.5;1.5;;;
MCOGER;2014;470005406;470000316;1;876;12;734;3;1;20;5;715;583;6960;3;2;0;0;2;0.93;0;0;0;0;10;15;;;8;2;3;;;1;11.76;15.95;;;5.96
MCOGER;2014;480000017;480780097;1;;;;;1;13;0;532;12;4249;;;;;;;0;0;0;1;6;11;;;1;2;2;;;3;6.62;11.85;;;1.95
MCOGER;2014;480000033;480780121;0;;;;;1;20;0;161;0;6380;;;;;;;;;;;5;12;;;12;2;1;;;1;6.25;12.8;;;12.8
MCOGER;2014;480000041;480780139;0;;;;;1;10;0;132;0;1796;;;2;;0.24;0.2;0;0;0;0;;;;;;11;13;1;;9;1.42;2.39;0.05;;1.37
MCOGER;2014;480000074;480780162;0;;;;;0;;;;;;;;;;;;;;;;;;;;;;;;;;;;;;
MCOGER;2014;490000049;490000031;1;;;;6.83;1;26;1;982;180;9490;7;2;;;5.7;2;0;0;0;0;16;14;1;0;9;2;8;0;0;4;15.35;16.64;0.2;0;9.05
MCOGER;2014;490000635;490000676;1;638;0;598;1.8;1;30;0;1073;0;10787;4;3;;;2.47;1.51;0;0;0;0;6;10;;;1;13;10;;;3;14.91;19.28;;;2.31
MCOGER;2014;490001765;490528452;1;548;34;513;0.89;1;28;1;1358;157;11398;2;;6;;4.97;;0;;1;;7;11;;;4;6;7;;;5;10.22;12.76;;;6.84
MCOGER;2014;500000021;500000054;1;2317;480;889;3.5;1;26;;681;0;9393;2;1;;;1;1;0;;0;;8;9;0;0;6;4;5;0;0;2;11.62;12.97;0;0;6.86
MCOGER;2014;500000187;500000013;1;463;0;422;0.5;1;28;;887;0;9859;5;5;0;0;5.2;5.2;0;0;0;0;9;12;;;4;4;6;;;3;11.98;16.82;;;7.27
MCOGER;2014;500000260;500000054;1;;;;;0;;;;;;;;;;;;;;;;;;;;;;;;;;;;;;
MCOGER;2014;500000450;500000112;1;536;171;514;2.43;0;;;;;;;;;;;;;;;;;;;;;;;;;;;;;;
MCOGER;2014;500000476;500000138;0;;;;;0;;;;;;;;;;;;;;;;;;;;;;;;;;;;;;
MCOGER;2014;500000591;500000393;0;;;;;1;28;0;577;0;6630;3;;;;3;;0;;1;;8;7;;;5;1;4;1;;4;8.93;10.08;0.43;;5.52
MCOGER;2014;510000235;510000060;0;;;;;1;26;0;792;0;8336;2;1;1;0;3.74;1.93;;;;;14;13;0;0;7;2;2;0;0;1;11.77;11.8;0;0;3.76
MCOGER;2014;510004302;510000029;1;;;;;1;49;5;1259;1106;17559;9;2;0;0;5.9;1.5;0;0;0;0;17;10;0;0;15;9;7;0;0;6;23.3;22.6;0;0;19.2
MCOGER;2014;520000068;520780073;1;554;28;490;2.5;1;33;0;872;0;10534;4;3;2;2;3.48;3.15;0;0;1;1;9;14;;;;7;5;;;;14.44;15.87;;;
MCOGER;2014;530000017;530000025;1;;;;;1;10;0;274;0;3543;;;1;;0.8;;;;;;1;;;;3;3;;;;3;3.54;;;;5.04
MCOGER;2014;530000173;530000074;1;485;16;45;0.83;1;34;0;1218;0;11565;4;4;2;2;4.77;4.77;0;0;1;1;9;8;0;;61;7;4;3;;24;12.97;11.05;0.54;;45.9
MCOGER;2014;530000264;530000371;1;816;136;882;1.74;1;29;;1084;0;11233;2;2;1;1;2.71;1.88;0;0;0;0;8;10;0;0;3;4;5;0;0;1;10.41;12.76;0;0;3.63
MCOGER;2014;540000023;540000049;1;289;0;247;1.65;0;;;;;;;;;;;;;;;;;;;;;;;;;;;;;;
MCOGER;2014;540000296;540000106;0;;;;;1;41;;1260;0;14138;2;2;2;1;3.3;2.9;0;0;1;1;20;22;;;10;2;2;;;;20.34;23.15;;;9.71
MCOGER;2014;540000395;540000122;0;;;;;1;20;0;410;0;6891;;;4;;1.28;;0;;1;;5;9;;;;1;1;;;;5.5;9.4;;;
MCOGER;2014;540001070;540000767;1;;256;256;2;1;28;;1042;0;9421;;;4;4;1.73;1.73;0;0;0;0;9;9;;;2;5;5;;;8;12.74;12.79;;;5.33
MCOGER;2014;540002698;540023264;1;1636;0;1303;3.92;1;62;5;1248;937;19545;14;;;;6.59;;0;0;1;1;37;41;;;29;21;17;;;21;38.97;39.97;;;28.06
MCOGER;2014;540014149;540000122;0;;;;;1;0;5;0;1757;0;;;1;1;0.5;0.5;0;0;0;0;1;2;;;;;;;;;1;2;;;
MCOGER;2014;550000012;550006795;1;374;0;;2.86;1;20;0;478;0;6689;2;2;;;1.8;1.8;0;;1;;35;24;;;106;7;4;;;9;34.93;25.37;;;95.97
MCOGER;2014;550000434;550003354;1;77;;;1;1;18;1;286;217;4265;;;3;1;1.5;0.5;0;0;1;1;9;;;;4;1;14;;;1;9.3;11.18;;;4.09
MCOGER;2014;560000127;560023210;1;;;;;1;30;0;1007;0;10802;6;6;0;0;1;1;0;0;1;1;15;16;0;0;2;5;5;0;0;1;13.94;17.25;0;0;1.97
MCOGER;2014;560000135;560005746;1;839;0;629;0.8;1;42;0;1113;0;15571;3;3;1;1;3.93;3.93;0;0;1;1;16;16;;;1;9;7;;;;23.1;20.32;;;1
MCOGER;2014;560000143;560014748;1;;;;;1;29;0;1017;6;10770;;;;;2;;;;;;;;;;;;;;;;;;;;33.74
MCOGER;2014;560000184;560006017;1;460;0;449;3;1;16;5;472;1200;5437;3;3;10;10;8.57;8.57;1;1;0;0;14;14;0;;4;23;22;3;;15;27.94;26.66;0.73;;10.43
MCOGER;2014;560000192;560000044;1;466;;417;1.66;0;;;;;;;;;;;;;;;;;;;;;;;;;;;;;;
MCOGER;2014;560000200;560023210;1;;;;;0;;;;;;;;;;;;;;;;;;;;;;;;;;;;;;
MCOGER;2014;560000275;560005746;0;;;;;1;;10;0;837;0;2;2;2;1;2.1;2;0;0;1;1;3;;;;4;1;1;;;1;2.25;0.92;;;2.3
MCOGER;2014;560015422;560002214;0;;;;;1;10;;226;0;2691;;;;;;;;;;;3;5;;;1;2;;;;3;3.47;5.04;;;0.95
MCOGER;2014;570000059;570025254;0;;;;;1;6;;33;0;421;1;;;;0.25;;0;0;0;0;;;;;;;3;;;;;0.41;;;
MCOGER;2014;570000117;570015099;1;356;;330;2.2;1;8;;354;0;2546;;;1;1;0.22;0.22;0;0;0;0;1;;;;;;;;;1;1;;;;0.3
MCOGER;2014;570000166;570010173;0;;;;;1;;5;0;682;0;;;1;;0.5;;0;;0;;;;;;;3;1;1;;1;0.96;0.65;0.25;;0.51
MCOGER;2014;570000349;570005165;1;588;10;;1.3;1;47;3;1226;463;13364;9;;0;;9;;0;;1;;18;20;;;2;8;10;;;6;19.25;18.76;;;3.9
MCOGER;2014;570000489;750050759;0;;;;;1;;;79;0;980;1;1;;;1;1;0;0;1;1;4;5;;;2;;;1;;;4;5;0.1;;2
MCOGER;2014;570000687;570025254;1;323;;272;1.2;1;0;5;0;948;0;1;;6;1;5.4;0.9;0;0;0;0;7;8;2;;5;4;2;1;;4;9.6;9.11;1.5;;7.8
MCOGER;2014;570000968;570000430;0;;;;;1;20;;8;0;64;1;;1;;1.3;;1;1;;;10;4;;;2;4;2;1;;9;11.96;6.27;0.5;;8.57
MCOGER;2014;570001099;570023630;0;;;;;1;40;;640;0;9497;3;3;;;2.29;2.29;0;0;1;1;19;15;;;;1;;;;1;13.83;12.63;;;0.7
MCOGER;2014;570003079;570010181;0;;;;;1;46;0;1429;0;12464;4;4;2;2;4.5;4.5;;;1;1;14;12;;;9;6;7;1;;5;18;17.5;0.2;;12
MCOGER;2014;570005215;570005165;0;;;;;1;;5;0;551;0;1;1;;;0.1;0.1;0;0;1;1;;2;;;1;2;;;;;1.5;1.88;;;1
MCOGER;2014;570026682;570005165;1;401;11;;1.3;1;44;;1688;0;15975;6;6;2;2;7.1;7.1;0;0;1;1;18;21;;;1;7;7;;;6;23.94;27.73;;;4.88
MCOGER;2014;580004836;580780039;1;;;;0.52;1;23;;570;0;8170;2;2;1;;1.55;1.5;0;;1;;;;;;;;;;;;;;;;
MCOGER;2014;580972677;580780088;0;;;;;1;3;0;63;0;443;3;;3;;3.67;;;;;;14;25;;;10;3;4;;;1;15.9;27.41;;;11
MCOGER;2014;590000014;590780052;0;;;;;1;;;168;0;1818;;;;;;;;;;;;;;;;;;;;;;;;;
MCOGER;2014;590000121;590780227;1;457;50;455;2.7;1;40;5;1295;273;13115;4;3;1;1;4.3;3.3;0;0;0;0;21;23;;;5;4;2;;;;22.74;24.53;;;5.92
MCOGER;2014;590000337;590781415;1;628;81;691;2.05;1;22;2;771;169;6894;3;;0;;3;;0;;1;;11;9;;;6;6;4;;;1;15.02;12.3;;;6.5
MCOGER;2014;590000428;590781605;1;468;0;465;1;1;22;1;732;163;7761;4;4;;;4;4;;;;;11;13;;;2;2;1;;;;13;14.4;;;2.58
MCOGER;2014;590000436;590781621;0;;;;;1;20;;493;0;6262;2;2;;;1.76;1.76;;0;;0;5;9;;;;3;;;;;5.65;8.84;;;
MCOGER;2014;590000477;590781670;1;100;;100;0.1;1;13;;;;;;;2;2;0.8;0.8;1;1;1;1;5;9;;;5;5;2;1;;13;5.4;6.3;0.05;;5.36
MCOGER;2014;590000527;590781795;0;;;;;1;28;5;647;32;9227;3;2;;;1.98;1.25;0;0;1;1;14;16;;;8;;1;1;;1;11.12;14.14;0.17;;5.24
MCOGER;2014;590000535;590781803;1;809;0;;0.4;1;20;;578;0;6742;3;;3;1;2.97;0.38;;;1;;11;12;;;5;;1;;;;11.88;12.58;;;3.61
MCOGER;2014;590000592;590782165;0;;;;;1;20;0;560;1;7039;2;2;0;0;2;2;;;;;2;1;0;0;1;0;0;0;0;0;2;1;0;0;1
MCOGER;2014;590000600;590782207;0;;;;;1;29;0;756;0;8613;3;2;;;3;2;1;1;0;0;9;12;;;3;4;4;;;;11.66;14.45;;;2.09
MCOGER;2014;590000618;590782215;1;1142;0;1020;5.39;1;42;3;1820;395;15243;5;5;4;4;6.37;6.37;0;0;0;0;23;20;;;15;7;10;1;;3;29.15;29.24;0.89;;10.5
MCOGER;2014;590000758;590782637;1;191;0;175;3.9;1;20;1;544;38;6765;2;2;;;2.13;2.13;0;0;1;1;5;4;;;1;3;2;;;3;7.3;6.06;;;1.47
MCOGER;2014;590000766;590782645;0;;;;;0;;;;;;;;;;;;;;;;;;;;;;;;;;;;;;
MCOGER;2014;590001004;590783239;1;634;;584;3.2;1;35;;1785;0;12011;3;2;;;2.34;2;0;0;1;1;14;21;;;8;3;;;;;16.83;18.64;;;3.35
MCOGER;2014;590780284;590051801;1;810;;;1.43;0;;;;;;;;;;;;;;;;;;;;;;;;;;;;;;
MCOGER;2014;590782496;590000139;0;;;;;1;23;5;;;;2;2;;;1.8;1.8;0;0;1;1;9;8;1;;4;;;;;;9;8;0.5;;2.05
MCOGER;2014;590782546;590000733;0;;;;;1;10;;;;;1;;;1;1;0.25;0;0;1;0;4;3;;;;;1;;;1;4;3.5;;;0.7
MCOGER;2014;590787586;590780193;0;;;;;1;28;;782;0;9768;2;;;;2.3;;;;;;16;19;;;6;2;4;;;0;17.43;21.31;;;6.06
MCOGER;2014;590791091;590780193;0;;;;;1;;5;0;742;0;5;;3;;3.65;;;;;;3;2;0;;3;2;2;0;;4;4.3;3.82;0.3;;5.46
MCOGER;2014;590796975;590780193;0;;;;;1;28;;733;0;9391;2;;;;2.9;;;;;;16;14;;;6;2;6;;;1;16.97;18.62;;;6.92
MCOGER;2014;590797353;590051801;0;;;;;1;25;0;868;0;8296;2;2;;;1.63;1.63;0;0;0;0;5;1;;;;9;12;;;;9.55;5.78;;;
MCOGER;2014;590801106;590782421;1;1614;0;947;6.6;1;40;0;1394;0;15388;6;6;1;1;6.8;6.8;0;0;1;1;2;;;;0;1;;;;1;2.8;;;;0.8
MCOGER;2014;590804696;590781902;1;464;;330;3.43;1;20;1;754;92;7178;5;5;;;5;5;0;0;1;1;10;10;;;5;7;2;1;;6;15.83;11.85;0.3;;7.54
MCOGER;2014;600000053;600101984;1;420;0;390;1.35;1;44;;626;0;7934;5;5;1;1;4.05;4.05;0;0;0;0;16;20;0;0;19;3;4;0;0;5;9.8;12.27;0;0;12.5
MCOGER;2014;600000186;600100648;0;;;;;0;;;;;;;;;;;;;;;;;;;;;;;;;;;;;;
MCOGER;2014;600000194;600100713;1;1575;22;1296;3.92;1;25;;885;0;8521;2;2;1;1;2.6;2.6;0;0;1;1;11;11;0;0;3;0;1;0;0;0;9.83;11.28;0;0;4
MCOGER;2014;600000285;600100721;0;;;;;1;26;;848;0;8151;6;1;0;0;2.86;0.5;0;0;0;0;9;15;0;0;8;5;4;0;0;1;10.59;16.07;0;0;3.98
MCOGER;2014;600000467;600101984;1;610;0;570;1.35;1;0;0;402;0;4003;;;;;0.93;0.93;0;0;0;0;0;0;;;0;;;;;;5.87;6.45;;;1.01
MCOGER;2014;600100101;750712184;0;;;;;1;29;;542;0;8904;3;1;1;1;3.8;1.8;1;;1;;9;14;;;3;4;3;1;1;;11.92;16.62;0.5;0.5;3
MCOGER;2014;600113476;600100721;1;481;0;351;1.1;1;29;;739;0;8286;7;1;0;0;3.86;0.5;0;0;0;0;12;18;1;0;3;2;1;0;0;2;12.3;14.2;0.5;0;3.23
MCOGER;2014;610000044;610780074;0;;;;;1;4;;178;0;1457;1;0;0;0;0.12;0;;;;;0;0;0;0;0;0;0;0;0;0;0;0;0;0;0
MCOGER;2014;610000069;610780090;0;;;;;1;25;;772;0;9033;1;0;1;1;1.8;0.8;0;0;1;0;12;15;;;1;4;3;;;4;14.55;17.5;;;4
MCOGER;2014;620000034;620100057;1;836;912;1748;6.86;1;26;1;1028;0;9278;1;1;2;2;2.6;2.6;0;0;;;12;13;;;2;2;1;;;1;12.24;13.35;;;2.27
MCOGER;2014;620000224;620100651;1;237;;193;2.05;1;14;2;;;;1;;1;1;1.8;0.8;1;0;0;0;7;10;;;;1;1;;;3;7.55;10.83;;;1.5
MCOGER;2014;620000240;620100677;1;479;41;377;1.3;1;24;5;514;35;7193;3;;;;2.58;;1;1;0;0;7;13;;;8;2;;;;3;7.99;11.45;;;7.18
MCOGER;2014;620000257;620100685;1;1628;;1520;3.36;1;27;3;644;648;9663;6;5;3;;4.89;3.2;0;0;1;1;15;15;;;6;1;1;1;;3;15.06;16.52;0.29;;5.42
MCOGER;2014;620000323;620101337;1;;;50;;1;30;1;873;4;12342;5;5;;;5;5;0;;1;;6;11;0;0;1;5;5;0;0;0;9.92;14.08;;;1
MCOGER;2014;620000349;620101360;1;384;360;594;2.9;1;21;;;;;4;3;;;3.68;2.6;;0;;0;7;13;;;7;3;3;;;1;12.17;15;;;6.84
MCOGER;2014;620000653;620103440;1;777;48;723;3.4;1;15;1;570;7;5744;2;1;;;1.5;0.5;1;0;0;1;3;5;;;;10;3;;;1;8.35;6.9;;;0.58
MCOGER;2014;620003202;620103432;1;144;0;125;1.92;1;24;3;1006;72;7932;4;1;2;1;4.87;1.6;0;0;1;1;10;13;;;;2;0;;;;13.23;13.28;;;
MCOGER;2014;620003350;620001834;1;273;28;292;;1;30;;;;;2;2;1;1;2.9;2.9;0;0;1;1;9;14;1;;3;7;3;0;;2;14.05;15.75;1;;4.4
MCOGER;2014;620003376;620001834;1;;;;;0;;;;;;;;;;;;;;;;;;;;;;;;;;;;;;
MCOGER;2014;620025346;620001834;0;;;;;1;10;0;248;0;2634;1;1;0;0;1;1;;;;;3;5;0;0;0;2;0;0;0;0;4.8;5;0;0;0
MCOGER;2014;620100487;620000125;1;175;0;175;0.8;0;;;;;;;;;;;;;;;;;;;;;;;;;;;;;;
MCOGER;2014;620100735;620000265;0;;;;;1;20;;375;0;4432;;1;;;;1;;0;;0;;;;;;;;;;;;;;;
MCOGER;2014;630000412;630780997;1;246;85;331;1;1;5;0;43;0;422;0;;1;;0.1;;;;;;;;;;;;;;;;;;;;
MCOGER;2014;630000420;630781003;0;;;;;1;15;;407;0;4593;1;;;;1;;0;;0;;11;14;;;3;;;;;;10.38;11.77;;;2.6
MCOGER;2014;630000438;630781011;0;;;;;1;75;0;1738;0;26917;7;7;;;7;7;0;0;1;1;26;37;1;0;19;10;9;0;0;6;34.38;41.31;0.7;0;22.48
MCOGER;2014;630000446;630781029;0;;;;;1;10;;328;0;3518;32;;14;;34.1;;1;;1;;41;46;;;54;34;42;;;36;59.96;64.41;;;76.83
MCOGER;2014;630000560;630781367;0;;;;;0;;;;;;;;;;;;;;;;;;;;;;;;;;;;;;
MCOGER;2014;630783538;630780989;1;;;;;0;;;;;;;;;;;;;;;;;;;;;;;;;;;;;;
MCOGER;2014;640000162;640780417;1;996;742;1561;6.8;1;24;0;669;0;6203;2;2;0;0;1.86;1.86;0;0;1;0;12;11;0;0;2;0;1;0;0;0;9.05;9.41;0;0;1.5
MCOGER;2014;640000402;640780813;0;;;;;1;20;;475;0;6886;2;2;1;0;2.38;2;0;0;1;1;8;10;;;1;5;3;;;7;12.18;13.33;;;2.81
MCOGER;2014;640000410;640780821;0;;;;;1;5;0;210;0;2808;1;1;;;0.4;0.4;0;0;1;1;1;2;;;3;;2;;;;1;3.75;;;3
MCOGER;2014;640000600;640781290;1;1014;0;562;2.38;1;56;2;2439;630;20448;6;;;;4.25;;0;;0;;27;32;;;14;7;4;1;1;;29.03;33.11;0.1;0.1;14.49
MCOGER;2014;640780755;640780417;0;;;;;1;30;;909;0;10705;2;0;0;0;1.9;0;;;;;12;12;0;0;5;1;2;0;0;0;11.68;14.15;0;0;5
MCOGER;2014;650000045;650780158;1;790;12;175;1.25;0;;;;;;;;;;;;;;;;;;;;;;;;;;;;;;
MCOGER;2014;650000052;650780166;1;363;45;362;1.83;1;25;0;982;0;7775;4;;;;2.8;;0;0;0;0;3;12;;;11;7;1;;;;10.14;12.89;;0.5;10.03
MCOGER;2014;650000417;650783160;1;265;;240;1;1;20;0;652;0;6766;5;5;1;1;5.3;5.3;0;;;;8;8;;;4;;;;;;8.63;8.33;;;4.59
MCOGER;2014;650780182;650783160;1;0;206;129;1.5;1;5;0;147;0;1604;;;;;0.5;0.5;0;0;1;1;;;;;;;;;;;;;;;
MCOGER;2014;650780679;650000243;1;;;;;0;;;;;;;;;;;;;;;;;;;;;;;;;;;;;;
MCOGER;2014;650784218;650780174;1;357;259;482;2.67;0;;;;;;;;;;;;;;;;;;;;;;;;;;;;;;
MCOGER;2014;660000084;660780180;1;932;0;869;3;1;38;0;997;0;14020;4;3;;;4;3;0;0;1;1;19;18;;;6;1;;;;;20.03;18.33;;;6.5
MCOGER;2014;670000025;670780055;1;1460;573;1669;9.1;1;25;0;608;0;9071;3;3;0;0;1.13;1.13;0;0;1;1;7;7;0;0;1;2;3;0;0;10;9.1;9.54;0.44;;10.86
MCOGER;2014;670000157;670780337;1;834;146;980;4.9;1;24;;692;0;8576;3;2;;;3.08;2;0;0;1;1;10;16;;;3;1;2;;;4;12.11;17.83;;;6.44
MCOGER;2014;670000165;670780345;0;;;;;1;;7;0;587;0;;;;;0.48;0.48;0;0;1;1;1;1;;;3;1;1;;;1;1.91;1.17;;;3.59
MCOGER;2014;670000272;670780543;0;;;;;1;;4;0;345;0;;;1;;0.2;;0;;0;;;;;;;1;;1;;1;0.5;;0.25;;0.25
MCOGER;2014;670000306;670780584;0;;;;;1;17;8;435;1060;6606;1;1;4;4;1.91;1.91;0;0;1;1;7;7;0;0;2;2;4;3;0;17;8.37;8.99;0.76;0;11.78
MCOGER;2014;670014042;670013754;0;;;;;1;;4;0;767;0;2;2;;;0.24;0.16;0;0;0;0;;2;1;;2;2;;;;;0.48;0.8;0.15;;0.45
MCOGER;2014;670780188;670014604;0;;;;;1;40;;1072;0;13218;3;;;;3;;;;1;1;13;14;;;1;6;5;;;;15.91;18.13;;;0.66
MCOGER;2014;670783133;670780055;0;;;;;1;48;10;886;2018;13542;4;4;0;0;2.33;2.33;1;;1;;19;21;1;0;14;1;3;0;0;10;21.06;22.31;1.15;0;23.48
MCOGER;2014;670797539;670014604;1;;;;1.93;1;;5;0;1024;0;;;2;;1.1;;;;1;;;;1;;3;;1;;;3;;0.22;1;;5.13
MCOGER;2014;670798636;670014604;0;;;;;1;;5;0;362;0;;;2;;0.7;;;;1;1;;2;;;;1;;1;;1;0.78;2;0.6;;0.85
MCOGER;2014;680000122;680000346;0;;;;;1;0;10;0;873;0;1;1;1;;0.99;0.8;0;0;1;1;1;1;;;;1;1;;;1;0.83;1.25;;;0.25
MCOGER;2014;680000544;680000395;0;;;;;1;10;5;177;782;3188;1;;1;;1.4;;;;;;1;1;;;1;3;3;;;3;3;2.65;;;2.06
MCOGER;2014;680000577;680000411;0;;;;;1;0;12;0;1895;0;7;0;7;0;7.93;0;;;1;;18;21;1;;25;12;7;;;13;27.25;26.41;0.4;0;27.5
MCOGER;2014;680000700;680001005;0;;;;;1;;4;0;440;0;1;;;;1;;0;;0;;2;3;;;4;2;;1;;4;3.25;3;0.5;;6.6
MCOGER;2014;680000882;680016011;0;;;;;1;30;7;994;1196;12481;4;;;;2.5;;;;;;6;12;;;5;13;1;;;1;10.93;11.74;;;3.75
MCOGER;2014;680001195;680016011;0;;;;;0;;;;;;;;;;;;;;;;;;;;;;;;;;;;;;
MCOGER;2014;680004546;680000486;0;;;;;1;25;;627;0;9066;2;0;0;0;1.7;0;0;;1;;9;9;;;3;3;2;;;3;11.35;10.82;;;2.37
MCOGER;2014;680004553;680000486;1;648;275;808;5.8;1;12;6;545;1534;2010;10;2;1;0;7.5;2;0;0;1;1;4;5;1;;8;1;1;;1;1;4.8;5.5;0.1;0.31;3.99
MCOGER;2014;680004579;680000973;1;2682;728;1695;7.17;1;25;10;636;2070;8889;4;4;0;0;2.2;2.2;0;0;0;0;11;8;1;;7;1;4;2;;8;11.19;10.78;1.02;;10.45
MCOGER;2014;690000013;690780036;0;;;;;1;8;;182;0;3126;2;2;;;0.72;0.72;0;0;0;0;4;4;;;9;;2;;;;2.55;2.55;;;2.36
MCOGER;2014;690000021;690780044;0;;;;;1;22;;487;0;5760;;;9;1;2.1;0.6;0;0;0;0;4;5;;;5;8;11;;;8;7.72;7.09;;;6.69
MCOGER;2014;690000245;690780432;1;100;148;1147;9;1;56;2;1839;199;16638;14;14;12;1;16.42;15.16;0;0;1;1;25;59;;;54;4;8;;;4;26.74;42.46;0;0;26.03
MCOGER;2014;690000575;690782222;1;1013;77;917;;1;9;;798;0;3187;6;3;;;4.41;2.58;0;0;1;1;14;12;1;;3;6;4;;;;5.78;3.33;0.13;;1.7
MCOGER;2014;690000583;690782230;0;;;;;1;15;0;282;0;4516;;;2;1;0.8;0.1;0;0;0;0;3;4;0;0;1;2;3;1;0;2;3.81;7.28;0.15;0;2.35
MCOGER;2014;690000591;690782248;0;;;;;0;;;;;;;;;;;;;;;;;;;;;;;;;;;;;;
MCOGER;2014;690000773;690782925;0;;;;;1;21;;732;0;7089;3;3;;;2;2;1;1;1;1;11;9;;;3;;;1;2;2;9.75;8.95;0.15;0.25;2.04
MCOGER;2014;690780416;690031190;0;;;;;1;10;0;273;0;3201;0;0;2;2;1;1;0;0;1;1;;;;;;;;;;;;;;;
MCOGER;2014;690781737;750721334;0;;;;;1;44;0;1148;0;11725;2;2;5;2;3.9;3.6;0;0;1;1;8;12;;;5;12;6;1;;3;13.87;14.3;0.45;;5.61
MCOGER;2014;690783154;690781810;1;1209;238;1037;8.8;1;85;0;2091;0;21298;10;3;;2;6.52;4.9;0;0;1;1;55;50;;;21;10;9;;;5;40.4;39.58;0.85;;18.25
MCOGER;2014;690784137;690781810;1;793;247;500;6.25;1;26;1;796;92;8591;5;1;2;3;3.6;4.07;1;0;1;0;11;12;;;8;1;3;;;6;11.24;14.04;;;10.11
MCOGER;2014;690784194;690781810;0;;;;;1;81;8;1877;1157;23778;5;5;2;4;4.43;6.96;0;;1;1;35;31;0;0;26;13;14;0;1;8;40.83;33.3;0;0.06;25.1
MCOGER;2014;690787429;690781810;1;0;0;0;;1;27;5;680;514;9164;2;2;1;2;2.73;3.43;0;0;1;1;9;11;;;8;3;5;;;2;12.2;17.91;0.15;;11.12
MCOGER;2014;690787452;690781810;0;;;;;1;58;0;1098;0;9083;1;3;1;1;1.19;2.71;0;;1;1;21;24;0;1;8;6;5;2;0;4;18.78;19.28;1.33;0.05;7.87
MCOGER;2014;690787460;690782222;0;;;;;1;16;;500;0;5839;2;2;;;1.5;1.5;;;1;1;9;7;;;14;2;3;1;;2;8.45;7.04;0.42;;5.5
MCOGER;2014;690787478;690781810;0;;;;;1;4;0;461;0;8441;;2;;0;0.01;3.45;0;0;1;1;2;2;0;0;1;2;1;0;0;0;11.2;12.79;0;0;4.91
MCOGER;2014;690805361;690805353;1;1413;113;1147;2.2;0;;;;;;;;;;;;;;;;;;;;;;;;;;;;;;
MCOGER;2014;700000011;700780026;1;186;123;261;;0;;;;;;1;1;1;1;1.8;1.8;0;0;0;0;;;;;;;;;;;;;;;
MCOGER;2014;700000029;700004591;1;109;;100;1.74;0;;;;;;;;;;;;;;;;;;;;;;;;;;;;;;
MCOGER;2014;710010067;710780644;1;;;;;1;25;0;864;0;8992;3;3;;;2.7;2.7;0;0;1;1;13;23;;;13;5;5;;;2;10.23;12.75;;;6.5
MCOGER;2014;710010786;710781451;0;;;;;1;8;;366;0;2765;;;1;1;0.75;0.75;0;0;1;0;;;;;;11;10;0;0;10;3;3.23;0;0;2.61
MCOGER;2014;710978123;710781063;0;;;;;1;15;0;321;0;3707;1;;;;1;;;;;;;;;;;;;;;;;;;;
MCOGER;2014;710978263;710780958;1;1001;8;673;4.3;1;21;;578;0;7439;3;3;;;2.8;2.8;0;0;0;0;8;8;;;3;4;7;;;1;9.92;12.51;;;4.54
MCOGER;2014;710978289;710780263;1;980;;606;1;1;13;0;595;0;4712;1;1;;;0.6;0.6;;;;;1;2;;;;;1;;;1;1;2.8;;;0.1
MCOGER;2014;710978313;710976705;1;234;;133;1.3;1;29;2;763;12;8035;4;4;;;2.36;2.36;;;;;9;14;;;6;1;;;;2;7.69;10.8;;;6.94
MCOGER;2014;710978347;710781204;0;;;;;1;15;;832;0;9097;2;1;1;;2.45;1;;;;;15;16;;;5;2;1;;;1;11.2;13.62;;;5.67
MCOGER;2014;720000033;720000025;1;1446;0;1430;5.9;1;60;0;1606;0;21515;0;0;6;0;3.9;0;0;;1;;14;16;0;0;3;9;19;0;0;3;20.61;27.5;0;0;3.99
MCOGER;2014;720000470;610780082;0;;;;;1;8;;305;0;3244;5;;;;5;;0;;1;;;;;;;8;9;;;6;3.43;4.43;;;2.34
MCOGER;2014;720016179;720016724;1;106;44;150;;1;;;0;124;0;1;1;1;1;0.4;0.4;1;1;0;0;;;;;;;;;;4;;;;;0.58
MCOGER;2014;730000031;730000015;1;641;;591;0.88;1;20;4;652;23;7271;9;0;1;0;3.27;0;;;;;9;7;0;0;3;2;5;0;0;10;10.4;9.73;0;0;8
MCOGER;2014;730000049;730002839;1;85;;79;0.75;1;12;;397;0;4097;1;1;2;2;0.87;0.87;0;0;1;1;;;;;;11;12;;;9;5.3;6.11;;;3.77
MCOGER;2014;730000080;730780103;1;;;;;1;;;0;0;0;;;;;;;;;;;;;;;;;;;;;;;;;
MCOGER;2014;730000262;730002839;1;283;;259;2.2;0;;;;;;;;;;;;;;;;;;;;;;;;;;;;;;
MCOGER;2014;740000237;740781133;1;1200;336;1503;7.45;1;26;5;532;1059;8284;5;0;9;0;5.43;0;1;;0;;11;18;4;0;12;5;1;0;0;14;14.08;16.6;2.29;0;14.23
MCOGER;2014;740000302;740781133;1;60;60;80;1.4;1;18;0;566;16;6206;0;0;4;0;3.55;0;0;0;1;1;10;9;0;0;7;4;2;0;0;5;13.12;11.34;0;0;7.71
MCOGER;2014;740000328;740790381;1;1387;0;946;3.2;1;36;4;1260;173;10753;4;;4;;3.98;;1;0;0;0;18;23;1;0;12;0;0;0;0;0;17.04;21.04;1.2;0;11.11
MCOGER;2014;740781141;740790258;1;291;0;291;2.78;1;13;;375;0;4091;2;2;3;3;2.03;2.03;0;0;0;0;5;2;0;0;1;1;5;0;0;2;5;5.14;0;0;1.24
MCOGER;2014;740781224;740001839;1;147;38;176;4.95;1;25;1;550;182;9187;4;4;0;0;1.85;1.85;0;0;0;0;10;18;;;6;5;3;;;2;12.57;17.44;;;6.6
MCOGER;2014;750000523;750150120;1;1538;2;1283;2;1;15;15;461;867;5507;1;1;3;3;3.58;3.58;1;0;1;0;9;10;;;6;3;3;;;1;10.18;10.04;;;4.43
MCOGER;2014;750041543;750712184;1;0;;;;1;31;5;874;1134;11540;6;;5;;5.3;;1;1;1;1;;;;;;;;;;;15;16;0.95;0.65;14.34
MCOGER;2014;750100042;750712184;1;1318;38;423;2.8;1;20;0;613;0;6361;3;3;;;2.1;2.1;1;1;0;0;9;13;;;5;;1;;;2;9;13.8;;;3.6
MCOGER;2014;750100083;750712184;1;;208;159;0.9;1;40;6;983;1266;13808;3;3;1;0;3.5;3;0;0;0;0;19;22;0;0;4;3;0;0;0;0;21.53;22.13;0;0;3.45
MCOGER;2014;750100091;750712184;1;314;0;314;1.46;1;29;0;842;0;10259;3;3;0;0;3;3;0;0;0;0;12;17;0;0;2;4;1;0;0;1;15.37;17.81;0;0;2.58
MCOGER;2014;750100125;750712184;1;;;;1.51;1;30;4;788;463;10219;4;4;4;4;6;6;;;;;19;24;;;5;;;;;;19;23.3;;;4.5
MCOGER;2014;750100216;750712184;0;;;;;1;10;1;286;288;3244;1;1;1;1;1.54;1.54;1;1;1;1;4;5;;;;;2;;;;3.35;6.34;;;
MCOGER;2014;750100232;750712184;1;760;0;600;;1;20;4;475;669;6590;0;;6;;4.2;;1;1;1;1;;;;;;;;;;;13.86;12.04;;;6.17
MCOGER;2014;750100273;750712184;0;;;;;1;14;0;466;0;4974;1;1;1;0;1.5;1;0;0;0;0;6;7;0;0;1;0;1;0;0;1;6;7.86;0;0;1.5
MCOGER;2014;750100299;750712184;0;;;;;1;29;2;721;361;9938;4;;2;;5.1;;0;;1;;21;32;;;3;4;3;;;1;24.37;32.65;;;3.37
MCOGER;2014;750150146;750720609;0;;;;;1;32;;820;0;10798;;2;;3;;2.75;;;;;11;14;0;1;7;1;;0;;3;11.08;13.21;0;1;8.5
MCOGER;2014;750150377;750721334;0;;;;;1;24;;704;0;7318;5;;;;4.63;;1;0;0;0;9;7;1;;5;1;1;;;;9.64;7.34;0.1;;3.68
MCOGER;2014;750160012;750813321;1;685;945;359;3.08;0;;;;;;;;;;;;;;;;;;;;;;;;;;;;;;
MCOGER;2014;750801441;750712184;1;1788;321;1799;6.7;1;35;10;973;2985;12165;3;3;7;2;3.1;2.95;0;0;1;1;16;15;2;;21;10;13;;1;4;20.86;23.75;0.86;0.1;20.27
MCOGER;2014;750803447;750712184;1;387;100;325;1.5;1;26;6;765;1093;8891;6;6;3;3;6.03;6.03;;;;;7;5;;;5;1;1;;;;6.89;5.67;;;5
MCOGER;2014;760000018;760780023;1;417;34;390;2.2;1;30;0;948;0;10991;4;4;;;4;4;0;0;1;1;10;17;0;0;6;2;2;0;0;1;11.62;14.62;0;0;4.06
MCOGER;2014;760000141;760780239;0;;;;;1;63;0;1637;0;20343;6;3;1;;5.7;3.47;;;1;;20;33;;;17;7;8;;;7;25.42;34.81;;;19.9
MCOGER;2014;760000158;760780239;1;896;297;776;;1;58;2;2176;507;18055;8;5;;;7.81;4.98;0;;;;19;25;;;12;15;11;;;6;27.7;32.91;;;16.4
MCOGER;2014;760000364;760780734;1;;;;;1;13;0;543;0;6049;4;1;3;0;1.73;0.9;;;;;8;13;0;0;4;2;1;0;0;1;9.7;11.06;0;0;1.79
MCOGER;2014;760000463;760024042;1;680;;680;4.38;0;;;;;;;;;;;;;;;;;;;;;;;;;;;;;;
MCOGER;2014;760805770;760780726;1;756;13;635;3.32;1;24;0;841;0;8851;2;2;1;1;2.67;2.67;0;0;1;1;8;8;0;0;5;8;10;0;0;2;12.15;13.9;0;0;6.04
MCOGER;2014;770000131;770110013;1;504;1;500;4;1;28;1;897;40;9764;3;1;2;0;4;1;0;;1;0;8;12;;;2;4;1;;;;10.83;12.97;;;3.1
MCOGER;2014;770000149;770110021;1;204;21;204;1;0;;;;;;;;;;;;;;;;;;;;;;;;;;;;;;
MCOGER;2014;770000156;770110054;1;277;;257;1.7;1;36;1;;;;5;5;;;5;5;0;0;1;1;8;15;;;4;4;;;;;11.8;14.07;;;3.81
MCOGER;2014;770000164;770110062;0;;;;;1;10;1;300;89;2863;1;;;;1;;;;;;8;7;;;4;;;;;;6.08;6.04;;;2.13
MCOGER;2014;770000172;770110070;1;668;;532;0.5;1;19;1;460;103;5547;3;2;;;1.4;0.7;;;;;6;5;;;1;1;2;;;;6.44;4.23;;;0.78
MCOGER;2014;770000180;770130011;0;;;;;1;30;0;;;;1;1;2;;1.6;0.5;;;1;1;7;12;;;;2;3;;;;7.5;12.9;;;
MCOGER;2014;770000214;770130052;1;248;41;214;1;1;33;;855;0;11370;1;1;2;2;2.6;2.6;0;0;0;0;14;14;;;5;4;;;;4;17.73;14.78;;;9.11
MCOGER;2014;770000446;770700185;1;309;603;682;2.65;1;23;;597;0;8156;3;1;1;1;2.99;1.8;0;0;1;1;6;7;;;7;2;;;;;6.75;7;;;6.17
MCOGER;2014;770019032;770170017;1;587;118;705;2;1;25;0;915;0;9104;4;;2;;3.65;;;;;;10;15;;;3;3;;;;1;12.06;14.83;;;2.21
MCOGER;2014;780000287;780110011;1;1216;0;645;2.45;1;20;;614;0;7220;2;;1;;2.79;;;;;;8;8;;;7;2;4;;;3;9.7;11.5;;;6.2
MCOGER;2014;780000295;780002697;1;;;;0.5;1;15;5;317;34;4567;3;3;1;1;3.1;3.1;;;;;8;11;;;1;1;;;;1;5.92;11.13;;;0.67
MCOGER;2014;780000303;780110037;1;0;335;214;0.7;1;50;3;1559;418;16068;2;1;8;6;5.99;3.73;1;1;1;1;12;23;;;;16;22;3;2;;22.51;36.8;0.65;0.55;
MCOGER;2014;780000311;780001236;1;;;;1.38;0;;;;;;;;;;;;;;;;;;;;;;;;;;;;;;
MCOGER;2014;780000329;780110052;1;1678;405;661;3.2;1;21;2;855;268;7905;5;5;1;1;6.75;6.75;0;0;0;0;10;11;;;5;2;3;1;;5;11.32;13.14;0.5;;6.42
MCOGER;2014;780000337;780001236;1;;;;2.1;1;20;;;;;3;3;;;3.25;3.25;0;0;0;0;11;9;;;3;;;;;;10.81;9.24;;0.5;3
MCOGER;2014;780000345;780110078;1;946;315;;2.6;1;1;1;148;228;1100;;1;;;;0.6;;;;;1;;;;;1;;1;;;1.2;;0.1;;
MCOGER;2014;780000386;780021788;0;;;;;0;;;;;;;;;;;;;;;;;;;;;;;;;;;;;;
MCOGER;2014;780008298;750043994;0;;;;;1;20;;403;0;4935;2;1;;;2;1;1;;;;6;8;;;;;;1;1;;6;8;0.05;0.2;
MCOGER;2014;780140018;750005068;0;;;;;1;31;0;501;0;5755;;4;10;0;3.88;2.8;1;1;0;0;5;5;1;1;3;13;11;;;23;14.69;13.1;0.23;0.58;15.24
MCOGER;2014;780150066;780808614;1;;303;217;1.5;1;80;2;;;;10;10;1;1;7.66;7.66;1;;0;;41;60;;;31;6;0;;;;28.38;38.13;;;16.09
MCOGER;2014;780800256;780110078;0;;;;;1;8;0;327;0;3253;1;;;;0.6;;;;;;4;4;;;1;2;2;;;4;5.67;5.94;;;2.25
MCOGER;2014;790000087;790000012;1;783;210;993;3.89;1;30;2;1236;148;9754;1;;3;3;2.76;2.59;0;0;1;1;13;14;;;4;4;4;;;8;15.05;19.63;;;6.17
MCOGER;2014;790000103;790006654;1;387;0;370;1.36;0;;;;;;;;;;;;;;;;;;;;;;;;;;;;;;
MCOGER;2014;790000111;790000046;1;449;23;;1.75;1;15;;408;0;5133;1;;1;;1.6;;0;0;0;0;6;9;;;;4;1;;;1;9.26;10.08;;;1.15
MCOGER;2014;790000137;790000061;1;211;0;211;2.1;1;10;;226;0;3388;1;;1;;1;;0;0;0;0;7;7;2;;3;;2;;;;6.5;8.32;1.63;;2.56
MCOGER;2014;800000143;800000028;1;623;;525;3.5;1;28;;728;0;10300;5;5;0;0;4.2;4.2;0;0;1;0;7;14;0;0;4;5;1;0;0;4;11.15;14.82;0;0;6.08
MCOGER;2014;800000192;800000044;1;;;;;1;92;2;401;41;4624;;;;;;;1;1;0;0;32;58;;;25;6;6;;;3;6.57;10.88;;;4.56
MCOGER;2014;800000390;800000085;0;;;;;1;8;0;335;0;3122;;;1;;0.5;;;;;;;;;;;;;;;;;;;;
MCOGER;2014;800006124;800000044;0;;;;;1;0;2;2000;252;30212;12;7;7;4;8.44;4.54;1;1;0;0;;;;;;;;;;;27.32;41.75;;;16.01
MCOGER;2014;810000448;810099945;0;;;;;1;16;;408;0;4658;;;2;2;1.23;1.23;;;1;1;;;;;;19;22;1;;9;8.41;9.83;0.13;;3.68
MCOGER;2014;810000505;810000331;1;792;45;568;4.03;1;16;;514;0;5639;2;2;;;0.54;0.54;;;;;9;10;;;5;3;1;;;1;10.22;10.48;;;3.22
MCOGER;2014;810000521;810000380;1;2058;244;894;5.27;1;22;;701;0;7999;3;2;1;1;3.8;2.8;0;0;1;1;12;12;;;7;1;1;;;2;11.05;12.27;;;2.7
MCOGER;2014;810000539;810000398;1;438;136;474;1;0;;;;;;;;;;;;;;;;;;;;;;;;;;;;;;
MCOGER;2014;810000562;810000455;1;438;136;474;1.5;0;;;;;;;;;;;;;;;;;;;;;;;;;;;;;;
MCOGER;2014;820000032;820000016;1;887;0;389;2.5;1;14;0;477;0;5011;3;2;;;1.9;1.15;0;0;1;1;8;12;;;2;1;1;;;3;5.66;7.18;;;2.15
MCOGER;2014;830000279;830100517;1;2439;;963;2.51;0;;;;;;;;;;;;;;;;;;;;;;;;;;;;;;
MCOGER;2014;830000287;830100525;1;1157;0;597;2.61;1;15;0;556;0;5444;2;;2;;3.1;;0;;1;;6;10;;;6;1;;;;1;7.87;9.87;;;6.7
MCOGER;2014;830000295;830100533;1;1067;0;508;2.2;1;60;;1611;0;21065;9;5;1;;9.13;4.4;0;0;1;1;19;24;;;12;6;7;1;;13;21.42;26.25;0.7;;15.44
MCOGER;2014;830000311;830100566;1;915;0;790;1.47;1;30;0;1110;0;11603;3;3;;;3;3;;;1;1;12;14;;;4;2;1;;;1;13.44;15.2;;;4.96
MCOGER;2014;830000345;830100616;1;801;;482;1.6;1;51;;1547;0;19030;6;;1;;5.46;;0;;1;;20;20;0;0;8;7;11;0;0;0;24.35;28;0;0;11.17
MCOGER;2014;830009528;830100566;0;;;;;1;0;5;0;1513;0;0;0;2;1;0.45;0.25;0;;0;;;;;;;1;;1;;3;1.18;;0.66;;2.06
MCOGER;2014;830100558;690781810;0;;;;;1;3;0;94;0;1218;;;;;0.2;0.2;1;0;0;0;;2;;;;;;;;;;2.08;;;0.15
MCOGER;2014;830100855;830000493;0;;;;;1;36;;1082;0;12462;;;8;;0.72;;0;0;1;1;7;7;0;0;;2;2;0;0;5;7;8.2;0;0;0.48
MCOGER;2014;840000343;840000012;1;1258;79;402;3.1;0;;;;;;;;;;;;;;;;;;;;;;;;;;;;;;
MCOGER;2014;840000392;840000046;1;195;31;226;2.8;1;14;;488;0;4218;;;2;1;0.76;0.2;0;0;1;0;5;6;;;2;5;4;;;8;6.66;7.36;;;5.12
MCOGER;2014;840000483;840000087;0;;;;;1;26;0;750;0;9268;2;2;;;1.75;1.75;0;0;1;1;8;13;;;1;7;5;;;3;10.89;15.4;;;2.57
MCOGER;2014;840000491;130041916;0;;;;;1;;1;0;122;0;;;;;;;;;;;;;;;;;;;;;;;;;
MCOGER;2014;840000525;840000111;1;1786;0;470;4.5;1;5;0;87;0;782;1;;;;0.2;;;;;;1;1;;;;;;;;;1;1;;;
MCOGER;2014;840001861;840006597;1;1360;890;813;3.7;1;25;4;843;588;8999;1;;0;;1;;0;;0;;12;9;;;8;2;8;;;2;10.85;13.02;;;4.56
MCOGER;2014;850000142;850000019;1;680;;597;2.19;1;;;1618;14;12650;;;4;;1.03;;0;0;1;1;;;;;;;;;;;;;;;
MCOGER;2014;850000175;850009010;1;423;9;313;2.41;1;21;;504;0;6369;4;1;;;2.29;0.05;0;0;0;0;5;8;;;5;8;6;;;1;9.15;10.94;;;4.2
MCOGER;2014;850000209;850000019;0;;;;;1;0;1;0;158;0;;;;;;;;;;;;;;;;;;;;;;;;;
MCOGER;2014;850000233;850009010;0;;;;;1;10;;361;0;3245;1;;;;1;;0;;1;;6;7;;;2;1;2;;;2;5.78;7.89;;;5.34
MCOGER;2014;850000241;850000084;1;631;5;539;2.05;1;34;;787;0;9937;5;2;1;1;4.77;2.9;0;0;0;0;13;14;0;0;3;5;8;0;0;;15.92;19.96;0;;2.48
MCOGER;2014;850009630;850000035;1;499;0;462;0.72;1;12;0;447;0;4106;2;1;;;2;1;0;;1;;3;6;;;;4;4;;;1;5.03;9.23;;;0.52
MCOGER;2014;860000025;860013382;0;;;;;1;20;1;749;131;7429;3;3;;;1.4;1.4;0;0;1;1;12;13;3;;1;1;2;1;;3;10.27;11.96;1.56;;2.41
MCOGER;2014;860000223;860013077;1;549;0;503;3;1;79;;3164;0;29848;9;9;2;2;3.45;3.45;0;0;1;1;43;69;3;;20;14;21;;;14;31.08;44;0.8;;13.08
MCOGER;2014;870000064;870000015;1;;;;7.14;1;36;2;1210;539;11568;21;13;1;;8.24;4.41;0;0;1;1;25;19;;;23;1;1;;;3;21.2;18.37;;;14.48
MCOGER;2014;870000098;870000023;1;1477;121;810;4.3;0;;;;;;;;;;;;;;;;;;;;;;;;;;;;;;
MCOGER;2014;870000270;870000031;1;74;0;74;1.1;1;25;0;707;0;6754;2;;1;;2;;0;;;;1;6;;;3;3;1;;;;3.48;4.51;;;0.83
MCOGER;2014;880000021;880007059;1;834;129;788;1.7;1;24;;819;0;8651;1;2;;;1;2;0;0;1;1;10;11;;;;1;1;;;1;10.11;11.72;;;0.56
MCOGER;2014;880000047;880780077;1;281;;281;1.5;1;20;;626;0;6927;3;3;4;4;3.98;3.98;0;0;1;1;6;7;1;1;1;2;0;;;1;7.6;6.8;0.4;0.2;1.3
MCOGER;2014;880000054;880007299;1;86;99;141;0.13;0;;;;;;;;;;;;;;;;;;;;;;;;;;;;;;
MCOGER;2014;880000062;880780093;1;277;43;312;1.5;1;4;1;166;4;1388;;;1;;0.09;;0;;1;;10;12;0;0;6;0;0;0;0;2;1.35;1.44;0;0;0.91
MCOGER;2014;880000070;880007299;1;65;;;;1;14;5;412;244;3695;1;1;3;1;1.7;0.5;0;0;1;1;6;6;;;11;7;8;;;1;5.42;10.9;;;4.36
MCOGER;2014;890975527;890000037;0;;;;;1;27;;882;0;9852;3;3;;;3;3;0;0;1;;7;11;;;5;4;3;;;0;10.43;13.57;;;5
MCOGER;2014;890975543;890000417;1;345;50;189;2.56;1;20;;638;0;6586;2;1;;;1.6;1;0;0;1;1;10;10;1;;3;3;2;;;;8.88;8.61;0.21;;2.99
MCOGER;2014;890975550;890970569;1;1072;170;950;3.5;1;29;0;997;0;10347;2;;1;1;2.8;1;0;0;1;1;10;7;;;7;3;5;;;1;11.49;11.24;;;7.4
MCOGER;2014;900000167;900000365;1;;;;;1;8;0;473;0;3089;2;2;1;1;2.72;2.72;;0;;1;;;;;;;;;;1;;;;;1
MCOGER;2014;910000272;910110014;1;525;62;305;2.12;1;;2;0;334;0;;;1;;0.3;;0;;0;;;;;;;1;;;;6;0.5;;;;1.33
MCOGER;2014;910000298;910110055;1;348;7;355;1.41;1;20;0;671;0;7151;2;1;;;2;1;;;;;6;11;;;1;1;1;;;;7.52;11.53;;;1.46
MCOGER;2014;910000306;910110063;1;300;0;290;1.3;1;14;3;332;16;3851;;;;;;;1;0;1;1;6;10;;;1;1;;;;7;6.34;8.41;;;4
MCOGER;2014;910001973;910019447;1;173;;102;0.8;0;;;;;;;;;;;;;;;;;;;;;;;;;;;;;;
MCOGER;2014;910018423;910019454;0;;;;;1;10;0;285;0;3207;2;1;;;1.32;1;;;;;3;5;;;;;;;;1;2.42;5;;;0.3
MCOGER;2014;910020254;910002773;1;944;0;601;4.1;1;28;;728;0;9664;4;4;;;3.9;3.9;;;;;13;11;;;2;1;2;;;;13.86;12.72;;;2
MCOGER;2014;910100015;750712184;0;;;;;1;24;2;533;256;6821;3;2;2;2;3.8;2.8;1;1;1;1;9;20;;;8;3;1;;;;11.5;20.5;;;8
MCOGER;2014;910100023;750712184;0;;;;;1;30;3;687;830;8860;2;1;7;7;6.3;5.3;1;1;1;1;14;25;;;;2;1;;;;15.77;25.86;;;
MCOGER;2014;910150069;910000033;1;0;190;76;1.5;1;69;4;2073;881;21865;6;5;14;6;11.35;7.33;1;1;0;0;25;34;1;1;52;2;4;1;1;7;27.37;24.89;1.3;0.9;57.08
MCOGER;2014;910300060;750043994;0;;;;;1;20;;500;0;6320;2;2;;;2;2;1;1;0;0;6;8;;;;2;1;;;;6.93;8.33;;;
MCOGER;2014;920000460;750813321;1;407;200;316;2.14;0;;;;;;;;;;;;;;;;;;;;;;;;;;;;;;
MCOGER;2014;920000569;920026374;0;;;;;1;38;5;1359;65;12757;5;4;6;2;5.12;3.6;0;0;0;0;13;20;;;11;2;4;;;5;15.84;23.15;;;12.43
MCOGER;2014;920000577;920110020;0;;;;;1;20;;;;;2;2;1;1;1.53;1.53;0;0;0;0;;;;;;;;;;;;;;;
MCOGER;2014;920000601;920110053;0;;;;;1;30;0;634;0;8216;5;4;;;5;4;;;;;11;10;;;1;1;0;1;;3;12.5;9.9;0.1;;3.45
MCOGER;2014;920000635;920150026;1;1033;0;912;3;0;;;;;;;;;;;;;;;;;;;;;;;;;;;;;;
MCOGER;2014;920000643;920150034;0;;;;;1;19;;378;0;4114;3;1;;;2.9;0.23;0;0;0;0;7;7;;;5;2;2;;;1;8.93;9.31;;;5.04
MCOGER;2014;920000650;920150059;1;606;81;299;30.96;1;14;;444;4;5061;3;;2;2;4.44;1.44;0;0;0;0;6;6;;;3;;;1;;2;3.7;6;0.8;;3.98
MCOGER;2014;920100013;750712184;1;;;;0.78;1;26;1;936;198;8663;5;5;6;6;7;7;;0;;1;9;12;;;4;2;1;;;1;9.75;11.97;;;1.74
MCOGER;2014;920100021;750712184;1;1188;8;889;2.5;1;33;0;755;0;11378;5;;;;5;;0;0;0;0;14;17;;1;3;2;1;;;;15.6;17.8;;1;3
MCOGER;2014;920100039;750712184;1;241;0;;;1;12;;321;0;3778;0;;3;;1.7;;1;1;1;1;;;;;;;;;;;7;10;;;1.75
MCOGER;2014;920100047;750712184;1;9;0;6;0.3;1;18;1;785;152;10533;2;1;;;2;1;0;0;0;0;9;12;;;1;;;;;;9;12;;;1
MCOGER;2014;920100062;750712184;0;;;;;1;20;1;520;305;6614;4;4;;;3.75;3.75;1;1;1;1;8;10;;;;1;1;;;;7.9;10.7;;;
MCOGER;2014;930000286;930021480;1;1139;107;879;2.95;1;23;0;1504;0;8610;11;3;0;0;9.5;3;;;;;9;15;;1;9;2;;;;2;7.94;12.99;;0.4;8.16
MCOGER;2014;930000302;930110036;1;390;0;517;;1;34;2;993;32;11565;4;4;1;1;3.95;3.95;0;0;;;8;12;;;3;5;8;;;4;13.52;19.84;;;7.67
MCOGER;2014;930000328;930110051;1;235;;;1;0;;;;;;;;;;;;;;;;;;;;;;;;;;;;;;
MCOGER;2014;930000336;930110069;0;;;;;1;24;0;782;0;8391;3;;;;2.72;;;;;;;;;;;;;;;;;;;;
MCOGER;2014;930100011;750712184;0;;;;;1;38;1;1087;446;11450;7;7;2;;7;2;0;0;1;1;13;18;2;1;9;;3;;;2;8;20.6;0.2;1;9.4
MCOGER;2014;930100037;750712184;1;856;0;691;2;1;10;;344;0;3589;2;2;1;;2.83;2;0;0;0;0;7;9;;;1;;;;;;6.63;8.17;;;0.92
MCOGER;2014;930706239;930110051;1;235;;;1;1;22;2;687;122;7453;3;;1;;2.1;;;;;;12;15;2;;10;;;;;;11.34;14.68;0.75;;8.56
MCOGER;2014;940000573;940110018;1;1419;0;1022;1.99;0;;;;;;;;;;;;;;;;;;;;;;;;;;;;;;
MCOGER;2014;940000599;940110042;1;474;6;;1.75;1;;;;;;;;;;;;;;;;;;;;;;;;;;;;;;
MCOGER;2014;940000649;940150014;1;;;;;1;29;1;803;125;9838;2;2;1;1;2.7;2.7;0;0;0;0;10;13;;;;1;;;;1;10.37;10.79;;;0.5
MCOGER;2014;940100027;750712184;1;1069;;1024;3.1;1;70;5;1659;1245;18955;6;4;3;2;7.8;5.3;0;0;1;1;37;48;;;;1;1;;;;37.8;48.8;;;
MCOGER;2014;940100035;750712184;0;;;;;1;97;5;3984;836;38422;6;6;8;8;12.4;12.4;0;0;;;49;67;;;;19;19;4;2;7;59.49;70.57;1.3;0.9;3.8
MCOGER;2014;940100043;750712184;1;758;32;;4;1;24;0;701;0;8146;3;;;;3;;;;;;12;15;0;0;3;2;1;0;0;2;13.4;15.4;0;0;4.3
MCOGER;2014;940100050;750712184;0;;;;;1;44;4;1257;1361;14882;3;1;3;3;4.6;2.6;0;0;1;1;8;24;3;;7;2;2;1;0;4;9.4;25.5;0.1;0;1.9
MCOGER;2014;940100068;750712184;0;;;;;1;34;6;925;1222;13653;4;4;1;1;3.9;3.9;0;0;0;0;15;14;1;0;;2;3;0;0;;16.6;15.4;1;0;
MCOGER;2014;950000307;950110015;1;830;0;563;4.5;1;27;4;611;353;9689;7;2;0;0;5.47;2.15;0;0;1;1;12;17;0;0;8;1;0;0;0;1;11.69;15.31;0;0;9
MCOGER;2014;950000315;950001370;1;139;75;107;3;1;12;0;474;0;3697;;;2;;1.81;;;;;;4;4;;;1;2;2;;;1;4.8;4.93;;;0.81
MCOGER;2014;950000323;950013870;1;928;;839;2.24;1;44;2;1024;547;14505;2;2;4;6;6.51;2.87;0;0;0;0;17;17;;;4;5;4;;;20;18.44;35.2;;;11.93
MCOGER;2014;950000331;950110049;1;86;0;;30.01;1;13;1;402;62;4459;3;3;1;1;1.33;1.33;0;;0;;10;16;;;3;1;;;;2;10.46;14.93;;;2.84
MCOGER;2014;950000364;950110080;1;385;0;190;2.55;1;26;0;875;0;9557;;0;;0;;0;;;;;9;12;0;0;6;3;0;;0;1;12.16;13.15;0;0;7.06
MCOGER;2014;950000406;950150037;0;;;;;1;20;;465;0;6542;1;1;1;1;1.53;1.8;;;1;1;6;9;;;1;3;;1;;;5.27;4.33;0.1;;0.33
MCOGER;2014;950100016;750712184;0;;;;;1;24;1;469;119;6229;12;5;2;5;12.67;5;0;0;1;1;;;;;;;;;;;;;;;
MCOGER;2014;970100400;970100186;0;;;;;1;0;0;760;0;6349;0;;;;;;;;;;;;;;;;;;;;;;;;
MCOGER;2014;970100442;970100228;1;581;0;277;4.8;0;;;;;;;;;;;;;;;;;;;;;;;;;;;;;;
MCOGER;2014;970200036;970202156;0;;;;;1;25;0;662;0;4418;1;;;;1;;1;;;;;;;;;;;;;;;;;;
MCOGER;2014;970211215;970211207;1;;;;;1;18;4;710;79;6243;5;3;;;5;3;0;;1;1;11;12;;;6;;;;;;11;12;;;6
MCOGER;2014;970211223;970211207;0;;;;;1;20;;413;0;5701;1;;;;1;;;;;;10;15;;;2;;;;;;10;14.82;;;1.99
MCOGER;2014;970211231;970211207;0;;;;;1;26;5;610;743;9195;;;;;;;;;;;;;;;;;;;;;;;;;
MCOGER;2014;970400024;970408589;1;454;6;932;5;1;20;0;730;0;7051;6;6;3;3;2.97;2.97;1;1;0;0;10;14;;;1;;;;;2;10;14;;;1.9
MCOGER;2014;970400057;970408589;1;870;529;915;4.5;0;;;;;;;;;;;;;;;;;;;;;;;;;;;;;;
MCOGER;2014;970400065;970421038;0;;;;;1;10;0;396;0;3582;3;1;1;0;2.34;0.31;1;1;0;0;6;10;0;0;3;1;0;0;0;1;7.36;8.93;0;0;2.42
MCOGER;2014;970400073;970403606;1;234;84;315;;1;24;;1485;0;7681;3;1;;;3.07;1;;;;;12;18;;;6;;;;;;11.87;17.63;;;3.17
MCOGER;2014;970400180;970408589;0;;;;;1;27;4;720;376;7590;3;3;;;3;3;0;0;1;1;11;18;;;4;;;;;2;11;18;;;5
