BOR;AN;FI;FI_EJ;PERSO;EFFPL;EFFPA;ETP;GAR;AST
NEUROCHIR_P;2014;060785003;060785011;M103X;0;5;4.6;;
NEUROCHIR_P;2014;060785003;060785011;M2060;6;1;4.65;0;1
NEUROCHIR_P;2014;060785003;060785011;MAUT;0;1;0.75;;
NEUROCHIR_P;2014;060785003;060785011;N2200;21;5;22.4;;
NEUROCHIR_P;2014;060785003;060785011;N2500;20;2;18.67;;
NEUROCHIR_P;2014;060785003;060785011;N4000;1;0;1;;
NEUROCHIR_P;2014;060785003;060785011;NAUT;14;4;12.63;;
NEUROCHIR_P;2014;060785003;060785011;NCINS;2;0;0.45;;
NEUROCHIR_P;2014;130780521;130786049;M1120;1;0;1;;
NEUROCHIR_P;2014;130780521;130786049;M2060;5;1;3.83;;
NEUROCHIR_P;2014;130780521;130786049;MAUT;1;2;0.38;;
NEUROCHIR_P;2014;130780521;130786049;N2200;15;8;23.02;;
NEUROCHIR_P;2014;130780521;130786049;N2400;0;1;0.3;;
NEUROCHIR_P;2014;130780521;130786049;N2500;16;1;17.54;;
NEUROCHIR_P;2014;130780521;130786049;NAUT;4;3;6.53;;
NEUROCHIR_P;2014;130780521;130786049;NCINS;2;0;1.6;;
NEUROCHIR_P;2014;130783293;130786049;M1120;1;0;0.1;;
NEUROCHIR_P;2014;130783293;130786049;M1160;3;3;2.02;;
NEUROCHIR_P;2014;130783293;130786049;M2060;7;1;4.17;;
NEUROCHIR_P;2014;130783293;130786049;MAUT;0;3;0.69;;
NEUROCHIR_P;2014;130783293;130786049;N2200;28;8;37.42;;
NEUROCHIR_P;2014;130783293;130786049;N2400;0;1;0.13;;
NEUROCHIR_P;2014;130783293;130786049;N2500;23;1;24.44;;
NEUROCHIR_P;2014;130783293;130786049;N4000;4;0;4;;
NEUROCHIR_P;2014;130783293;130786049;NAUT;10;1;10.21;;
NEUROCHIR_P;2014;130783293;130786049;NCINS;4;0;4;;
NEUROCHIR_P;2014;130784051;130037823;M103X;7;2;7.4;;
NEUROCHIR_P;2014;130784051;130037823;M1120;;6;1.2;0;0
NEUROCHIR_P;2014;130784051;130037823;M1160;;3;0.6;0;1
NEUROCHIR_P;2014;130784051;130037823;M2060;4;2;4.4;0;1
NEUROCHIR_P;2014;130784051;130037823;N2200;29;4;28.82;;
NEUROCHIR_P;2014;130784051;130037823;N2500;20;;18.65;;
NEUROCHIR_P;2014;130784051;130037823;NCINS;3;;3;;
NEUROCHIR_P;2014;130804297;130786049;M2060;3;0;1.55;;
NEUROCHIR_P;2014;130804297;130786049;NAUT;1;1;1.8;;
NEUROCHIR_P;2014;140000209;140000100;M1160;5;1;2.75;0;1
NEUROCHIR_P;2014;140000209;140000100;M2060;7;;4.48;1;0
NEUROCHIR_P;2014;140000209;140000100;N2200;20;10;27.9;;
NEUROCHIR_P;2014;140000209;140000100;N2500;27;7;32.85;;
NEUROCHIR_P;2014;140000209;140000100;N4000;13;5;10.22;;
NEUROCHIR_P;2014;140000209;140000100;NAUT;25;3;21.87;;
NEUROCHIR_P;2014;140000209;140000100;NCINS;3;;1.82;;
NEUROCHIR_P;2014;140017237;140003278;M103X;18;;18;;
NEUROCHIR_P;2014;140017237;140003278;M2060;4;;4;0;1
NEUROCHIR_P;2014;140017237;140003278;N2200;10;2;11.28;;
NEUROCHIR_P;2014;140017237;140003278;N2500;5;3;7.27;;
NEUROCHIR_P;2014;140017237;140003278;NCINS;1;;1;;
NEUROCHIR_P;2014;210987558;210780581;M103X;;;0.24;;
NEUROCHIR_P;2014;210987558;210780581;M1160;3;3;3.08;;
NEUROCHIR_P;2014;210987558;210780581;M2060;6;1;3.66;1;0
NEUROCHIR_P;2014;210987558;210780581;MAUT;3;;1.95;;
NEUROCHIR_P;2014;210987558;210780581;N2200;25;4;27.26;;
NEUROCHIR_P;2014;210987558;210780581;N2500;11;1;11.66;;
NEUROCHIR_P;2014;210987558;210780581;NAUT;7;1;8.4;;
NEUROCHIR_P;2014;210987558;210780581;NCINS;2;;2;;
NEUROCHIR_P;2014;250006954;250000015;M103X;;7;4;;
NEUROCHIR_P;2014;250006954;250000015;M1160;;8;2;1;1
NEUROCHIR_P;2014;250006954;250000015;M2060;5;3;5.14;0;1
NEUROCHIR_P;2014;250006954;250000015;MAUT;;1;0.08;;
NEUROCHIR_P;2014;250006954;250000015;N2200;7;10;13.36;;
NEUROCHIR_P;2014;250006954;250000015;N2400;;3;1.4;;
NEUROCHIR_P;2014;250006954;250000015;N2500;8;5;10.58;;
NEUROCHIR_P;2014;250006954;250000015;N4000;5;;4;;
NEUROCHIR_P;2014;250006954;250000015;NAUT;7;5;8.5;;
NEUROCHIR_P;2014;250006954;250000015;NCINS;1;1;1.09;;
NEUROCHIR_P;2014;290004324;290000017;M1120;;;;0;1
NEUROCHIR_P;2014;290004324;290000017;M1160;;;;0;1
NEUROCHIR_P;2014;290004324;290000017;M2060;2;5;4.5;0;1
NEUROCHIR_P;2014;290004324;290000017;N2200;14;10;21.6;;
NEUROCHIR_P;2014;290004324;290000017;N2500;17;8;23.25;;
NEUROCHIR_P;2014;290004324;290000017;N4000;1;;1;;
NEUROCHIR_P;2014;290004324;290000017;NAUT;4;1;4.7;;
NEUROCHIR_P;2014;2B0000012;2B0000020;M1160;0;0;0;0;1
NEUROCHIR_P;2014;2B0000012;2B0000020;M2060;3;0;2.69;0;1
NEUROCHIR_P;2014;2B0000012;2B0000020;N2200;15;0;11.94;;
NEUROCHIR_P;2014;2B0000012;2B0000020;N2400;0;1;0.08;;
NEUROCHIR_P;2014;2B0000012;2B0000020;N2500;12;0;9.34;;
NEUROCHIR_P;2014;2B0000012;2B0000020;NAUT;2;0;1.5;;
NEUROCHIR_P;2014;2B0000012;2B0000020;NCINS;2;0;1.02;;
NEUROCHIR_P;2014;300780152;300000114;M103X;12;1;8.7;;
NEUROCHIR_P;2014;300780152;300000114;M1120;;;0.1;0;0
NEUROCHIR_P;2014;300780152;300000114;M1160;5;;5;0;0
NEUROCHIR_P;2014;300780152;300000114;M2060;2;;1.8;0;1
NEUROCHIR_P;2014;300780152;300000114;N2200;21;9;26.84;;
NEUROCHIR_P;2014;300780152;300000114;N2400;1;;1;;
NEUROCHIR_P;2014;300780152;300000114;N2500;7;2;9.86;;
NEUROCHIR_P;2014;300780152;300000114;NAUT;7;1;8.66;;
NEUROCHIR_P;2014;300780152;300000114;NCINS;1;;1;;
NEUROCHIR_P;2014;300782117;300780038;M103X;;3;1.6;;
NEUROCHIR_P;2014;300782117;300780038;M1120;;2;2;1;0
NEUROCHIR_P;2014;300782117;300780038;M1160;;6;2.5;1;1
NEUROCHIR_P;2014;300782117;300780038;M2060;3;2;3.2;0;1
NEUROCHIR_P;2014;300782117;300780038;N2200;5;2;6.67;;
NEUROCHIR_P;2014;300782117;300780038;N2500;7;1;7.65;;
NEUROCHIR_P;2014;300782117;300780038;NAUT;3;2;3.83;;
NEUROCHIR_P;2014;310780283;310000112;M103X;16;;16;;
NEUROCHIR_P;2014;310780283;310000112;M1120;4;;4;0;1
NEUROCHIR_P;2014;310780283;310000112;M2060;4;;4;0;1
NEUROCHIR_P;2014;310780283;310000112;MAUT;14;;14;;
NEUROCHIR_P;2014;310780283;310000112;N2200;20;4;10.12;;
NEUROCHIR_P;2014;310780283;310000112;N2400;7;;7;;
NEUROCHIR_P;2014;310780283;310000112;N2500;10;1;8.06;;
NEUROCHIR_P;2014;310780283;310000112;NAUT;1;;1;;
NEUROCHIR_P;2014;310780283;310000112;NCINS;1;;1;;
NEUROCHIR_P;2014;310781000;310788880;M103X;19;;19;;
NEUROCHIR_P;2014;310781000;310788880;M1120;3;;3;;
NEUROCHIR_P;2014;310781000;310788880;M1160;6;;6;;
NEUROCHIR_P;2014;310781000;310788880;M2060;5;;5;;
NEUROCHIR_P;2014;310781000;310788880;N2200;20;4;20.62;;
NEUROCHIR_P;2014;310781000;310788880;N2500;15;2;14.89;;
NEUROCHIR_P;2014;310781000;310788880;N4000;;1;1.25;;
NEUROCHIR_P;2014;310781000;310788880;NCINS;2;0;2;;
NEUROCHIR_P;2014;310783048;310781406;M103X;10;;9.5;;
NEUROCHIR_P;2014;310783048;310781406;M1120;19;1;4.97;;
NEUROCHIR_P;2014;310783048;310781406;M2060;11;1;5.8;1;
NEUROCHIR_P;2014;310783048;310781406;N2200;89;16;85.7;;
NEUROCHIR_P;2014;310783048;310781406;N2400;7;1;4.2;;
NEUROCHIR_P;2014;310783048;310781406;N2500;77;11;76.22;;
NEUROCHIR_P;2014;310783048;310781406;NAUT;11;3;9.2;;
NEUROCHIR_P;2014;310783048;310781406;NCINS;3;;3.37;;
NEUROCHIR_P;2014;330781360;330781196;M103X;8;2;9.5;;
NEUROCHIR_P;2014;330781360;330781196;M1120;1;;0.85;;
NEUROCHIR_P;2014;330781360;330781196;M1160;;;;0;1
NEUROCHIR_P;2014;330781360;330781196;M2060;11;2;8.83;1;1
NEUROCHIR_P;2014;330781360;330781196;MAUT;;1;0.1;;
NEUROCHIR_P;2014;330781360;330781196;N2200;98;23;115.44;;
NEUROCHIR_P;2014;330781360;330781196;N2500;81;17;98.49;;
NEUROCHIR_P;2014;330781360;330781196;NAUT;9;1;9.29;;
NEUROCHIR_P;2014;330781360;330781196;NCINS;17;1;17.81;;
NEUROCHIR_P;2014;340015502;340000512;M2060;4;;4;;1
NEUROCHIR_P;2014;340782085;340780477;M1120;1;1;1.3;1;1
NEUROCHIR_P;2014;340782085;340780477;M2060;5;8;7.7;1;1
NEUROCHIR_P;2014;340782085;340780477;MAUT;4;1;2.8;;
NEUROCHIR_P;2014;340782085;340780477;N2200;47;1;45.55;;
NEUROCHIR_P;2014;340782085;340780477;N2500;46;;42.6;;
NEUROCHIR_P;2014;340782085;340780477;N4000;;;0.69;;
NEUROCHIR_P;2014;340782085;340780477;NAUT;10;1;9.57;;
NEUROCHIR_P;2014;340782085;340780477;NCINS;6;1;6.67;;
NEUROCHIR_P;2014;350000741;350005179;M103X;6;;5.07;;
NEUROCHIR_P;2014;350000741;350005179;M1160;1;;1;0;1
NEUROCHIR_P;2014;350000741;350005179;M2060;8;;2.7;0;1
NEUROCHIR_P;2014;350000741;350005179;N2200;32;17;42.33;;
NEUROCHIR_P;2014;350000741;350005179;N2400;2;3;1.47;;
NEUROCHIR_P;2014;350000741;350005179;N2500;37;17;45.65;;
NEUROCHIR_P;2014;350000741;350005179;N4000;8;2;7.9;;
NEUROCHIR_P;2014;350000741;350005179;NAUT;9;;9.13;;
NEUROCHIR_P;2014;350000741;350005179;NCINS;3;;2.15;;
NEUROCHIR_P;2014;370000499;370000481;M103X;7;;7.9;;
NEUROCHIR_P;2014;370000499;370000481;M1120;5;;3;0;1
NEUROCHIR_P;2014;370000499;370000481;M1160;7;2;8.2;;
NEUROCHIR_P;2014;370000499;370000481;M2060;1;0;1.3;1;0
NEUROCHIR_P;2014;370000499;370000481;N2200;6;4;9.27;;
NEUROCHIR_P;2014;370000499;370000481;N2400;;;0.1;;
NEUROCHIR_P;2014;370000499;370000481;N2500;8;4;10.55;;
NEUROCHIR_P;2014;370000499;370000481;NAUT;2;4;6.06;;
NEUROCHIR_P;2014;370000499;370000481;NCINS;4;1;4.15;;
NEUROCHIR_P;2014;370000861;370000481;M103X;7;2;8.44;;
NEUROCHIR_P;2014;370000861;370000481;M1160;3;;4.05;0;1
NEUROCHIR_P;2014;370000861;370000481;M2060;8;;7.31;1;0
NEUROCHIR_P;2014;370000861;370000481;N2200;40;19;55.74;;
NEUROCHIR_P;2014;370000861;370000481;N2400;2;3;3.2;;
NEUROCHIR_P;2014;370000861;370000481;N2500;51;11;57.83;;
NEUROCHIR_P;2014;370000861;370000481;N4000;7;1;8;;
NEUROCHIR_P;2014;370000861;370000481;NAUT;19;3;20.72;;
NEUROCHIR_P;2014;370000861;370000481;NCINS;1;0;1;;
NEUROCHIR_P;2014;380000067;380780080;M103X;4;;3.67;;
NEUROCHIR_P;2014;380000067;380780080;M1160;4;;3.89;0;1
NEUROCHIR_P;2014;380000067;380780080;M2060;9;1;6.93;0;1
NEUROCHIR_P;2014;380000067;380780080;N2200;39;17;47.37;;
NEUROCHIR_P;2014;380000067;380780080;N2400;3;;3;;
NEUROCHIR_P;2014;380000067;380780080;N2500;27;11;34.49;;
NEUROCHIR_P;2014;380000067;380780080;N4000;8;1;9.25;;
NEUROCHIR_P;2014;380000067;380780080;NAUT;17;2;19.07;;
NEUROCHIR_P;2014;380000067;380780080;NCINS;6;1;6.82;;
NEUROCHIR_P;2014;420785354;420784878;M103X;;1;0.4;;
NEUROCHIR_P;2014;420785354;420784878;M1120;1;;1;0;1
NEUROCHIR_P;2014;420785354;420784878;M2060;9;1;4.05;0;1
NEUROCHIR_P;2014;420785354;420784878;N2200;38;11;44.92;;
NEUROCHIR_P;2014;420785354;420784878;N2400;0;3;0.18;;
NEUROCHIR_P;2014;420785354;420784878;N2500;27;6;27.67;;
NEUROCHIR_P;2014;420785354;420784878;NAUT;16;3;15.07;;
NEUROCHIR_P;2014;420785354;420784878;NCINS;4;0;2.34;;
NEUROCHIR_P;2014;440017598;440000289;M103X;5;;0.54;;
NEUROCHIR_P;2014;440017598;440000289;M2060;5;2;1.5;0;1
NEUROCHIR_P;2014;440017598;440000289;N2200;23;4;25.46;;
NEUROCHIR_P;2014;440017598;440000289;N2400;0;2;0.99;;
NEUROCHIR_P;2014;440017598;440000289;N2500;20;6;22.91;;
NEUROCHIR_P;2014;440017598;440000289;N4000;3;0;3;;
NEUROCHIR_P;2014;440017598;440000289;NAUT;11;4;11.44;;
NEUROCHIR_P;2014;440017598;440000289;NCINS;3;0;2.5;;
NEUROCHIR_P;2014;450002613;450000088;M1160;4;2;4.11;0;1
NEUROCHIR_P;2014;450002613;450000088;M2060;5;1;2.7;0;1
NEUROCHIR_P;2014;450002613;450000088;N2200;19;13;29.03;;
NEUROCHIR_P;2014;450002613;450000088;N2400;1;;0.04;;
NEUROCHIR_P;2014;450002613;450000088;N2500;16;6;18.65;;
NEUROCHIR_P;2014;450002613;450000088;N4000;3;1;1.77;;
NEUROCHIR_P;2014;450002613;450000088;NAUT;8;3;6.69;;
NEUROCHIR_P;2014;450002613;450000088;NCINS;1;0;1;;
NEUROCHIR_P;2014;490000049;490000031;M103X;2;0;2;;
NEUROCHIR_P;2014;490000049;490000031;M1160;2;0;2;0;1
NEUROCHIR_P;2014;490000049;490000031;M2060;7;1;7.2;0;1
NEUROCHIR_P;2014;490000049;490000031;N2200;26;13;31.11;;
NEUROCHIR_P;2014;490000049;490000031;N2500;25;8;30.2;;
NEUROCHIR_P;2014;490000049;490000031;N4000;2;0;2;;
NEUROCHIR_P;2014;490000049;490000031;NAUT;11;1;11.32;;
NEUROCHIR_P;2014;490000049;490000031;NCINS;12;0;4.38;;
NEUROCHIR_P;2014;510004302;510000029;M1120;0;0;0;0;1
NEUROCHIR_P;2014;510004302;510000029;M1160;0;0;0;0;1
NEUROCHIR_P;2014;510004302;510000029;M2060;4;1;0.51;0;1
NEUROCHIR_P;2014;510004302;510000029;MAUT;1;0;0.18;;
NEUROCHIR_P;2014;510004302;510000029;N2200;21;6;24.9;;
NEUROCHIR_P;2014;510004302;510000029;N2500;15;10;22.7;;
NEUROCHIR_P;2014;510004302;510000029;NAUT;6;7;10.6;;
NEUROCHIR_P;2014;510004302;510000029;NCINS;1;1;1.34;;
NEUROCHIR_P;2014;540001138;540023264;M103X;15;0;5.31;;
NEUROCHIR_P;2014;540001138;540023264;M1120;6;0;0.46;1;1
NEUROCHIR_P;2014;540001138;540023264;M1160;18;3;7.22;0;1
NEUROCHIR_P;2014;540001138;540023264;M2060;13;0;5.52;0;1
NEUROCHIR_P;2014;540001138;540023264;N2200;69;32;71.94;;
NEUROCHIR_P;2014;540001138;540023264;N2500;65;28;55.65;;
NEUROCHIR_P;2014;540001138;540023264;N4000;19;4;20.32;;
NEUROCHIR_P;2014;540001138;540023264;NAUT;53;22;48.46;;
NEUROCHIR_P;2014;540001138;540023264;NCINS;17;4;16.73;;
NEUROCHIR_P;2014;540002698;540023264;M1120;;;;0;1
NEUROCHIR_P;2014;540002698;540023264;M1160;;;;0;1
NEUROCHIR_P;2014;540002698;540023264;M2060;4;0;0.5;0;1
NEUROCHIR_P;2014;540002698;540023264;N2200;5;2;3.76;;
NEUROCHIR_P;2014;540002698;540023264;N2500;3;3;4.83;;
NEUROCHIR_P;2014;540002698;540023264;NAUT;2;0;1.19;;
NEUROCHIR_P;2014;540002698;540023264;NCINS;2;0;1.21;;
NEUROCHIR_P;2014;590000618;590782215;M103X;3;;1.38;;
NEUROCHIR_P;2014;590000618;590782215;M2060;6;1;6.03;0;1
NEUROCHIR_P;2014;590000618;590782215;N2200;19;8;28.56;;
NEUROCHIR_P;2014;590000618;590782215;N2500;18;2;19.66;;
NEUROCHIR_P;2014;590000618;590782215;NAUT;7;1;4.54;;
NEUROCHIR_P;2014;590000618;590782215;NCINS;1;;0.65;;
NEUROCHIR_P;2014;590780268;590053955;M103X;8;;;;
NEUROCHIR_P;2014;590780268;590053955;M1120;;1;;0;1
NEUROCHIR_P;2014;590780268;590053955;M1160;;15;;0;1
NEUROCHIR_P;2014;590780268;590053955;M2060;2;1;;1;1
NEUROCHIR_P;2014;590780268;590053955;N2200;22;;22;;
NEUROCHIR_P;2014;590780268;590053955;N2400;8;;8;;
NEUROCHIR_P;2014;590780268;590053955;N2500;4;;4;;
NEUROCHIR_P;2014;590780268;590053955;NCINS;1;;1;;
NEUROCHIR_P;2014;590796975;590780193;M1120;3;;2.17;;
NEUROCHIR_P;2014;590796975;590780193;M2060;10;;5.81;;
NEUROCHIR_P;2014;590796975;590780193;MAUT;1;2;2.27;;
NEUROCHIR_P;2014;590796975;590780193;N2200;49;16;57.31;;
NEUROCHIR_P;2014;590796975;590780193;N2400;4;0;4.56;;
NEUROCHIR_P;2014;590796975;590780193;N2500;61;20;71.76;;
NEUROCHIR_P;2014;590796975;590780193;NAUT;35;5;39.06;;
NEUROCHIR_P;2014;590796975;590780193;NCINS;10;2;12.37;;
NEUROCHIR_P;2014;630000404;630780989;M2060;5;0;4.01;0;1
NEUROCHIR_P;2014;630000404;630780989;N2200;28;11;37.57;;
NEUROCHIR_P;2014;630000404;630780989;N2500;24;3;26.41;;
NEUROCHIR_P;2014;630000404;630780989;NAUT;12;2;14.8;;
NEUROCHIR_P;2014;630000404;630780989;NCINS;2;;2;;
NEUROCHIR_P;2014;640000162;640780417;M2060;4;0;1.44;0;1
NEUROCHIR_P;2014;640000162;640780417;MAUT;1;1;1.1;;
NEUROCHIR_P;2014;640000162;640780417;N2200;11;0;10.91;;
NEUROCHIR_P;2014;640000162;640780417;N2500;12;2;12.91;;
NEUROCHIR_P;2014;640000162;640780417;NAUT;4;1;3.42;;
NEUROCHIR_P;2014;640000162;640780417;NCINS;1;0;1;;
NEUROCHIR_P;2014;640780946;640000469;M1160;;;;;1
NEUROCHIR_P;2014;640780946;640000469;M2060;4;;4;1;1
NEUROCHIR_P;2014;640780946;640000469;N2200;6;3;7.7;;
NEUROCHIR_P;2014;640780946;640000469;N2500;7;2;8;;
NEUROCHIR_P;2014;660000084;660780180;M103X;30;1;30.8;;
NEUROCHIR_P;2014;660000084;660780180;M1120;7;3;8.7;1;
NEUROCHIR_P;2014;660000084;660780180;M1160;1;13;1.5;;1
NEUROCHIR_P;2014;660000084;660780180;M2060;4;;4;0;1
NEUROCHIR_P;2014;660000084;660780180;N2200;10;;9.17;;
NEUROCHIR_P;2014;660000084;660780180;N2500;11;1;12.19;;
NEUROCHIR_P;2014;660000084;660780180;NCINS;1;;1;;
NEUROCHIR_P;2014;670783273;670780055;M103X;6;0;5.19;;
NEUROCHIR_P;2014;670783273;670780055;M1120;;1;0.03;0;0
NEUROCHIR_P;2014;670783273;670780055;M1160;3;;1.42;0;1
NEUROCHIR_P;2014;670783273;670780055;M2060;8;2;7.14;1;1
NEUROCHIR_P;2014;670783273;670780055;MAUT;1;1;1.5;;
NEUROCHIR_P;2014;670783273;670780055;N2200;35;17;46.58;;
NEUROCHIR_P;2014;670783273;670780055;N2400;3;0;3.82;;
NEUROCHIR_P;2014;670783273;670780055;N2500;28;9;34.8;;
NEUROCHIR_P;2014;670783273;670780055;N4000;7;1;7.53;;
NEUROCHIR_P;2014;670783273;670780055;NAUT;26;6;27.11;;
NEUROCHIR_P;2014;670783273;670780055;NCINS;2;0;2.33;;
NEUROCHIR_P;2014;680000684;680000973;M103X;8;1;8.8;;
NEUROCHIR_P;2014;680000684;680000973;M1120;8;0;8;0;1
NEUROCHIR_P;2014;680000684;680000973;M1160;3;;3;0;1
NEUROCHIR_P;2014;680000684;680000973;M2060;6;3;6.3;0;1
NEUROCHIR_P;2014;680000684;680000973;N2200;17;8;23.08;;
NEUROCHIR_P;2014;680000684;680000973;N2500;19;1;18.76;;
NEUROCHIR_P;2014;680000684;680000973;NAUT;17;2;18.6;;
NEUROCHIR_P;2014;680000684;680000973;NCINS;1;;1;;
NEUROCHIR_P;2014;690782834;690000724;M103X;17;;17;;
NEUROCHIR_P;2014;690782834;690000724;M1120;4;;4;0;0
NEUROCHIR_P;2014;690782834;690000724;M1160;9;0;9;;
NEUROCHIR_P;2014;690782834;690000724;M2060;3;2;3.1;;1
NEUROCHIR_P;2014;690782834;690000724;N2200;11;;11;;
NEUROCHIR_P;2014;690782834;690000724;N2500;10;;10;;
NEUROCHIR_P;2014;690782834;690000724;NAUT;1;;1;;
NEUROCHIR_P;2014;690784178;690781810;M103X;;;0.3;;
NEUROCHIR_P;2014;690784178;690781810;M1120;;;;1;0
NEUROCHIR_P;2014;690784178;690781810;M1160;;;0.6;0;1
NEUROCHIR_P;2014;690784178;690781810;M2060;6;9;14.69;1;0
NEUROCHIR_P;2014;690784178;690781810;MAUT;;1;0.49;;
NEUROCHIR_P;2014;690784178;690781810;N2200;73;24;89.43;;
NEUROCHIR_P;2014;690784178;690781810;N2500;83;9;86.39;;
NEUROCHIR_P;2014;690784178;690781810;NAUT;28;9;35.48;;
NEUROCHIR_P;2014;690784178;690781810;NCINS;20;2;21.34;;
NEUROCHIR_P;2014;740000237;740781133;M2060;4;3;3.27;0;1
NEUROCHIR_P;2014;740000237;740781133;N2200;15;7;8.77;;
NEUROCHIR_P;2014;740000237;740781133;N2500;17;7;8.71;;
NEUROCHIR_P;2014;740000237;740781133;NAUT;5;5;1.99;;
NEUROCHIR_P;2014;740000237;740781133;NCINS;1;0;0.4;;
NEUROCHIR_P;2014;750000499;750140014;M103X;9;5;11.6;;
NEUROCHIR_P;2014;750000499;750140014;M1120;9;7;9.5;1;
NEUROCHIR_P;2014;750000499;750140014;M1160;3;2;4.3;;1
NEUROCHIR_P;2014;750000499;750140014;M2060;7;1;4.9;1;1
NEUROCHIR_P;2014;750000499;750140014;N2200;26;2;26.25;;
NEUROCHIR_P;2014;750000499;750140014;N2500;25;1;26.13;;
NEUROCHIR_P;2014;750000499;750140014;NAUT;14;1;14.7;;
NEUROCHIR_P;2014;750000499;750140014;NCINS;1;0;1.58;;
NEUROCHIR_P;2014;750000549;750150229;M103X;18;3;18.64;;
NEUROCHIR_P;2014;750000549;750150229;M1120;1;1;1.2;0;0
NEUROCHIR_P;2014;750000549;750150229;M1160;5;;5.05;0;1
NEUROCHIR_P;2014;750000549;750150229;M2060;8;2;9.5;0;
NEUROCHIR_P;2014;750000549;750150229;MAUT;6;7;8.11;;
NEUROCHIR_P;2014;750000549;750150229;N2200;41;4;34.31;;
NEUROCHIR_P;2014;750000549;750150229;N2500;39;2;25.87;;
NEUROCHIR_P;2014;750000549;750150229;N4000;5;1;5.3;;
NEUROCHIR_P;2014;750000549;750150229;NAUT;28;3;23.77;;
NEUROCHIR_P;2014;750000549;750150229;NCINS;40;37;30.04;;
NEUROCHIR_P;2014;750100042;750712184;M1120;;1;0.2;0;0
NEUROCHIR_P;2014;750100042;750712184;M1160;2;3;2;0;1
NEUROCHIR_P;2014;750100042;750712184;M2060;3;5;6.5;0;1
NEUROCHIR_P;2014;750100042;750712184;N2200;23;2;24.7;;
NEUROCHIR_P;2014;750100042;750712184;N2400;2;3;2.5;;
NEUROCHIR_P;2014;750100042;750712184;N2500;23;3;25.7;;
NEUROCHIR_P;2014;750100042;750712184;N4000;6;;6;;
NEUROCHIR_P;2014;750100042;750712184;NAUT;4;2;5.8;;
NEUROCHIR_P;2014;750100042;750712184;NCINS;3;1;3.4;;
NEUROCHIR_P;2014;750100125;750712184;M103X;26;;26;;
NEUROCHIR_P;2014;750100125;750712184;M1160;3;2;3.61;;
NEUROCHIR_P;2014;750100125;750712184;M2060;14;;12.5;;
NEUROCHIR_P;2014;750100125;750712184;N2200;59;;58.61;;
NEUROCHIR_P;2014;750100125;750712184;N2400;1;;0.21;;
NEUROCHIR_P;2014;750100125;750712184;N2500;46;;43.67;;
NEUROCHIR_P;2014;750100125;750712184;N4000;8;;8;;
NEUROCHIR_P;2014;750100125;750712184;NAUT;11;;11;;
NEUROCHIR_P;2014;750100125;750712184;NCINS;3;1;3.7;;
NEUROCHIR_P;2014;750100208;750712184;M103X;7;2;8;;
NEUROCHIR_P;2014;750100208;750712184;M2060;7;;5.5;1;1
NEUROCHIR_P;2014;750100208;750712184;MAUT;1;1;1.5;;
NEUROCHIR_P;2014;750100208;750712184;N2200;11;2;12.6;;
NEUROCHIR_P;2014;750100208;750712184;N2400;3;;3;;
NEUROCHIR_P;2014;750100208;750712184;N2500;13;3;14.9;;
NEUROCHIR_P;2014;750100208;750712184;NAUT;14;3;16;;
NEUROCHIR_P;2014;750100208;750712184;NCINS;5;0;5;;
NEUROCHIR_P;2014;750120016;750821092;M2060;6;;6;;
NEUROCHIR_P;2014;750120016;750821092;N2200;9;;9;;
NEUROCHIR_P;2014;750120016;750821092;N2500;8;;8;;
NEUROCHIR_P;2014;750120016;750821092;NCINS;1;;0.8;;
NEUROCHIR_P;2014;760000158;760780239;M103X;7;;4.87;;
NEUROCHIR_P;2014;760000158;760780239;M1120;;1;0.1;;
NEUROCHIR_P;2014;760000158;760780239;M2060;7;1;5.28;1;
NEUROCHIR_P;2014;760000158;760780239;N2200;63;19;77.76;;
NEUROCHIR_P;2014;760000158;760780239;N2400;2;;2;;
NEUROCHIR_P;2014;760000158;760780239;N2500;44;23;58.87;;
NEUROCHIR_P;2014;760000158;760780239;NAUT;21;4;22.54;;
NEUROCHIR_P;2014;760000158;760780239;NCINS;11;;10.28;;
NEUROCHIR_P;2014;800000192;800000044;M1120;;;;1;1
NEUROCHIR_P;2014;800000192;800000044;M2060;;;;1;1
NEUROCHIR_P;2014;800000192;800000044;N2200;;;16.46;;
NEUROCHIR_P;2014;800000192;800000044;N2500;;;21.46;;
NEUROCHIR_P;2014;800000192;800000044;N4000;;;31.39;;
NEUROCHIR_P;2014;800000192;800000044;NAUT;;;18.6;;
NEUROCHIR_P;2014;800000192;800000044;NCINS;;;1.56;;
NEUROCHIR_P;2014;800006124;800000044;M1120;1;0;0.14;1;0
NEUROCHIR_P;2014;800006124;800000044;M2060;6;2;4.07;1;0
NEUROCHIR_P;2014;800006124;800000044;MAUT;1;0;0.05;;
NEUROCHIR_P;2014;800006124;800000044;N2200;10;10;3.82;;
NEUROCHIR_P;2014;800006124;800000044;N2500;21;2;4.76;;
NEUROCHIR_P;2014;800006124;800000044;NAUT;2;3;0.94;;
NEUROCHIR_P;2014;800006124;800000044;NCINS;2;;0.44;;
NEUROCHIR_P;2014;830100574;750821092;M1160;2;;2;0;1
NEUROCHIR_P;2014;830100574;750821092;M2060;4;;4;0;1
NEUROCHIR_P;2014;830100574;750821092;N2200;8;1;8.8;;
NEUROCHIR_P;2014;830100574;750821092;N2500;7;;7;;
NEUROCHIR_P;2014;830100574;750821092;N4000;3;;3;;
NEUROCHIR_P;2014;830100574;750821092;NAUT;2;;2;;
NEUROCHIR_P;2014;830100574;750821092;NCINS;1;;1;;
NEUROCHIR_P;2014;860000223;860013077;M103X;6;;5.25;;
NEUROCHIR_P;2014;860000223;860013077;M1120;12;6;4.21;0;1
NEUROCHIR_P;2014;860000223;860013077;M1160;3;1;2.89;0;1
NEUROCHIR_P;2014;860000223;860013077;M2060;7;1;4.1;0;1
NEUROCHIR_P;2014;860000223;860013077;N2200;50;12;58.35;;
NEUROCHIR_P;2014;860000223;860013077;N2400;1;2;1.85;;
NEUROCHIR_P;2014;860000223;860013077;N2500;50;15;57.37;;
NEUROCHIR_P;2014;860000223;860013077;N4000;6;;5.48;;
NEUROCHIR_P;2014;860000223;860013077;NAUT;14;4;16.03;;
NEUROCHIR_P;2014;860000223;860013077;NCINS;3;;3;;
NEUROCHIR_P;2014;870000064;870000015;M1120;0;1;0.35;0;1
NEUROCHIR_P;2014;870000064;870000015;M1160;2;0;0.65;0;1
NEUROCHIR_P;2014;870000064;870000015;M2060;7;0;2.79;0;1
NEUROCHIR_P;2014;870000064;870000015;MAUT;1;0;0.1;;
NEUROCHIR_P;2014;870000064;870000015;N2200;27;6;28.54;;
NEUROCHIR_P;2014;870000064;870000015;N2400;4;1;1.45;;
NEUROCHIR_P;2014;870000064;870000015;N2500;28;8;31.82;;
NEUROCHIR_P;2014;870000064;870000015;NAUT;11;1;8.66;;
NEUROCHIR_P;2014;870000064;870000015;NCINS;1;;1.27;;
NEUROCHIR_P;2014;920000650;920150059;M1120;5;1;5.5;;1
NEUROCHIR_P;2014;920000650;920150059;M1160;;;;;1
NEUROCHIR_P;2014;920000650;920150059;M2060;6;3;7.82;;1
NEUROCHIR_P;2014;920000650;920150059;N2200;17;1;18.9;;
NEUROCHIR_P;2014;920000650;920150059;N2400;1;;1;;
NEUROCHIR_P;2014;920000650;920150059;N2500;13;1;13.54;;
NEUROCHIR_P;2014;920000650;920150059;N4000;1;;1.5;;
NEUROCHIR_P;2014;920000650;920150059;NAUT;4;3;5.36;;
NEUROCHIR_P;2014;920000650;920150059;NCINS;1;1;1.6;;
NEUROCHIR_P;2014;920100039;750712184;M103X;1;1;1.6;;
NEUROCHIR_P;2014;920100039;750712184;M1120;5;1;5.15;0;1
NEUROCHIR_P;2014;920100039;750712184;M2060;6;3;6.2;0;1
NEUROCHIR_P;2014;920100039;750712184;N2200;19;3;21.4;;
NEUROCHIR_P;2014;920100039;750712184;N2500;17;4;20.2;;
NEUROCHIR_P;2014;920100039;750712184;N4000;3;1;3.8;;
NEUROCHIR_P;2014;920100039;750712184;NCINS;2;;2;;
NEUROCHIR_P;2014;930300025;930000393;M103X;8;;8;;
NEUROCHIR_P;2014;930300025;930000393;M1160;1;10;6;0;1
NEUROCHIR_P;2014;930300025;930000393;M2060;0;8;4;;1
NEUROCHIR_P;2014;930300025;930000393;N2500;7;1;7.66;;
NEUROCHIR_P;2014;930300025;930000393;NAUT;;1;0.5;;
NEUROCHIR_P;2014;930300025;930000393;NCINS;11;;11;;
NEUROCHIR_P;2014;940100027;750712184;M103X;1;4;2;;
NEUROCHIR_P;2014;940100027;750712184;M1120;1;2;2;;
NEUROCHIR_P;2014;940100027;750712184;M1160;2;1;2.5;0;1
NEUROCHIR_P;2014;940100027;750712184;M2060;8;3;9.5;1;1
NEUROCHIR_P;2014;940100027;750712184;N2200;26;1;26.14;;
NEUROCHIR_P;2014;940100027;750712184;N2500;22;;22;;
NEUROCHIR_P;2014;940100027;750712184;N4000;2;;2;;
NEUROCHIR_P;2014;940100027;750712184;NAUT;5;2;6.3;;
NEUROCHIR_P;2014;940100027;750712184;NCINS;1;1;1.5;;
NEUROCHIR_P;2014;940100043;750712184;M1120;;1;0.5;0;0
NEUROCHIR_P;2014;940100043;750712184;M1160;4;;4;1;1
NEUROCHIR_P;2014;940100043;750712184;M2060;6;3;7.5;1;1
NEUROCHIR_P;2014;940100043;750712184;MAUT;1;;1;;
NEUROCHIR_P;2014;940100043;750712184;N2200;22;4;25.3;;
NEUROCHIR_P;2014;940100043;750712184;N2500;22;;22;;
NEUROCHIR_P;2014;940100043;750712184;N4000;3;1;3.8;;
NEUROCHIR_P;2014;940100043;750712184;NCINS;3;;2.3;;
NEUROCHIR_P;2014;970100442;970100228;M2060;4;0;3.81;;1
NEUROCHIR_P;2014;970100442;970100228;N2200;10;0;10;;
NEUROCHIR_P;2014;970100442;970100228;N2400;1;0;0.5;;
NEUROCHIR_P;2014;970100442;970100228;N2500;9;1;9;;
NEUROCHIR_P;2014;970100442;970100228;NAUT;4;0;2;;
NEUROCHIR_P;2014;970100442;970100228;NCINS;1;0;1;;
NEUROCHIR_P;2014;970211215;970211207;M2060;3;;3;;1
NEUROCHIR_P;2014;970211215;970211207;N2200;16;;15.6;;
NEUROCHIR_P;2014;970211215;970211207;N2500;10;;9.4;;
NEUROCHIR_P;2014;970211215;970211207;NAUT;5;;5;;
NEUROCHIR_P;2014;970211215;970211207;NCINS;1;;1;;
NEUROCHIR_P;2014;970400057;970408589;M1120;;;;0;1
NEUROCHIR_P;2014;970400057;970408589;M1160;1;;1;0;1
NEUROCHIR_P;2014;970400057;970408589;M2060;5;0;5.71;0;1
NEUROCHIR_P;2014;970400057;970408589;N2200;10;1;10.75;;
NEUROCHIR_P;2014;970400057;970408589;N2400;1;;1;;
NEUROCHIR_P;2014;970400057;970408589;N2500;14;1;14.51;;
NEUROCHIR_P;2014;970400057;970408589;N4000;3;4;6.54;;
NEUROCHIR_P;2014;970400057;970408589;NAUT;4;2;5.11;;
NEUROCHIR_P;2014;970400057;970408589;NCINS;1;;1;;
