BOR;AN;FI;FI_EJ;SMUR;GEN;SAIS;PED;ANT;FIAUTOR;ANTSAIS;SAMU;HMED;HIDE;HAMB;AMBLCE;VEHLEG;MOYAER;MOYMAR;SORTER1;SORTER2;dtTIH;SORAER1;SORAER2;SORMAR;SORTIES;SORTNM;PATDC;PATLSP;PATTSP;PATTRANM;TRAN;TRAN18;TRAN80;TRANSIEG;TRANAUT;APP;APD;APMIN;DR;DRM;DRMLIB;HMR;HMRAMU;HMRAM;ARM;PDSA;NRML;NBLIB;CAR;SAMUSDIS
SMURSAMU;2014;010000024;010780054;1;1;0;0;0;010780054;0;1;252;336;252;2;2;;;1340;442;160;;;;1782;448;156;3;40;249;892;60;219;710;182;225891;221643;215582;121685;94457;52295;329;168;161;622;1;0;0;4088;1
SMURSAMU;2014;010000032;010780062;1;1;0;0;0;;0;0;168;129;128;0;1;0;0;455;85;0;0;6;0;546;210;71;2;32;86;327;45;141;224;103;;;;;;;;;;;;;;;
SMURSAMU;2014;010005239;010008407;1;1;0;0;0;;0;0;10;10;84;;;;;426;56;;;;;482;;;;;;;;;;;;;;;;;;;;;;;;;
SMURSAMU;2014;010780203;010006450;1;1;0;0;0;;0;0;168;168;168;2;1;;;709;5;;;;;714;148;85;;63;;547;57;98;288;259;;;;;;;;;;;;;;;
SMURSAMU;2014;020000089;020000022;1;0;0;0;1;020000063;0;0;8760;8760;0;;;;;544;;;;;;544;;;;;;;;;;;;;;;;;;;;;;;;;
SMURSAMU;2014;020000162;020000063;1;1;0;0;0;;0;0;504;168;360;2;2;0;0;1878;513;103;0;41;0;2432;459;72;11;174;279;1323;136;222;1253;70;;;;;;;;;;;;;;;
SMURSAMU;2014;020000394;020000253;1;1;0;0;0;020000394;0;1;336;336;336;2;2;0;0;1376;496;0;85;234;0;2191;553;123;30;58;327;1004;62;234;796;208;299973;287502;241127;103003;95834;19822;248;168;80;336;1;0;0;3882;0
SMURSAMU;2014;020000519;020000261;1;1;0;0;0;;0;0;168;168;0;;1;;;824;;;;;;824;318;106;6;78;128;528;78;152;511;17;;;;;;;;;;;;;;;
SMURSAMU;2014;020000535;020000287;1;1;0;0;0;020000287;0;0;399;179;179;1;1;;;665;;;;;;665;279;87;2;6;184;386;30;70;311;75;;;;;;;;;;;;;;;
SMURSAMU;2014;020001061;020004404;1;1;0;0;0;;0;0;168;168;140;1;1;0;0;726;182;0;0;0;0;908;114;73;7;13;21;640;52;185;555;85;;;;;;;;;;;;;;;
SMURSAMU;2014;020001087;020004495;1;1;0;0;0;;0;0;168;406;168;;1;;;625;4;0;;;;629;202;73;;53;202;541;87;144;294;247;;;;;;;;;;;;;;;
SMURSAMU;2014;030000061;030780092;1;1;0;0;0;030780092;0;1;336;352;224;2;2;0;0;1237;257;0;34;15;0;1543;570;127;8;259;176;885;71;174;748;137;241259;238615;;90753;57096;33657;272;168;104;660;1;1;2;836;0
SMURSAMU;2014;030000079;030780100;1;1;0;0;0;;0;0;336;390;350;;;;;1181;526;;;;;1707;;;;;;;;;;;;;;;;;;;;;;;;;
SMURSAMU;2014;030000087;030780118;1;1;0;0;0;;0;0;337;337;337;2;2;0;0;1573;221;;14;25;;1833;550;165;173;;173;;;;;;;;;;;;;;;;;;;;
SMURSAMU;2014;040000093;040780215;1;1;0;0;0;;0;0;168;168;168;;2;;;688;111;;;;;799;26;29;;27;;688;56;133;670;18;;;;;;;;;;;;;;;
SMURSAMU;2014;040000135;050002948;1;1;0;0;0;050002948;0;0;336;434;0;0;1;0;0;316;46;;3;3;0;368;67;55;3;9;0;295;10;118;199;96;;;;;;;;;;;;;;;
SMURSAMU;2014;040000911;040788879;1;1;0;0;0;;0;1;168;168;168;1;2;0;0;385;22;;191;29;;627;32;31;1;;;517;;;370;147;62640;62530;;38835;38335;10262;168;168;115;200;1;0;0;150;0
SMURSAMU;2014;050000231;050000116;1;1;0;0;0;050000116;0;0;124;168;0;0;2;0;0;210;;;249;;;459;10;;;;;459;;;419;40;;;;;;;;;;;;;;;
SMURSAMU;2014;050000348;050002948;1;1;0;0;0;050002948;0;1;336;175;0;;3;1;0;913;264;18;253;183;0;1613;287;96;9;8;174;1418;48;171;545;873;161407;159420;153802;56115;29903;9857;264;168;96;204;1;1;25;272;0
SMURSAMU;2014;060000478;060780897;1;1;0;0;0;;0;0;168;19;0;;1;;;899;128;;;;;1027;321;90;117;28;86;782;18;132;455;327;;;;;;;;;;;;;;;
SMURSAMU;2014;060000510;060780954;1;1;0;0;0;060780954;0;0;168;168;0;1;0;0;0;1469;57;0;0;0;0;1526;418;86;1;153;178;1051;48;300;694;357;;;;;;;;;;;;;;;
SMURSAMU;2014;060000544;060780988;1;1;0;0;0;060780988;0;0;168;177;168;2;;;;1388;48;;;;;1436;371;137;2;64;168;1017;;;876;141;;;;;;;;;;;;;;;
SMURSAMU;2014;060001450;060785011;1;1;0;0;0;;0;1;525;588;588;3;4;1;0;4108;2600;0;225;206;0;7139;689;210;4;75;18172;3419;;;2236;1183;338105;338105;;211080;173941;51723;530;322;208;840;1;0;7;3567;0
SMURSAMU;2014;060002102;060791761;1;0;0;0;1;;0;0;168;168;168;;1;;;576;53;;;;;629;;;;;;;;;;;;;;;;;;;;;;;;;
SMURSAMU;2014;060789195;060785011;1;1;0;1;0;060001450;0;0;48;84;0;;;;;0;202;129;;49;;251;;;;;;;;;;;;;;;;;;;;;;;;;
SMURSAMU;2014;070000013;070002878;1;1;0;0;0;;0;1;168;168;0;;;;;404;10;;;;;414;88;61;2;5;88;354;16;78;250;104;107440;91260;83070;99918;67249;24546;284;165;119;304;1;0;57;730;1
SMURSAMU;2014;070000179;070780358;1;1;0;0;0;070780358;0;0;168;168;0;;1;;;482;10;;;;;492;103;47;9;10;37;416;32;103;410;6;;;;;;;;;;;;;;;
SMURSAMU;2014;070000609;070005566;1;1;0;0;0;;0;0;168;168;168;;;;;560;46;;;;;606;;;;;;;;;;;;;;;;;;;;;;;;;
SMURSAMU;2014;080000110;080000037;1;1;0;0;0;;0;0;168;169;169;1;1;;;754;2;;;;;756;101;75;1;21;4;653;16;35;568;85;;;;;;;;;;;;;;;
SMURSAMU;2014;080000219;080001969;1;1;0;0;0;;0;0;168;168;168;1;1;0;0;456;5;0;;;;461;60;38;8;12;0;347;15;50;307;40;;;;;;;;;;;;;;;
SMURSAMU;2014;080000276;080001969;1;1;0;0;0;;0;0;168;168;168;1;1;0;0;306;43;0;0;0;0;349;83;14;2;25;0;288;21;82;264;24;;;;;;;;;;;;;;;
SMURSAMU;2014;080000425;080000615;1;1;0;0;0;080000615;0;1;336;178;357;2;1;0;0;1719;500;;;38;;2257;623;144;15;176;272;1029;;;885;144;;118109;;87705;31054;0;168;0;0;268;0;0;0;673;0
SMURSAMU;2014;080009814;080000615;1;0;0;0;1;080000615;0;0;168;168;168;0;1;0;0;631;29;;;;;660;26;46;;40;;510;27;97;290;220;;;;;;;;;;;;;;;
SMURSAMU;2014;090000175;090781774;1;1;0;0;0;;0;1;204;168;168;1;2;0;0;1096;323;;164;;;1583;220;123;6;60;;1036;76;154;789;247;112151;112151;;30076;21908;8168;168;;20;168;1;1;0;661;1
SMURSAMU;2014;090000183;090781816;1;1;0;0;0;;0;0;168;168;168;1;1;;;319;177;;;;;496;147;43;0;16;81;253;;;229;24;;;;;;;;;;;;;;;
SMURSAMU;2014;100000090;100000017;1;1;0;0;0;100000017;0;1;336;336;372;2;3;0;0;1540;449;;;;;1989;931;217;12;355;347;980;118;108;929;51;;134211;;88518;48489;8683;168;168;48;364;1;0;11;926;0
SMURSAMU;2014;100000199;100006279;1;1;0;0;0;;0;0;168;168;0;0;1;0;0;411;14;0;;;;425;142;50;1;91;84;368;38;130;240;128;;;;;;;;;;;;;;;
SMURSAMU;2014;100010206;100000017;1;0;0;0;1;100000017;0;0;168;168;0;0;0;0;0;296;19;;;;;315;190;31;6;31;122;106;28;21;92;14;;;;;;;;;;;;;;;
SMURSAMU;2014;110000023;110780061;1;1;0;0;0;;0;1;336;252;336;2;3;0;0;1523;289;27;164;92;0;2068;760;149;11;169;481;934;73;180;848;86;241497;231891;231891;87881;64470;18596;226;168;58;554;1;0;0;2519;1
SMURSAMU;2014;110000049;110780087;1;0;0;0;1;110780061;0;0;84;84;0;;1;;;344;54;;;;0;398;221;31;1;31;181;123;11;25;57;66;;;;;;;;;;;;;;;
SMURSAMU;2014;110000056;110780137;1;1;0;0;0;;0;0;337;337;0;0;1;0;0;1552;380;;122;68;;2122;;;;;450;;;;812;;;;;;;;;;;;;;;;
SMURSAMU;2014;110780236;110780707;1;0;0;0;1;110780061;0;0;168;168;0;;2;;;482;;;;;;482;405;33;11;79;266;75;6;23;61;14;;;;;;;;;;;;;;;
SMURSAMU;2014;120000039;120780044;1;1;0;0;0;;0;1;168;336;168;;3;;;1181;231;;252;346;;2010;588;127;;102;359;1198;98;149;1099;99;90993;79491;73700;35389;23886;11503;220;168;52;236;1;1;;713;0
SMURSAMU;2014;120000054;120780069;1;1;0;0;0;;0;0;186;186;0;;;;;304;13;;;;;317;46;35;;11;;258;17;88;245;13;;;;;;;;;;;;;;;
SMURSAMU;2014;120000070;120780085;1;1;0;0;0;;0;0;208;336;0;;;;;333;;;;;;333;;52;;20;70;261;15;64;219;42;;;;;;;;;;;;;;;
SMURSAMU;2014;120004569;120004528;1;1;0;0;0;;0;0;168;168;0;;;;;386;108;;;;;494;235;51;;25;105;315;23;51;283;32;;;;;;;;;;;;;;;
SMURSAMU;2014;120004668;120004619;1;1;0;0;0;;0;0;168;168;0;;;;;260;30;;;;;290;77;32;0;45;20;216;50;85;174;42;;;;;;;;;;;;;;;
SMURSAMU;2014;130000409;130041916;1;1;0;1;0;;0;0;252;241;0;;;;;2680;353;;;;;3033;;194;22;122;855;1222;68;312;756;466;;;;;;;;;;;;;;;
SMURSAMU;2014;130000565;130781446;1;1;0;0;0;;1;0;168;168;168;1;1;0;0;1837;257;;0;0;0;2094;349;156;18;80;342;1498;;;575;923;;;;;;;;;;;;;;;
SMURSAMU;2014;130001225;130782634;1;1;0;0;1;;0;0;168;168;;;;;;1414;29;;;;;1443;270;150;120;;;;;;;;;;;;;;;;;;;;;;
SMURSAMU;2014;130002827;130789274;1;1;0;0;0;;0;0;168;168;168;1;1;;;1482;164;;;;;1646;1238;119;4;166;403;950;80;351;739;211;;;;;;;;;;;;;;;
SMURSAMU;2014;130002835;130789316;1;1;0;0;0;130789316;0;0;252;263;0;0;0;0;0;1489;162;0;0;0;0;1651;378;157;8;154;0;1211;;;744;467;;;;;;;;;;;;;;;
SMURSAMU;2014;130783293;130786049;1;1;0;1;0;130783293;0;1;792;840;840;5;1;1;0;13550;3448;0;93;453;0;17544;12257;828;284;1458;9687;16396;1241;3458;7313;4384;565899;463453;431472;465429;281358;83212;504;504;162;1232;1;0;31;11549;0
SMURSAMU;2014;130786742;750821092;1;1;0;0;1;130786049;0;0;120;0;0;0;0;0;0;1331;200;0;0;1;0;1532;706;114;11;60;496;1158;90;315;586;572;;;;;;;;;;;;;;;
SMURSAMU;2014;140000027;140000035;1;1;0;0;0;140000035;0;0;168;168;168;;2;;;513;5;;;;;518;87;62;5;0;15;423;42;133;374;49;;;;;;;;;;;;;;;
SMURSAMU;2014;140000209;140000100;1;1;0;1;0;;0;1;386;361;615;4;3;;;2317;1156;;4;37;0;3514;446;312;;134;;1875;;;1607;268;226422;216223;186903;129781;129781;25956;366;168;198;444;1;0;0;1684;0
SMURSAMU;2014;140000233;140000118;1;1;0;0;0;;0;0;168;168;168;2;2;;;296;6;;;;;302;71;53;5;13;0;240;19;48;176;64;;;;;;;;;;;;;;;
SMURSAMU;2014;140000373;140000159;1;1;0;0;0;140000159;0;0;168;168;168;;2;;;391;35;;;;;426;84;67;;17;;;;;;;;;;;;;;;;;;;;;
SMURSAMU;2014;140024886;140000092;1;1;0;0;0;140000092;0;0;168;168;168;;2;;;465;20;;;;;485;70;14;;;;359;24;93;276;83;;;;;;;;;;;;;;;
SMURSAMU;2014;140026410;140026279;1;1;0;0;0;;0;0;168;168;168;1;;;;384;14;;;;;398;76;58;18;;;308;35;105;207;101;;;;;;;;;;;;;;;
SMURSAMU;2014;150000032;150780088;1;1;0;0;0;;0;0;116;168;0;0;0;0;0;486;160;22;0;0;0;646;214;48;0;0;166;275;;;225;50;;;;;;;;;;;;;;;
SMURSAMU;2014;150000040;150780096;1;1;0;0;0;;0;1;238;168;168;3;2;;;966;225;0;216;266;0;1673;;109;3;52;72;759;;;676;83;72000;72000;;37500;33882;11094;205;158;37;205;1;1;13;364;0
SMURSAMU;2014;150000164;150780468;1;0;0;0;1;;0;0;48;35;0;;;;;357;111;;;;;468;109;34;6;18;51;248;;;158;90;;;;;;;;;;;;;;;
SMURSAMU;2014;160000253;160000451;1;1;0;0;0;;0;1;336;336;336;3;3;0;0;1873;560;0;15;17;0;2465;515;177;20;129;189;1358;128;285;1319;39;170181;141225;120252;60459;58059;24559;284;168;116;356;1;0;0;112;0
SMURSAMU;2014;160000303;160006037;1;1;0;0;0;;0;0;168;84;0;;1;;;296;14;12;;;;310;46;;;;;260;;;148;112;;;;;;;;;;;;;;;
SMURSAMU;2014;160000311;160000485;1;1;0;0;0;160000485;0;0;168;118;8;;1;;;434;28;0;;;;462;110;36;4;24;34;324;27;96;118;206;;;;;;;;;;;;;;;
SMURSAMU;2014;160000337;160000493;1;1;0;0;0;;0;0;168;210;0;;1;;;564;;;;;;564;;51;2;16;96;474;35;150;175;299;;;;;;;;;;;;;;;
SMURSAMU;2014;160015368;160014411;1;1;0;0;0;;0;0;168;168;168;1;1;0;0;523;7;0;0;0;0;530;161;68;3;51;39;360;0;0;263;97;;;;;;;;;;;;;;;
SMURSAMU;2014;170000038;170780050;1;1;0;0;0;;0;0;181;181;0;;;;;429;11;0;;;;440;163;64;5;34;60;276;31;61;157;119;;;;;;;;;;;;;;;
SMURSAMU;2014;170000079;170780142;1;0;0;0;1;170780225;;0;168;168;168;;1;;;143;;;;;;143;117;9;1;31;60;111;13;11;94;17;;;;;;;;;;;;;;;
SMURSAMU;2014;170000087;170023279;1;1;0;0;0;;0;1;336;336;336;2;2;;;1830;623;;181;252;9;2895;666;227;11;177;390;1217;143;152;1150;67;265088;231167;215160;151794;151794;52833;342;187;155;597;1;0;0;2559;0
SMURSAMU;2014;170000095;170780167;1;1;0;0;0;;0;0;169;231;0;;1;;;397;67;0;0;0;0;464;107;58;3;24;22;285;18;57;224;61;;;;;;;;;;;;;;;
SMURSAMU;2014;170000103;170780175;1;1;0;0;0;;0;0;168;277;338;2;1;;;826;747;2;6;18;;1597;144;48;93;;0;650;82;151;603;47;;;;;;;;;;;;;;;
SMURSAMU;2014;170000129;170780191;1;1;0;0;0;;0;0;168;168;168;0;2;0;0;778;28;;;;;806;316;135;1;44;136;450;28;77;390;60;;;;;;;;;;;;;;;
SMURSAMU;2014;170000152;170780225;1;1;1;0;0;;0;0;168;168;168;;2;;;855;;;;;;855;124;91;0;129;89;646;64;143;526;120;;;;;;;;;;;;;;;
SMURSAMU;2014;180000010;180000028;1;1;0;0;0;;0;1;390;299;273;2;2;0;0;1578;472;;0;0;0;2050;534;134;18;62;307;1044;;;1037;7;;;;84340;72062;8088;196;168;28;420;1;0;3;493;1
SMURSAMU;2014;180000200;180000051;1;1;0;0;0;;0;0;168;168;0;0;2;0;0;575;73;;;;;648;116;76;5;33;2;461;52;142;402;59;;;;;;;;;;;;;;;
SMURSAMU;2014;180000283;180000069;1;1;0;0;0;180000069;0;0;168;172;0;;;;;519;66;;;;;585;181;74;8;15;87;342;30;105;266;76;;;;;;;;;;;;;;;
SMURSAMU;2014;190000018;190000042;1;1;0;0;0;;0;0;336;168;336;2;3;;;1794;288;;18;32;;2132;271;124;2;130;15;1164;;;1083;81;;;;;;;;;;;;;;;
SMURSAMU;2014;190000026;190000059;1;1;0;0;0;;0;1;168;168;168;2;2;;;1017;163;;0;0;;1180;502;73;44;384;1;515;;;393;122;95338;89838;88940;60741;40929;22399;260;168;92;342;1;0;3;1360;1
SMURSAMU;2014;190000091;190000075;1;0;0;0;1;190000059;0;0;;;;;2;;;323;128;;;;;451;76;50;;10;;255;;;188;67;;;;;;;;;;;;;;;
SMURSAMU;2014;210987558;210780581;1;1;0;1;0;;0;1;581;459;420;5;5;1;0;3810;1236;229;182;323;0;5551;;;;;;2;2;;2;;228709;;;129235;101345;25928;339;218;121;552;1;0;0;1504;0
SMURSAMU;2014;210987657;210780714;1;1;0;0;0;;0;0;168;168;228;1;1;0;0;1021;37;0;0;0;;1058;392;89;1;91;335;1006;119;28;790;216;;;;;;;;;;;;;;;
SMURSAMU;2014;210987665;210010070;1;1;0;0;0;210010070;0;0;168;336;84;;1;;;226;11;;;;;237;75;30;0;43;;182;;;158;24;;;;;;;;;;;;;;;
SMURSAMU;2014;210987673;210010070;1;1;0;0;0;;0;0;168;245;168;;1;;;160;48;;;;;208;35;16;0;6;;125;;;75;50;;;;;;;;;;;;;;;
SMURSAMU;2014;210987699;210780706;1;1;0;0;0;210780706;0;0;168;175;168;2;1;;;477;67;;;;;544;65;41;2;22;;403;30;107;384;19;;;;;;;;;;;;;;;
SMURSAMU;2014;220000012;220000020;1;1;0;0;0;220000020;0;1;336;220;373;3;3;1;0;2076;1160;0;286;328;24;3874;787;204;8;43;493;2915;223;358;2081;834;204633;173968;161129;124929;88769;34951;312;168;144;508;1;0;1;9932;0
SMURSAMU;2014;220000095;220000046;1;1;0;0;0;;0;0;18;22;24;2;;;;677;52;;18;1;0;748;124;87;3;15;0;571;62;127;403;168;;;;;;;;;;;;;;;
SMURSAMU;2014;220000343;220000079;1;1;0;0;0;;0;0;21;21;21;0;2;0;0;489;12;0;0;0;0;501;86;65;1;20;;416;29;108;291;125;;;;;;;;;;;;;;;
SMURSAMU;2014;220000368;220000103;1;1;0;0;0;220000103;0;0;336;336;74;;1;;;708;13;;;;;721;155;87;4;10;54;561;;;455;106;;;;;;;;;;;;;;;
SMURSAMU;2014;220000541;220000152;1;1;0;0;0;;0;0;168;168;168;;1;;;369;25;;;;;394;74;53;1;9;11;308;23;70;220;88;;;;;;;;;;;;;;;
SMURSAMU;2014;230000820;230780041;1;1;0;0;0;;0;1;218;168;0;0;3;0;0;850;213;69;66;83;;1212;234;120;5;21;88;657;137;394;504;153;33226;33226;;35989;17544;11210;168;168;48;272;1;1;0;575;0
SMURSAMU;2014;240000372;240000059;1;1;0;0;0;240000372;0;0;168;168;168;;2;;;561;79;;;;;640;187;83;1;18;85;459;26;81;370;89;;;;;;;;;;;;;;;
SMURSAMU;2014;240000489;240000117;1;1;0;0;0;;0;1;336;336;336;2;3;0;0;1871;837;38;207;254;0;3169;996;271;21;77;654;1783;117;320;1275;508;138868;114336;99788;97107;90047;30809;245;;77;528;1;0;0;1919;0
SMURSAMU;2014;240000687;240000448;1;1;0;0;0;;0;0;168;168;168;;1;;;343;38;;;;;381;77;52;;14;;266;23;63;175;91;;;;;;;;;;;;;;;
SMURSAMU;2014;250000114;900000365;1;1;0;0;0;;0;0;168;168;168;1;2;;;2126;209;;;;;2335;1213;190;27;214;787;926;94;170;663;263;;;;;;;;;;;;;;;
SMURSAMU;2014;250000700;250000452;1;1;0;0;0;250000452;0;0;168;168;168;1;2;0;0;1021;262;6;0;0;0;1283;225;85;6;10;124;796;96;281;657;139;;;;;;;;;;;;;;;
SMURSAMU;2014;250006954;250000015;1;1;0;0;0;250000015;0;1;353;353;336;3;5;1;0;3930;344;38;521;333;0;5128;1134;290;12;90;742;3317;;;3314;3;535169;461422;434974;253920;118233;79155;739;403;336;1131;1;1;15;4987;0
SMURSAMU;2014;260000013;260000021;1;1;0;0;0;260000021;0;1;336;336;336;2;2;1;0;1329;497;;245;383;0;2454;436;415;21;;;1342;;;1094;248;196043;196043;;94026;76795;17231;220;168;52;444;1;0;18;414;0
SMURSAMU;2014;260000120;260016910;1;1;0;0;0;260000120;0;0;168;168;168;3;;;;1075;29;;;;;1104;;;;;;;;;;;;;;;;;;;;;;;;;
SMURSAMU;2014;260000138;260000047;1;1;0;0;0;;0;0;168;168;168;1;1;;;844;43;0;121;;;1008;326;132;2;47;145;683;72;125;617;66;;;;;;;;;;;;;;;
SMURSAMU;2014;260000203;260016910;1;0;0;0;1;260000203;0;0;50;50;50;1;;;;153;1;;;;;154;;;;;;;;;;;;;;;;;;;;;;;;;
SMURSAMU;2014;270000045;270000060;1;1;0;0;0;;0;0;134;168;98;;1;;;541;29;;1;2;;573;241;78;4;21;138;319;40;72;184;135;;;;;;;;;;;;;;;
SMURSAMU;2014;270000359;270023724;1;1;0;0;0;;0;1;336;168;336;1;3;1;0;1306;662;;5;80;;2053;679;175;8;67;474;1109;;;886;223;231970;189701;172265;116369;87331;29038;272;168;104;528;1;1;0;2309;0
SMURSAMU;2014;270000367;270000086;1;1;0;0;0;;0;0;168;168;168;;1;;;654;;;;;;654;304;86;5;21;172;380;36;81;194;186;;;;;;;;;;;;;;;
SMURSAMU;2014;270000425;270000102;1;1;0;0;0;270000102;0;0;168;168;168;;1;;;599;;;;;;599;112;83;5;24;0;516;;;158;358;;;;;;;;;;;;;;;
SMURSAMU;2014;270000441;270000110;1;1;0;0;0;270000110;0;0;168;168;84;;1;;;408;3;;;5;;416;225;43;2;32;148;202;13;46;35;167;;;;;;;;;;;;;;;
SMURSAMU;2014;270000458;270023724;1;1;0;0;0;;0;0;168;168;168;0;2;0;0;787;;;;;;787;;;;;;;;;;;;;;;;;;;;;;;;;
SMURSAMU;2014;280000084;280000183;1;1;0;0;0;;0;1;336;336;168;1;3;1;0;1165;193;;77;409;;1844;468;177;30;158;375;756;82;91;548;208;181290;137902;128318;86899;72780;18428;220;168;52;420;1;0;0;1520;0
SMURSAMU;2014;280000662;280500075;1;1;0;0;0;;0;0;405;420;366;;;;;601;4;;;;;605;270;83;3;65;119;335;19;80;166;169;;;;;;;;;;;;;;;
SMURSAMU;2014;280502998;280000589;1;1;0;0;0;;0;0;168;168;0;;1;;;536;;;;;;536;196;59;5;37;137;311;43;120;142;169;;;;;;;;;;;;;;;
SMURSAMU;2014;280504267;280000134;1;1;0;0;0;;0;0;336;336;168;3;1;;;1366;263;;;;;1629;698;216;7;57;381;1106;90;177;1015;91;;;;;;;;;;;;;;;
SMURSAMU;2014;290000025;290020700;1;1;0;0;0;;0;0;168;168;168;1;1;1;0;1079;81;0;21;5;0;1186;466;100;35;36;295;929;84;216;876;53;;;;;;;;;;;;;;;
SMURSAMU;2014;290000033;290021542;1;1;0;0;0;;0;0;168;168;168;1;1;;;1030;101;;2;0;;1133;356;119;4;53;173;676;87;195;530;146;;;;;;;;;;;;;;;
SMURSAMU;2014;290000066;290020700;1;0;0;0;1;;0;0;168;168;168;0;1;0;0;565;55;1;4;2;0;626;256;50;25;21;159;473;41;128;28;445;;;;;;;;;;;;;;;
SMURSAMU;2014;290000256;290000017;1;1;0;0;0;290000017;0;0;168;168;168;1;1;;;501;65;;;;;566;;68;;34;;;;;;;;;;;;;;;;;;;;;
SMURSAMU;2014;290000785;220020739;1;1;0;0;0;290000785;0;0;168;168;168;1;;;;453;98;;5;7;2;565;65;33;1;31;;390;33;110;237;153;;;;;;;;;;;;;;;
SMURSAMU;2014;290000934;290000306;1;1;0;0;0;;0;0;22;22;22;;1;;;663;144;;20;6;0;833;274;75;1;1;155;539;64;103;308;231;;;;;;;;;;;;;;;
SMURSAMU;2014;290004324;290000017;1;1;0;0;0;290000017;0;1;461;406;406;3;2;1;;3074;1842;166;556;384;173;6029;;325;53;340;;3313;;;2817;496;293965;279888;271477;165392;144163;56973;308;168;140;1030;1;0;0;2878;0
SMURSAMU;2014;290029982;290020700;1;0;0;0;1;;0;0;168;168;168;0;1;0;0;552;140;0;34;39;0;765;277;57;27;17;176;485;37;116;212;273;;;;;;;;;;;;;;;
SMURSAMU;2014;2A0000022;2A0000014;1;1;0;0;0;;0;1;336;336;588;3;3;1;0;2263;518;;388;845;;4014;315;114;11;66;124;2454;341;708;2414;40;62105;60482;60192;50580;50580;13704;948;204;744;1488;1;0;0;1506;0
SMURSAMU;2014;2A0003125;2A0000014;1;0;0;0;1;2A0000014;0;0;168;168;168;0;1;0;0;364;11;;;;;375;87;25;2;42;18;300;48;105;0;300;;;;;;;;;;;;;;;
SMURSAMU;2014;2A0003133;2A0000014;1;0;0;0;1;2A0000014;0;0;168;;168;0;1;0;0;519;13;;;;;532;131;31;7;32;61;449;78;106;0;449;;;;;;;;;;;;;;;
SMURSAMU;2014;2A0003141;2A0000014;1;0;0;0;1;2A0000014;0;0;168;0;168;0;1;0;0;228;34;;;;;262;76;9;2;24;41;199;31;36;0;199;;;;;;;;;;;;;;;
SMURSAMU;2014;2B0000012;2B0000020;1;1;0;0;0;2B0000020;0;1;353;252;588;0;0;0;0;2093;1285;;568;576;0;4522;356;112;33;97;;3344;;;2352;992;84418;83510;82435;38541;30794;4414;188;168;20;336;1;1;0;272;0
SMURSAMU;2014;2B0003420;2B0000020;1;0;0;0;1;2B0000020;0;0;168;168;168;0;1;0;0;489;36;0;0;0;0;525;90;19;9;25;35;525;;;165;360;;;;;;;;;;;;;;;
SMURSAMU;2014;2B0004907;2B0000020;1;0;0;0;1;2B0000020;0;0;168;168;168;0;1;0;0;253;58;0;0;0;0;311;38;13;9;8;8;239;;;40;199;;;;;;;;;;;;;;;
SMURSAMU;2014;2B0005409;2B0000020;1;0;0;0;1;2B0000020;1;0;168;168;168;0;1;0;0;897;0;0;0;0;0;897;434;25;45;185;164;537;0;0;463;74;;;;;;;;;;;;;;;
SMURSAMU;2014;300000023;300780046;1;1;0;0;0;300780046;0;0;168;168;;0;2;0;0;2351;44;0;0;0;0;2395;1035;224;14;268;354;1838;116;539;1338;500;;;;;;;;;;;;;;;
SMURSAMU;2014;300000031;300780053;1;1;0;0;0;300780053;0;0;168;168;0;0;1;0;0;940;;;;;;940;158;87;9;62;0;782;49;80;671;111;;;;;;;;;;;;;;;
SMURSAMU;2014;300782117;300780038;1;1;0;0;0;;0;1;5840;577;556;5;3;1;;5893;1118;0;263;339;;7613;1143;292;45;806;;5013;;;4495;518;273161;230086;202631;173513;155435;49964;1460;;;877;1;0;0;2364;0
SMURSAMU;2014;310000310;310780671;1;1;0;0;0;;0;0;168;168;168;1;1;;;824;427;;;;;1251;231;103;3;98;225;394;19;95;259;135;;;;;;;;;;;;;;;
SMURSAMU;2014;310016977;310781406;1;0;0;1;0;;0;0;202;161;132;1;2;2;0;364;1220;160;30;153;0;1767;104;7;;62;78;290;231;0;230;60;;;;;;;;;;;;;;;
SMURSAMU;2014;310783048;310781406;1;1;0;0;0;;0;1;520;710;708;3;5;2;0;6269;2880;1390;701;248;0;10098;3224;706;3;572;2377;3746;171;760;2612;1134;507627;442983;441141;208895;192222;83246;767;448;319;1245;1;1;96;2855;0
SMURSAMU;2014;320000086;320780117;1;1;0;0;0;320780117;0;1;168;168;168;0;3;0;0;965;73;;;;;1038;;;;;;;;;;;;82197;;33456;;;;;;;1;1;0;586;1
SMURSAMU;2014;320000102;320780133;1;0;0;0;1;320000102;0;0;168;168;168;;2;;;378;93;0;6;2;0;479;87;1;0;1;;336;34;54;145;191;;;;;;;;;;;;;;;
SMURSAMU;2014;330000555;330781204;1;1;0;0;0;;0;0;168;168;168;;1;;;714;;;22;;;736;164;113;;51;;572;43;164;381;191;;;;;;;;;;;;;;;
SMURSAMU;2014;330000571;330781220;1;1;0;0;0;330781220;0;0;168;168;168;;1;;;485;0;0;0;0;;485;485;53;161;485;0;0;0;0;0;0;;;;;;;;;;;;;;;
SMURSAMU;2014;330000589;330027509;1;1;0;0;0;;0;0;168;168;168;;1;;;735;0;0;0;0;0;735;167;106;5;50;6;568;98;470;380;188;;;;;;;;;;;;;;;
SMURSAMU;2014;330000605;330781253;1;1;0;0;0;330781253;0;0;336;350;336;4;7;0;0;1400;81;0;0;0;0;1481;339;170;1;48;115;1036;78;240;964;72;;;;;;;;;;;;;;;
SMURSAMU;2014;330000613;330781261;1;1;0;0;1;330781253;0;0;;;;;;;;;;;;;;;;;;;;;;;;;;;;;;;;;;;;;;;
SMURSAMU;2014;330780495;330796392;1;1;0;0;0;;0;0;168;168;168;;5;;;535;1;;;;;536;139;71;3;51;5;399;23;72;259;140;;;;;;;;;;;;;;;
SMURSAMU;2014;330780537;330000324;1;1;0;0;0;;0;0;168;168;168;1;0;0;0;391;;;;;;391;136;35;24;28;49;255;11;15;156;99;;;;;;;;;;;;;;;
SMURSAMU;2014;330781360;330781196;1;1;0;1;0;330781196;0;1;800;588;588;6;4;0;;5384;2765;;478;386;;9013;2292;629;70;313;1228;3502;1425;1354;2936;566;478675;460122;388343;323329;273930;143253;739;355;384;1512;1;0;0;;0
SMURSAMU;2014;340000033;340780055;1;1;0;0;0;;0;0;252;252;336;1;1;;;2011;627;;0;0;;2638;487;221;4;183;;1524;122;550;1299;225;;;;;;;;;;;;;;;
SMURSAMU;2014;340000223;340011295;1;1;0;0;0;340011295;0;0;168;168;0;0;0;0;0;1081;74;0;0;0;0;1155;357;46;4;21;286;724;;;650;74;;;;;;;;;;;;;;;
SMURSAMU;2014;340000231;340780535;1;0;0;0;1;340780477;0;0;168;133;0;;;;;1460;;;;;;1460;;;;;;;;;;;;;;;;;;;;;;;;;
SMURSAMU;2014;340780436;340011295;1;0;0;0;1;340011295;1;0;168;168;0;0;0;0;0;1144;0;0;0;0;0;1144;458;60;12;32;354;686;;;308;378;;;;;;;;;;;;;;;
SMURSAMU;2014;340780717;340008150;1;0;0;0;1;340785161;0;0;168;168;168;;1;;;575;;;;;;575;;;;;;;;;;;;;;;;;;;;;;;;;
SMURSAMU;2014;340785161;340780477;1;1;0;0;0;;0;1;336;252;816;7;4;1;0;3976;1704;;209;475;0;6364;921;;;;;;;;;;443744;383771;;249057;200307;48750;335;224;111;888;1;0;18;;1
SMURSAMU;2014;350000147;350000022;1;1;0;0;0;;0;0;168;168;168;2;;0;0;807;34;;3;;;844;158;104;;14;40;649;32;176;608;41;;;;;;;;;;;;;;;
SMURSAMU;2014;350000154;350000030;1;1;0;0;0;350000030;0;0;168;168;168;;1;;;421;89;;1;2;;513;90;67;6;5;12;335;33;83;281;54;;;;;;;;;;;;;;;
SMURSAMU;2014;350000162;350000048;1;1;0;0;0;;0;0;168;168;168;;1;;;586;82;;;;;668;108;24;;;84;586;;;463;123;;;;;;;;;;;;;;;
SMURSAMU;2014;350000188;350000055;1;1;0;0;0;;0;0;168;168;168;;1;;;363;43;;;1;;407;107;57;2;10;37;219;14;44;152;67;;;;;;;;;;;;;;;
SMURSAMU;2014;350000741;350005179;1;1;0;0;0;;0;1;336;218;588;4;4;;;2972;1352;284;8;16;;4348;820;297;;86;437;2498;259;497;2226;272;246017;226026;198934;145987;136656;58151;295;222;73;654;1;0;0;838;0
SMURSAMU;2014;360000137;360000053;1;1;0;0;0;;0;1;386;336;336;3;3;1;0;1735;882;235;227;389;0;3233;;275;15;193;34;2181;108;408;2071;110;266000;263800;99200;134355;82783;21820;220;168;52;420;1;0;36;64;0
SMURSAMU;2014;360000160;360000079;1;0;0;0;1;360000053;0;0;168;168;0;;;;;148;;;;;;148;;;;;;;;;;;;;;;;;;;;;;;;;
SMURSAMU;2014;370000499;370000481;1;0;0;1;0;;0;0;168;173;0;;;;;5;535;;1;137;;678;1;1;0;0;0;7;7;0;7;0;;;;;;;;;;;;;;;
SMURSAMU;2014;370000531;370000606;1;1;0;0;0;370000861;0;0;168;168;0;0;1;0;0;401;36;0;6;0;;443;62;10;;27;;281;25;30;131;150;;;;;;;;;;;;;;;
SMURSAMU;2014;370000879;370000564;1;1;0;0;0;;0;0;168;168;0;;;;;480;28;0;0;0;0;508;140;67;1;2;60;400;;;149;251;;;;;;;;;;;;;;;
SMURSAMU;2014;370000903;370000614;1;0;0;0;1;370000481;0;0;168;168;0;;;;;278;37;0;0;0;0;315;48;31;1;5;0;228;;;62;166;;;;;;;;;;;;;;;
SMURSAMU;2014;370004467;370000481;1;1;0;0;0;370000481;0;1;672;385;375;3;5;1;;1950;538;25;140;343;;2971;752;265;12;72;509;1512;144;267;1220;292;165263;165263;;95253;95253;33922;;;;652;1;0;0;2409;1
SMURSAMU;2014;380000034;380780049;1;1;0;0;1;;0;0;252;252;252;3;1;;;1436;315;;;;;1751;324;167;131;26;;;;;;;;;;;;;;;;;;;;;
SMURSAMU;2014;380000067;380780080;1;1;0;0;0;;0;1;571;408;504;8;4;1;0;3009;1572;283;1019;365;0;5965;1151;327;13;213;502;2877;238;513;2068;809;446834;333879;300491;226195;151097;110238;461;202;209;994;1;1;28;1616;0
SMURSAMU;2014;380000174;380781435;1;1;0;0;0;;0;0;168;168;168;1;1;0;0;1060;42;;;;;1102;;130;1;33;;925;87;161;620;305;;;;;;;;;;;;;;;
SMURSAMU;2014;380000406;380784751;1;1;0;0;0;;0;0;336;756;168;1;1;;;998;123;17;;;;1121;;;;;;;;;;;;;;;;;;;;;;;;;
SMURSAMU;2014;390000040;390780146;1;1;0;0;0;;0;0;336;336;336;1;2;;;1457;222;222;;;;1679;647;130;4;98;415;1167;108;441;1025;142;;;;;;;;;;;;;;;
SMURSAMU;2014;390000065;390780161;1;1;0;0;0;;0;0;168;168;168;;1;;;274;150;;;;;424;82;21;11;49;1;229;;;206;23;;;;;;;;;;;;;;;
SMURSAMU;2014;390000214;390780591;1;1;0;0;0;390780591;0;0;168;193;168;1;1;;;424;88;;0;0;0;512;87;39;;55;24;342;;;125;217;;;;;;;;;;;;;;;
SMURSAMU;2014;390000222;390780609;1;1;0;0;0;;0;0;252;252;252;1;2;;;1232;286;;;;;1518;655;95;14;95;451;980;132;208;745;235;;;;;;;;;;;;;;;
SMURSAMU;2014;390005742;390780146;1;0;0;0;1;390780146;0;0;168;168;0;1;1;;;304;11;;;;25;340;;17;0;33;155;284;36;37;31;253;;;;;;;;;;;;;;;
SMURSAMU;2014;400000105;400780193;1;1;0;0;0;400780193;0;0;224;180;180;2;1;;;1115;205;;;27;;1347;355;119;;109;127;694;50;123;548;146;;;;;;;;;;;;;;;
SMURSAMU;2014;400000139;400011177;1;1;0;0;0;400011177;0;1;168;168;168;4;1;0;0;1043;69;0;0;0;0;1112;256;95;14;87;523;1293;162;223;1193;100;331771;243110;190195;104553;84258;22008;248;168;80;1680;1;1;0;482;0
SMURSAMU;2014;400011383;400780193;1;0;0;0;1;400780193;1;0;168;0;0;;1;;;136;;;;;;136;114;4;1;47;62;20;6;2;6;14;;;;;;;;;;;;;;;
SMURSAMU;2014;400011391;400780193;1;0;0;0;1;400780193;1;0;84;0;0;;;1;;0;;;108;;;108;94;3;;61;30;13;4;0;8;5;;;;;;;;;;;;;;;
SMURSAMU;2014;400012506;400011177;1;0;0;0;1;400011177;1;0;168;0;0;0;1;0;0;169;0;0;0;0;0;169;169;3;0;104;62;169;47;2;2;54;;;;;;;;;;;;;;;
SMURSAMU;2014;400012514;400011177;1;0;0;0;1;400011177;;0;84;84;84;1;;;;580;228;0;0;0;0;808;379;39;4;61;275;486;25;54;241;245;;;;;;;;;;;;;;;
SMURSAMU;2014;400012522;400011177;1;0;0;0;1;400011177;0;0;168;168;168;1;;;;163;144;0;0;0;0;307;138;21;2;26;89;183;20;52;100;83;;;;;;;;;;;;;;;
SMURSAMU;2014;410000020;410000087;1;1;0;0;0;410000087;0;1;336;336;168;2;3;1;0;1530;533;0;158;406;;2627;685;195;5;55;322;1380;72;164;1043;337;;;;135357;83699;;168;168;15;360;1;0;0;429;0
SMURSAMU;2014;410000038;410000095;1;1;0;0;0;410000095;0;0;168;168;;0;2;0;0;599;3;;;;;602;179;87;1;35;56;352;21;86;293;59;;;;;;;;;;;;;;;
SMURSAMU;2014;410000046;410000103;1;1;0;0;0;410000046;0;0;168;168;168;0;1;0;0;606;5;0;0;0;0;611;353;95;37;98;123;527;40;121;441;86;;;;;;;;;;;;;;;
SMURSAMU;2014;420000010;420780033;1;1;0;0;0;420000010;0;1;164;336;336;1;2;;;1134;805;0;22;87;;2048;397;155;3;132;42;853;74;189;711;142;67020;63249;62575;46584;46584;10945;144;144;52;287;1;0;0;63;0
SMURSAMU;2014;420000226;420013831;1;1;0;0;0;;0;0;168;168;0;;1;;;395;42;;;;;437;;;;;;;;;;;;;;;;;;;;;;;;;
SMURSAMU;2014;420000267;420013831;1;1;0;0;0;;0;0;320;357;0;0;2;0;0;390;61;;;;;451;;;;;;;;;;;;;;;;;;;;;;;;;
SMURSAMU;2014;420785354;420784878;1;1;0;0;0;;0;1;504;504;426;4;5;1;0;2125;1185;28;383;408;0;4101;;;;;;;;;;;207040;184410;;126893;110289;55125;360;168;192;588;1;0;0;1045;0
SMURSAMU;2014;430000117;430000018;1;1;0;0;0;;0;1;238;287;0;1;3;;;1212;139;0;0;0;0;1351;86;138;28;43;83;1002;89;253;911;91;104095;104095;;55353;26646;28707;168;168;0;280;1;1;6;157;0
SMURSAMU;2014;430000190;430000034;1;0;0;0;1;;0;0;168;168;0;0;1;0;0;333;158;0;0;0;0;491;65;41;2;13;0;268;26;54;151;117;;;;;;;;;;;;;;;
SMURSAMU;2014;440000016;440000057;1;1;0;0;0;;0;0;336;336;336;0;3;0;0;1193;174;;;;;1367;;;;;;;;;;;;;;;;;;;;;;;;;
SMURSAMU;2014;440000271;440000289;1;1;0;0;0;440000289;0;1;406;504;504;3;5;;;2652;1801;309;157;417;0;5027;857;191;4;81;567;3653;404;407;2658;995;460402;453864;427086;240181;190705;97698;527;252;348;770;1;0;0;;0
SMURSAMU;2014;440000503;440000313;1;1;0;0;0;;0;0;168;168;168;0;1;0;0;438;8;0;0;0;0;446;178;47;0;14;117;313;29;47;247;66;;;;;;;;;;;;;;;
SMURSAMU;2014;450000021;450000088;1;0;0;1;0;;0;0;50;168;0;1;;;;0;186;103;0;3;0;189;;;;;;;;;;;;;;;;;;;;;;;;;
SMURSAMU;2014;450000047;450000096;1;1;0;0;0;;0;0;744;672;11;;2;;;653;;;;;;653;8;;;;;;;;;;;;;;;;;;;;;;;;
SMURSAMU;2014;450000062;450000104;1;1;0;0;0;450000104;0;0;168;168;168;;2;;;1017;8;;;;;1025;502;138;4;50;310;803;64;198;741;62;;;;;;;;;;;;;;;
SMURSAMU;2014;450000070;450000112;1;1;0;0;0;450000112;0;0;168;168;168;;2;;;614;20;;;;;634;326;66;4;33;209;543;;;224;319;;;;;;;;;;;;;;;
SMURSAMU;2014;450002613;450000088;1;1;0;0;0;;0;1;336;231;504;2;4;1;0;2761;435;;260;508;;3964;1386;275;21;194;811;1606;124;276;1325;281;250642;250642;250642;139280;108381;17652;384;336;48;455;1;0;13;1527;0
SMURSAMU;2014;460000045;460780083;1;1;0;0;0;460780083;0;0;35;35;35;;1;;;230;17;17;;;;247;63;21;1;10;32;136;12;32;102;34;;;;;;;;;;;;;;;
SMURSAMU;2014;460000052;460780091;1;1;0;0;0;460780091;0;0;50;134;50;;2;;;322;26;;;;;348;168;42;0;18;92;281;23;50;129;152;;;;;;;;;;;;;;;
SMURSAMU;2014;460000102;460780208;1;1;0;0;0;;0;0;29;37;37;;1;;;294;;;;;;294;156;30;2;18;110;235;21;36;111;124;;;;;;;;;;;;;;;
SMURSAMU;2014;460000110;460780216;1;1;0;0;0;460780216;0;1;168;203;168;1;3;;;687;518;288;;;;1205;253;96;3;85;69;528;49;72;443;68;57605;57605;56000;47459;40505;7293;168;168;52;168;1;1;;957;0
SMURSAMU;2014;470000423;470000316;1;1;0;0;0;;0;1;336;168;288;3;2;;;1011;778;;;;;1789;213;87;5;45;64;798;56;217;425;373;154765;;;74825;;;168;;102;372;1;0;27;389;1
SMURSAMU;2014;470000431;470000324;1;1;0;0;0;;0;0;168;168;168;;1;;;766;39;;;;;805;175;105;4;24;42;500;;;412;88;;;;;;;;;;;;;;;
SMURSAMU;2014;470000480;470001660;1;1;0;0;0;470001660;0;0;168;168;168;1;1;;;580;23;;;;;603;126;107;;20;;414;20;116;382;32;;;;;;;;;;;;;;;
SMURSAMU;2014;470000522;470000340;1;0;0;0;1;;0;0;168;168;0;;1;;;321;;;;;;321;;40;;24;100;264;13;65;153;111;;;;;;;;;;;;;;;
SMURSAMU;2014;480000017;480780097;1;1;0;0;0;;0;1;168;168;168;3;2;0;0;870;69;;100;14;;1053;318;49;5;120;144;864;66;71;749;115;185911;181341;;54565;19580;0;168;168;;252;0;1;42;89;0
SMURSAMU;2014;490000049;490000031;1;1;0;0;0;490000031;0;1;336;386;386;3;3;0;0;2259;1158;250;9;49;0;3475;633;256;12;48;349;1641;170;411;1452;189;296604;233800;215728;124903;121485;54982;317;184;133;563;1;1;0;1525;0
SMURSAMU;2014;490000635;490000676;1;1;0;0;0;;0;0;168;168;0;;2;;;1028;46;0;0;0;0;1074;482;143;39;3;297;546;60;97;393;153;;;;;;;;;;;;;;;
SMURSAMU;2014;490001765;490528452;1;1;0;0;0;;0;0;168;168;168;1;2;;;783;24;;;;;807;271;112;4;33;114;619;45;209;395;224;;;;;;;;;;;;;;;
SMURSAMU;2014;500000021;500000054;1;1;0;0;0;;0;0;168;168;0;;1;;;461;24;;3;2;;490;186;90;;21;66;278;32;104;244;34;;;;;;;;;;;;;;;
SMURSAMU;2014;500000187;500000013;1;1;0;0;0;500000013;0;0;168;168;168;;2;;;696;307;;;;;1003;261;138;6;17;87;520;54;148;478;42;;;;;;;;;;;;;;;
SMURSAMU;2014;500000260;500000054;1;1;0;0;0;;0;0;336;168;36;1;1;;;401;704;;15;35;;1155;138;75;3;14;46;256;14;70;221;35;;;;;;;;;;;;;;;
SMURSAMU;2014;500000427;500000096;1;1;0;0;0;500000096;0;0;1582;1582;0;;1;;;202;22;;;;;224;73;38;3;8;24;130;8;26;30;100;;;;;;;;;;;;;;;
SMURSAMU;2014;500000450;500000112;1;1;0;0;0;500000112;0;1;336;168;0;6;0;0;0;642;153;;14;8;0;817;273;105;8;2;85;428;;;311;117;87901;76057;69421;50702;49447;9800;168;168;52;316;1;0;54;1895;0
SMURSAMU;2014;500000468;500000013;1;1;0;0;0;500000013;;0;168;168;0;;2;;;502;40;;;;;542;194;88;4;19;71;379;43;103;330;49;;;;;;;;;;;;;;;
SMURSAMU;2014;500000591;500000393;1;1;0;0;0;500000393;0;0;168;168;0;;;;;534;31;;14;0;0;579;225;80;27;18;98;360;;;134;226;;;;;;;;;;;;;;;
SMURSAMU;2014;510000169;510000037;1;1;0;0;0;510000037;0;0;168;277;254;3;0;0;0;662;128;51;0;0;0;790;194;88;6;38;62;446;43;71;410;36;;;;;;;;;;;;;;;
SMURSAMU;2014;510000235;510000060;1;1;0;0;0;510000060;0;0;168;168;168;1;1;0;0;667;22;;0;0;0;689;118;79;0;70;57;462;33;132;366;96;;;;;;;;;;;;;;;
SMURSAMU;2014;510000250;510000078;1;1;0;0;0;;0;0;168;168;77;;1;;;395;25;0;0;0;0;420;76;41;0;35;0;319;37;106;284;35;;;;;;;;;;;;;;;
SMURSAMU;2014;510004302;510000029;1;1;0;1;0;;0;1;504;504;420;3;2;0;0;1715;1111;0;44;303;0;3173;518;215;6;115;182;1266;149;257;1026;240;222627;195115;188190;91468;79120;23865;296;168;128;444;1;0;0;1936;0
SMURSAMU;2014;510023914;510000037;1;0;0;0;1;510000037;0;0;168;169;45;2;0;0;0;124;16;0;0;0;0;140;28;4;15;3;6;95;7;21;87;8;;;;;;;;;;;;;;;
SMURSAMU;2014;510023922;100006279;1;0;0;0;1;100006279;0;0;168;168;110;;1;;;294;29;;;;;323;142;36;1;73;142;275;27;77;85;190;;;;;;;;;;;;;;;
SMURSAMU;2014;520000027;520780032;1;1;0;0;0;520780032;0;1;44;262;195;2;2;0;0;1196;492;0;0;0;0;1688;466;110;11;107;224;1059;;;847;212;79230;79230;79230;32752;32752;0;44;33;0;168;0;0;0;1342;0
SMURSAMU;2014;520000043;520780057;1;1;0;0;0;520780057;0;0;168;168;0;;1;;;664;13;0;0;0;0;677;482;81;4;62;320;182;14;57;124;58;;;;;;;;;;;;;;;
SMURSAMU;2014;520000068;520780073;1;1;0;0;0;;0;0;168;168;168;;1;;;812;;;;;;812;436;86;12;74;264;346;27;82;285;61;;;;;;;;;;;;;;;
SMURSAMU;2014;530000017;530000025;1;1;0;0;0;;0;0;168;168;168;0;1;0;0;552;29;0;1;0;0;582;213;55;3;17;138;372;73;168;162;210;;;;;;;;;;;;;;;
SMURSAMU;2014;530000173;530000074;1;1;0;0;0;;0;0;168;168;168;0;0;0;0;551;33;;;;;584;125;83;6;17;347;501;;;347;154;;;;;;;;;;;;;;;
SMURSAMU;2014;530000264;530000371;1;1;0;0;0;530000371;0;1;168;182;84;1;2;1;;1005;471;;6;28;;1510;517;124;10;70;313;558;56;95;529;29;117036;;;109619;67974;37125;297;169;128;339;1;1;0;337;0
SMURSAMU;2014;540000015;540023264;1;0;0;1;0;;0;0;0;4;0;;;;;0;386;176;;0;;386;;;;;;;;;;;;;;;;;;;;;;;;;
SMURSAMU;2014;540000023;540000049;1;1;0;0;0;;0;0;168;168;168;0;1;0;0;494;16;0;;;;510;78;21;4;8;45;432;;;203;229;;;;;;;;;;;;;;;
SMURSAMU;2014;540000155;540000080;1;1;0;0;0;;0;0;168;168;168;0;1;0;0;589;46;0;;;;635;228;57;1;17;153;361;21;95;206;155;;;;;;;;;;;;;;;
SMURSAMU;2014;540000296;540000106;1;1;0;0;0;;0;0;168;168;168;1;;;;418;;;;;;418;71;33;2;16;20;347;17;108;139;208;;;;;;;;;;;;;;;
SMURSAMU;2014;540001070;540000767;1;1;0;0;0;;0;0;336;123;168;2;;;;537;71;;9;5;;622;86;66;16;4;0;449;30;104;297;152;;;;;;;;;;;;;;;
SMURSAMU;2014;540001096;570010181;1;1;0;0;0;;0;0;168;168;168;;1;;;752;199;0;8;6;0;965;134;91;5;36;111;601;;;370;231;;;;;;;;;;;;;;;
SMURSAMU;2014;540001138;540023264;1;1;0;0;0;;0;1;441;565;533;1;3;1;0;2703;2392;1214;166;359;0;5620;269;150;21;89;222;2032;191;381;1523;509;295727;249319;239926;137329;110156;27173;412;336;76;630;1;1;20;4572;0
SMURSAMU;2014;540002698;540023264;1;0;0;1;0;;0;0;168;168;0;0;0;0;0;0;82;;;20;;102;;;;;;;;;;;;;;;;;;;;;;;;;
SMURSAMU;2014;550000012;550006795;1;1;0;0;0;;0;1;168;168;168;;2;;;798;65;57;9;33;;905;112;74;6;32;;711;;;639;72;79842;79842;79842;42009;35881;6218;168;0;20;336;1;1;23;1275;0
SMURSAMU;2014;550000434;550003354;1;1;0;0;0;;0;0;168;168;168;0;2;0;0;476;138;0;0;0;0;614;73;33;13;10;17;403;34;80;201;202;;;;;;;;;;;;;;;
SMURSAMU;2014;560000127;560023210;1;1;0;0;0;560023210;0;1;406;168;336;2;2;0;0;1184;694;327;191;61;0;2130;515;149;1;43;321;788;;;708;80;301421;261072;228960;122565;110239;34090;241;168;73;634;1;1;0;1328;0
SMURSAMU;2014;560000135;560005746;1;1;0;0;0;560005746;0;0;168;168;168;2;;;;958;58;;88;11;1;1116;201;145;27;29;;732;50;109;698;34;;;;;;;;;;;;;;;
SMURSAMU;2014;560000143;560014748;1;1;0;0;0;560000143;0;0;252;252;252;1;2;0;0;796;68;;0;0;;864;232;94;29;7;102;564;54;181;446;118;;;;;;;;;;;;;;;
SMURSAMU;2014;560000192;560000044;1;1;0;0;0;;0;0;168;168;168;;1;;;395;16;;6;;;417;81;63;1;14;3;320;24;81;240;80;;;;;;;;;;;;;;;
SMURSAMU;2014;560000200;560023210;1;1;0;0;0;560023210;0;0;168;168;168;0;1;0;0;788;7;0;15;0;0;810;399;86;0;39;274;389;;;381;8;;;;;;;;;;;;;;;
SMURSAMU;2014;570000059;570025254;1;1;0;0;0;570025254;0;0;336;336;336;2;;;;1335;387;;;;;1722;509;183;7;76;249;777;33;132;438;339;;;;;;;;;;;;;;;
SMURSAMU;2014;570000117;570015099;1;1;0;0;0;;0;0;168;168;168;1;1;;;496;200;;;;;696;90;69;;19;;407;22;130;304;103;;;;;;;;;;;;;;;
SMURSAMU;2014;570000349;570005165;1;1;0;0;0;;0;0;336;336;1008;0;0;0;0;1895;1000;;0;0;0;2895;512;230;;53;229;1218;57;241;908;310;;;;;;;;;;;;;;;
SMURSAMU;2014;570000661;570000158;1;0;0;0;1;570000158;0;0;168;170;168;1;1;;;280;53;;;;;333;40;34;1;5;0;240;12;69;199;41;;;;;;;;;;;;;;;
SMURSAMU;2014;570000901;570000158;1;1;0;0;0;570000158;0;0;168;175;175;1;2;;;531;141;;;;;672;95;78;3;14;0;436;15;114;388;48;;;;;;;;;;;;;;;
SMURSAMU;2014;570026682;570005165;1;1;0;0;0;;0;1;336;357;672;0;0;0;0;2329;499;36;0;0;0;2828;373;277;0;96;0;1956;92;353;1599;357;605086;456678;;250858;234716;35275;554;276;110;950;1;1;0;10819;0
SMURSAMU;2014;580972669;580780070;1;1;0;0;0;;0;0;168;168;168;;1;;;488;7;;;;;495;221;54;6;35;127;235;10;49;146;89;;;;;;;;;;;;;;;
SMURSAMU;2014;580972677;580780088;1;1;0;0;0;580780088;0;0;168;420;0;0;1;0;0;615;15;;;0;0;630;145;77;1;67;247;473;22;50;300;173;;;;;;;;;;;;;;;
SMURSAMU;2014;580972685;580780096;1;1;0;0;0;;0;0;168;77;91;;1;;;489;2;;;;;491;;65;3;47;143;357;19;127;294;63;;;;;;;;;;;;;;;
SMURSAMU;2014;580972693;580780039;1;1;0;0;0;;0;1;238;168;308;2;2;;;1670;672;;;;;2342;347;193;21;120;;1352;;;1304;48;87534;75927;72147;53383;50712;11084;168;;48;252;1;0;;1339;0
SMURSAMU;2014;590000337;590781415;1;1;0;0;0;;0;0;336;347;347;0;3;0;0;3057;142;0;0;0;0;3199;1422;238;21;203;960;1688;;;1593;95;;;;;;;;;;;;;;;
SMURSAMU;2014;590000428;590781605;1;1;0;0;0;;0;0;168;168;168;;;;;1773;42;;;;;1815;;154;275;102;426;924;;;610;314;;;;;;;;;;;;;;;
SMURSAMU;2014;590000469;590781662;1;1;0;0;0;;0;0;168;168;168;0;1;0;0;600;22;0;;;;622;78;59;0;16;150;539;46;154;394;145;;;;;;;;;;;;;;;
SMURSAMU;2014;590000535;590781803;1;1;0;0;0;590781803;0;0;336;336;336;1;2;;;2359;322;;;;;2681;734;152;367;57;158;1145;107;379;1089;56;;;;;;;;;;;;;;;
SMURSAMU;2014;590000618;590782215;1;1;0;0;0;590782215;0;0;336;336;336;1;3;0;0;4648;854;0;0;0;0;5502;1011;373;341;0;0;3635;0;0;2730;905;;;;;;;;;;;;;;;
SMURSAMU;2014;590000758;590782637;1;1;0;0;0;;0;0;168;168;168;;2;;;1736;91;;;;;1827;655;139;15;54;440;1147;;;544;603;;;;;;;;;;;;;;;
SMURSAMU;2014;590001004;590783239;1;1;0;0;0;590783239;0;0;168;168;168;;2;;;2294;107;;;;;2401;;200;15;132;597;1667;;;1346;321;;;;;;;;;;;;;;;
SMURSAMU;2014;590796975;590780193;1;1;0;1;0;;0;1;742;742;672;8;8;1;;7014;4767;;68;502;;12351;3325;627;101;419;2178;6309;313;379;3569;2740;992031;937315;;387537;288670;98867;604;604;212;1828;1;1;;4821;0
SMURSAMU;2014;590801106;590782421;1;1;0;0;0;590782421;0;0;168;;;;;;;2529;98;;;;;2627;961;131;19;168;506;2173;163;394;1573;600;;;;;;;;;;;;;;;
SMURSAMU;2014;590804696;590781902;1;1;0;0;0;590781902;0;0;168;168;168;;2;;;2163;29;;;;;2192;984;125;14;124;984;1179;68;253;589;590;;;;;;;;;;;;;;;
SMURSAMU;2014;600000053;600101984;1;1;0;0;0;;0;0;202;155;136;1;1;;;1289;284;;;;;1573;621;128;19;86;366;668;44;160;514;154;;;;;;;;;;;;;;;
SMURSAMU;2014;600000186;600100648;1;1;0;0;0;;0;0;168;168;168;1;1;0;0;961;145;0;5;2;;1113;548;92;5;71;380;963;127;131;273;690;;;;;;;;;;;;;;;
SMURSAMU;2014;600000194;600100713;1;1;0;0;0;;0;1;336;432;420;3;2;;;2342;516;174;6;1;;2865;618;224;28;70;296;2038;116;325;1599;439;394714;385635;364636;161862;128644;22934;354;266;88;639;1;0;14;15301;0
SMURSAMU;2014;600000285;600100721;1;1;0;0;0;;0;0;35;35;35;1;1;;;692;135;;;;;827;217;62;1;;;337;;;337;;;;;;;;;;;;;;;;
SMURSAMU;2014;600000467;600101984;1;1;0;0;0;;0;0;202;166;310;2;1;;;1421;275;;;;;1696;668;119;13;113;389;753;64;143;699;54;;;;;;;;;;;;;;;
SMURSAMU;2014;600113476;600100721;1;1;0;0;0;600100721;0;0;357;421;421;3;2;;;1597;316;56;;;;1913;832;156;12;89;575;723;106;295;661;62;;;;;;;;;;;;;;;
SMURSAMU;2014;610000044;610780074;1;1;0;0;0;;0;0;168;84;120;1;1;;;641;;;;;;641;326;101;5;127;180;333;29;89;269;64;;;;;;;;;;;;;;;
SMURSAMU;2014;610000051;610780082;1;1;0;0;0;;0;1;336;168;336;2;3;1;0;1247;705;0;78;428;0;2458;284;115;15;87;114;1048;106;250;906;142;279347;279347;;74058;73268;21784;168;;108;437;1;0;0;1193;0
SMURSAMU;2014;610000069;610780090;1;1;0;0;0;;0;0;168;168;168;3;2;;;693;130;;;;;823;113;75;15;16;7;580;;;564;16;;;;;;;;;;;;;;;
SMURSAMU;2014;610000077;610780124;1;1;0;0;0;;0;0;168;168;168;;1;;;455;5;;;;;460;111;18;1;11;81;260;8;77;219;41;;;;;;;;;;;;;;;
SMURSAMU;2014;610000119;610780165;1;1;0;0;0;;0;0;168;168;168;2;2;;;676;57;50;;;;733;135;88;47;;;;;;;;;;;;;;;;;;;;;;
SMURSAMU;2014;610780108;610790594;1;0;0;0;1;610790594;0;0;168;168;168;0;1;0;0;297;3;0;0;0;0;300;71;26;2;11;;274;18;79;28;246;;;;;;;;;;;;;;;
SMURSAMU;2014;610780116;610790594;1;1;0;0;0;;0;0;133;168;168;;1;;;384;35;0;0;0;0;419;90;42;4;8;36;334;18;99;190;144;;;;;;;;;;;;;;;
SMURSAMU;2014;620000034;620100057;1;1;0;0;0;620000034;0;1;504;504;504;4;4;0;0;3302;3844;715;113;546;0;7805;2265;307;68;859;1031;2705;222;488;1697;1008;704887;648703;;269832;182882;0;454;240;214;1109;0;1;0;5642;0
SMURSAMU;2014;620000224;620100651;1;1;0;0;0;;0;0;113;;;1;3;;;2525;73;;;;;2598;982;256;158;8;460;2073;196;441;1330;743;;;;;;;;;;;;;;;
SMURSAMU;2014;620000257;620100685;1;1;0;0;0;;0;0;286;532;359;2;3;;;4038;131;47;0;0;;4169;1425;341;23;587;1425;1967;489;1040;1223;744;;;;;;;;;;;;;;;
SMURSAMU;2014;620000323;620101337;1;1;0;0;0;;0;0;168;;;;;;;1558;211;;;;;1769;;116;114;;1299;1456;201;294;1303;153;;;;;;;;;;;;;;;
SMURSAMU;2014;620000349;620101360;1;1;0;0;0;620101360;0;0;168;168;168;;2;;;1498;25;;;;;1523;;;;;;;;;;;;;;;;;;;;;;;;;
SMURSAMU;2014;620000653;620103440;1;1;0;0;0;620000653;0;0;168;168;0;;2;;;1566;0;0;6;0;;1572;666;158;116;265;320;1221;0;0;1027;194;;;;;;;;;;;;;;;
SMURSAMU;2014;620003202;620103432;1;1;0;0;0;;0;0;168;168;168;0;1;0;0;1408;73;0;0;0;0;1481;640;121;1;108;411;722;48;164;515;207;;;;;;;;;;;;;;;
SMURSAMU;2014;630000404;630780989;1;1;0;0;0;630780989;0;1;411;336;564;4;3;0;0;5007;2701;77;154;139;0;8001;774;226;7;389;151;5567;751;1115;4573;994;300000;;;163423;118648;44775;405;168;237;540;1;0;3;944;1
SMURSAMU;2014;630000412;630780997;1;1;0;0;0;;0;0;168;40;168;0;1;0;0;377;14;0;0;0;0;391;155;48;0;39;64;241;15;63;117;124;;;;;;;;;;;;;;;
SMURSAMU;2014;630000420;630781003;1;1;0;0;0;;0;0;336;331;168;0;1;0;0;766;47;;;0;0;813;408;65;;108;235;406;;;381;25;;;;;;;;;;;;;;;
SMURSAMU;2014;630000438;630781011;1;1;0;0;0;630781011;0;0;168;168;168;0;1;0;0;1293;0;;7;;;1300;436;98;6;233;67;864;;;420;444;;;;;;;;;;;;;;;
SMURSAMU;2014;630000446;630781029;1;1;0;0;0;630781029;0;0;168;168;168;0;1;0;0;834;20;;0;0;0;854;323;88;2;139;94;565;;;349;216;;;;;;;;;;;;;;;
SMURSAMU;2014;640000162;640780417;1;1;0;0;0;;0;1;252;252;168;3;3;1;0;2403;705;28;219;346;3;3676;998;319;25;404;250;2815;360;600;2072;743;176548;176548;;77588;67957;23360;236;168;68;392;1;0;0;240;0
SMURSAMU;2014;640000402;640780813;1;1;0;0;0;640780813;0;0;168;168;168;0;1;0;0;440;9;0;0;0;0;449;107;56;7;25;109;257;24;107;126;131;;;;;;;;;;;;;;;
SMURSAMU;2014;640000410;640780821;1;1;0;0;0;;0;0;98;162;168;2;0;0;0;471;3;0;59;0;0;533;139;41;0;18;79;384;47;126;277;107;;;;;;;;;;;;;;;
SMURSAMU;2014;640000600;640781290;1;1;0;0;0;;0;1;336;336;588;2;3;0;0;2047;508;53;143;119;0;2817;693;205;7;159;322;1603;203;496;1308;295;;123896;;95162;66427;19308;216;168;48;444;1;0;1;572;0
SMURSAMU;2014;650000045;650780158;1;1;0;0;0;;0;0;168;168;0;;;;;514;7;;;;;521;234;44;5;32;153;259;15;56;215;44;;;;;;;;;;;;;;;
SMURSAMU;2014;650000417;650783160;1;1;0;0;0;;0;1;574;168;672;3;3;0;0;2120;867;0;468;12;;3467;876;210;13;172;391;1797;140;396;1295;502;109948;96143;87747;52681;49225;8910;208;168;20;360;1;1;0;1505;0
SMURSAMU;2014;650784218;650780174;1;1;0;0;0;;0;0;168;504;168;;1;;;470;;;;;;470;160;27;;49;78;282;15;79;204;78;;;;;;;;;;;;;;;
SMURSAMU;2014;660000084;660780180;1;1;0;0;0;;0;0;672;173;336;1;7;1;0;4275;1893;;691;333;;7192;772;51;9;339;380;3868;188;659;2741;1127;;;;;;;;;;;;;;;
SMURSAMU;2014;660008947;660780180;0;;;;;;0;1;;;;;;;;;;;;;;;;;;;;;;;;;304873;210216;206296;136360;107734;32412;284;168;116;840;1;0;21;1979;1
SMURSAMU;2014;670000025;670780055;1;1;0;0;0;;0;1;784;667;667;4;5;0;0;7952;1279;;779;221;0;10231;4743;538;75;997;3133;3667;309;3363;3311;356;;;;245962;151937;46343;336;336;132;756;1;1;0;5932;0
SMURSAMU;2014;670000157;670780337;1;1;0;0;0;670780337;0;0;168;168;168;1;1;;;1442;202;;;;;1644;1147;2;0;244;901;1209;117;375;981;228;;;;;;;;;;;;;;;
SMURSAMU;2014;670000165;670780345;1;1;0;0;0;;0;0;168;168;168;1;1;;;1014;178;;;;;1192;327;78;5;65;179;687;;;499;188;;;;;;;;;;;;;;;
SMURSAMU;2014;670000272;670780543;1;1;0;0;0;;0;0;168;168;0;0;1;0;0;743;89;0;0;0;0;832;300;48;38;34;182;442;29;120;276;166;;;;;;;;;;;;;;;
SMURSAMU;2014;670000397;670780691;1;1;0;0;0;;0;0;172;172;172;0;0;0;0;1079;188;0;0;0;0;1267;602;64;10;130;398;641;24;158;368;273;;;;;;;;;;;;;;;
SMURSAMU;2014;670783273;670780055;1;0;0;1;0;;0;0;113;96;;;;;;;618;265;;19;;637;;;;;;;;;;;;;;;;;;;;;;;;;
SMURSAMU;2014;680000684;680000973;1;1;0;0;0;;0;0;336;336;336;;;;;1795;916;;;;;2711;1005;159;7;150;689;1479;25;44;1267;212;;;;;;;;;;;;;;;
SMURSAMU;2014;680004546;680000486;1;1;0;0;0;680000486;0;1;336;504;504;;1;;;3403;718;209;355;282;;4758;1945;434;39;236;1236;3066;337;705;1646;1420;279577;272254;271807;134716;120914;35405;272;208;64;588;1;0;0;3270;0
SMURSAMU;2014;690000575;690782222;1;1;0;0;0;;0;0;48;35;35;;;;;1490;32;;;;;1522;199;146;33;;;1216;139;234;1050;166;;;;;;;;;;;;;;;
SMURSAMU;2014;690000625;690782271;1;1;0;0;0;;0;0;34;67;0;;2;;;481;80;0;0;0;0;561;92;49;0;13;30;389;64;78;122;267;;;;;;;;;;;;;;;
SMURSAMU;2014;690783154;690781810;1;1;0;0;1;690781810;0;1;816;568;792;6;4;3;;5483;2722;0;721;586;0;9512;1794;446;7;122;1229;3796;495;630;1145;2651;474333;381593;349020;314202;270898;107420;731;336;395;1536;1;1;0;1747;0
SMURSAMU;2014;690784137;690781810;1;0;0;0;1;690781810;0;0;336;168;336;2;1;0;0;2781;1190;0;5;8;0;3984;653;244;3;41;365;2398;218;359;798;1600;;;;;;;;;;;;;;;
SMURSAMU;2014;690784152;690781810;1;1;0;0;0;690781810;0;0;84;84;84;0;1;0;0;1373;22;0;3;0;0;1398;475;132;12;58;272;879;125;205;226;653;;;;;;;;;;;;;;;
SMURSAMU;2014;700000011;700780026;1;1;0;0;0;;0;0;168;168;168;;1;;;601;215;;0;0;;816;156;37;1;37;77;431;;;305;126;;;;;;;;;;;;;;;
SMURSAMU;2014;700000029;700004591;1;1;0;0;0;;0;0;218;168;168;1;2;;;1221;123;;30;;;1374;517;100;26;47;344;876;109;167;767;109;;;;;;;;;;;;;;;
SMURSAMU;2014;700780059;700004591;1;1;0;0;0;;0;0;70;70;0;;1;;;313;64;;18;4;;399;132;25;9;7;91;223;20;47;46;177;;;;;;;;;;;;;;;
SMURSAMU;2014;700780208;700004591;1;1;0;0;0;;0;0;168;168;0;;1;;;791;116;;19;;;926;380;47;15;50;268;524;39;97;61;463;;;;;;;;;;;;;;;
SMURSAMU;2014;710010067;710780644;1;1;0;0;0;710010067;0;0;168;168;203;;2;;;709;35;;;;;744;264;79;36;14;120;450;;;339;111;;;;;;;;;;;;;;;
SMURSAMU;2014;710010786;710781451;1;1;0;0;0;710010786;0;0;156;232;0;;1;;;505;22;;;;;527;;;;;;;;;;;;;;;;;;;;;;;;;
SMURSAMU;2014;710978263;710780958;1;1;0;0;0;710780958;0;1;376;376;376;3;3;;;1868;1153;62;100;457;;3578;666;222;45;224;175;1491;118;285;1088;403;223281;181440;177413;134481;96535;41337;282;168;114;452;1;0;21;1150;0
SMURSAMU;2014;710978289;710780263;1;1;0;0;0;;0;0;168;168;168;0;2;0;0;1306;12;;;;;1318;210;119;4;76;4;1149;82;240;1094;55;;;;;;;;;;;;;;;
SMURSAMU;2014;710978313;710976705;1;1;0;0;0;;0;0;168;168;168;1;;;;645;14;11;;;;659;204;93;111;;;515;28;168;447;68;;;;;;;;;;;;;;;
SMURSAMU;2014;710978347;710781204;1;1;0;0;0;710978347;0;0;168;168;0;;1;;;585;17;;;;;602;313;73;11;53;176;468;23;132;399;69;;;;;;;;;;;;;;;
SMURSAMU;2014;720000033;720000025;1;1;0;0;0;720000025;0;1;336;336;336;3;2;0;0;2409;733;73;0;5;0;3147;843;372;34;74;843;1086;84;132;958;128;328297;252321;75976;124597;95943;25393;168;168;65;434;1;0;0;476;0
SMURSAMU;2014;720000470;610780082;1;0;0;0;1;;0;0;56;168;168;0;1;0;0;284;;;;;;284;78;32;3;8;39;207;18;54;98;109;;;;;;;;;;;;;;;
SMURSAMU;2014;720016179;720016724;1;1;0;0;0;;0;0;168;168;0;0;1;0;0;461;163;;;;;624;211;74;0;24;109;355;33;101;198;157;;;;;;;;;;;;;;;
SMURSAMU;2014;730000031;730000015;1;1;0;0;0;;0;1;168;168;168;2;3;0;0;1862;1098;645;2;17;;2979;401;166;4;136;83;1004;114;453;921;83;168734;157457;141983;101936;71860;30156;330;180;130;672;1;0;43;870;0
SMURSAMU;2014;730000049;730002839;1;1;0;0;0;;0;0;168;183;0;;1;;;264;37;;581;34;;916;85;36;7;25;17;766;144;74;292;474;;;;;;;;;;;;;;;
SMURSAMU;2014;730000080;730780103;1;1;0;0;0;;0;0;672;504;0;;;;;356;1;0;511;26;0;894;103;67;0;36;0;707;80;59;415;292;;;;;;;;;;;;;;;
SMURSAMU;2014;730000247;730780525;1;1;0;0;0;;0;0;168;168;0;;;;;162;14;;;;;176;40;16;2;20;2;139;9;8;109;30;;;;;;;;;;;;;;;
SMURSAMU;2014;730000262;730002839;1;1;0;0;0;;0;0;168;168;0;;1;;;453;8;;;;;461;145;65;10;26;37;310;28;71;249;61;;;;;;;;;;;;;;;
SMURSAMU;2014;730010477;730780103;1;0;0;0;1;730780103;0;0;336;0;0;;;;;104;0;;511;26;0;641;;34;;15;;526;67;13;264;262;;;;;;;;;;;;;;;
SMURSAMU;2014;730010485;730000015;1;0;0;0;1;730000015;0;0;168;72;72;1;1;0;0;843;282;0;1;0;0;1126;216;84;1;79;47;627;61;182;94;533;;;;;;;;;;;;;;;
SMURSAMU;2014;740000237;740781133;1;1;0;0;0;;0;1;355;350;336;2;1;;;2884;327;8;240;64;0;3515;1465;308;0;491;666;1657;136;267;1544;113;279578;279578;279578;147877;125618;51919;369;225;144;701;1;0;21;1778;1
SMURSAMU;2014;740000302;740781133;1;1;0;0;0;;0;0;168;80;140;;2;;;971;36;;;;;1007;277;101;4;60;307;469;41;66;214;255;;;;;;;;;;;;;;;
SMURSAMU;2014;740000328;740790381;1;1;0;0;0;;0;0;168;168;0;0;2;0;0;1075;25;;;;;1100;345;125;3;91;126;730;73;102;637;93;;;;;;;;;;;;;;;
SMURSAMU;2014;740781141;740790258;1;1;0;0;0;;0;0;252;252;252;2;2;;;1811;197;;9;;;2017;952;156;;221;575;784;62;121;619;165;;;;;;;;;;;;;;;
SMURSAMU;2014;740781166;740001839;1;0;0;0;1;740001839;0;0;198;112;0;0;1;0;0;173;2;;422;23;;620;50;34;16;;;545;;;468;77;;;;;;;;;;;;;;;
SMURSAMU;2014;740781224;740001839;1;1;0;0;0;;0;0;168;168;0;0;2;0;0;818;122;;;;;940;173;112;61;;;645;;;472;173;;;;;;;;;;;;;;;
SMURSAMU;2014;750100018;750712184;1;1;0;0;0;;0;0;168;168;168;1;;;;1817;150;;;;;1967;926;95;20;73;788;859;28;153;783;76;;;;;;;;;;;;;;;
SMURSAMU;2014;750100042;750712184;1;1;0;0;0;;0;0;201;420;201;1;;;;2153;114;0;0;0;0;2267;1063;142;29;175;676;1090;28;188;604;486;;;;;;;;;;;;;;;
SMURSAMU;2014;750100125;750712184;1;1;0;0;0;;0;0;403;252;423;2;;;;2924;320;;;;;3244;;147;980;;;1797;;;1689;108;;;;;;;;;;;;;;;
SMURSAMU;2014;750100208;750712184;1;1;0;1;0;750100208;0;1;740;773;773;6;4;0;0;6281;1968;313;33;9;;8291;3190;327;14;353;2077;3117;353;663;299;2818;817151;388084;222994;310829;268122;42707;740;600;140;912;1;0;0;;0
SMURSAMU;2014;750803454;750712184;1;0;0;1;0;;0;0;245;170;172;2;0;0;0;547;813;0;0;5;0;1365;165;2;0;41;122;382;380;0;236;146;;;;;;;;;;;;;;;
SMURSAMU;2014;760000018;760780023;1;1;0;0;0;;0;0;168;177;175;1;;;;796;22;0;0;0;0;818;520;130;165;35;190;634;47;57;515;119;;;;;;;;;;;;;;;
SMURSAMU;2014;760000158;760780239;1;1;0;0;0;760000158;0;1;504;464;1032;4;4;1;0;3869;1929;82;80;120;0;5998;1272;470;27;127;648;3940;337;599;2621;1319;334738;325735;323154;164132;150619;59837;329;218;111;732;1;1;0;2557;0
SMURSAMU;2014;760000364;760780734;1;1;0;0;0;;0;0;40;175;171;;;;;928;;;;;;928;;103;66;861;;;;;;;;;;;;;;;;;;;;;
SMURSAMU;2014;760000372;760780742;1;1;0;0;0;760780742;0;0;168;168;70;0;0;0;0;862;0;0;0;0;0;862;315;90;1;38;190;546;34;141;224;322;;;;;;;;;;;;;;;
SMURSAMU;2014;760000463;760024042;1;1;0;0;0;;0;0;216;228;228;0;2;0;0;1212;99;;;;;1311;241;141;7;93;;934;157;210;659;275;;;;;;;;;;;;;;;
SMURSAMU;2014;760026252;760780023;1;0;0;0;1;760780023;0;0;168;177;0;1;;;;574;22;0;0;0;0;596;401;79;122;43;157;447;41;49;12;435;;;;;;;;;;;;;;;
SMURSAMU;2014;760805770;760780726;1;1;0;0;0;760780726;0;1;504;960;384;4;3;0;0;4284;897;135;211;246;11;5649;1076;288;20;647;121;3249;181;688;2519;730;218990;214113;161647;105535;104942;24364;225;168;57;368;1;1;0;280;0
SMURSAMU;2014;770000131;770110013;1;1;0;0;0;;0;0;168;168;168;;2;;;1059;;;;;;1059;464;99;5;53;307;911;;;618;293;;;;;;;;;;;;;;;
SMURSAMU;2014;770000149;770110021;1;1;0;0;0;;0;0;168;168;0;0;3;0;0;1042;8;0;1;0;0;1051;471;99;18;60;294;580;;;290;290;;;;;;;;;;;;;;;
SMURSAMU;2014;770000156;770110054;1;1;0;0;0;;0;1;406;418;426;3;7;;;3777;1335;;36;60;;5208;1923;249;10;277;1037;1857;184;331;1110;747;385930;254355;195319;192810;181548;42426;;336;196;878;1;0;0;6410;
SMURSAMU;2014;770000164;770110062;1;1;0;0;0;;0;0;168;168;168;;2;;;735;;;;;;735;;;;;;;;;;;;;;;;;;;;;;;;;
SMURSAMU;2014;770000172;770110070;1;1;0;0;0;770110070;0;0;336;336;336;3;1;;;947;283;;14;16;;1260;458;94;7;86;271;802;101;346;590;212;;;;;;;;;;;;;;;
SMURSAMU;2014;770000214;770130052;1;1;0;0;0;770000214;0;0;168;168;168;;1;;;817;;;;;;817;392;89;2;79;222;653;48;285;218;435;;;;;;;;;;;;;;;
SMURSAMU;2014;770000446;770700185;1;1;0;0;0;;0;0;336;174;49;2;3;0;0;2463;602;;;;;3065;1356;181;60;125;943;;;;;;;;;;;;;;;;;;;;
SMURSAMU;2014;770019032;770170017;1;1;0;0;0;;0;0;379;379;336;3;3;0;0;3614;520;;31;;;4165;1569;30;33;324;1182;1708;296;475;1468;240;;;;;;;;;;;;;;;
SMURSAMU;2014;780000287;780110011;1;1;0;0;0;;0;0;180;180;180;1;1;;;1291;21;;11;;;1323;485;140;;134;317;862;81;182;520;342;;;;;;;;;;;;;;;
SMURSAMU;2014;780000311;780001236;1;1;0;0;0;780001236;0;0;336;228;336;;;;;2564;678;;;8;;3250;851;221;41;70;519;2232;318;681;1430;802;;;;;;;;;;;;;;;
SMURSAMU;2014;780000329;780110052;1;1;0;0;0;;0;0;168;168;0;;;;;763;0;0;8;0;0;771;245;68;7;31;139;657;;;368;289;;;;;;;;;;;;;;;
SMURSAMU;2014;780000337;780001236;1;1;0;0;0;;0;0;168;168;168;0;0;0;0;1614;4;;;;;1618;630;160;8;100;362;1346;104;467;668;678;;;;;;;;;;;;;;;
SMURSAMU;2014;780800256;780110078;1;1;0;0;0;780110078;0;1;761;462;732;4;5;0;0;4716;1098;0;8;9;0;5831;1858;343;41;501;973;2866;273;613;1627;1239;632593;585614;570717;456085;200686;0;797;0;0;1130;1;0;0;1283;0
SMURSAMU;2014;790000087;790000012;1;1;0;0;0;;0;1;336;252;420;3;2;0;0;2370;1471;;68;337;0;4246;532;265;21;242;4;1987;158;375;1729;258;161343;149910;109533;113533;82001;28369;270;168;108;442;1;0;0;312;0
SMURSAMU;2014;790000095;790006654;1;1;0;0;0;790000012;0;0;168;168;168;0;1;0;0;484;147;0;0;0;0;631;262;76;4;60;133;227;17;50;144;83;;;;;;;;;;;;;;;
SMURSAMU;2014;790000103;790006654;1;1;0;0;0;790000012;0;0;168;168;168;0;1;0;0;497;147;;;;;644;195;62;1;62;70;372;80;108;176;196;;;;;;;;;;;;;;;
SMURSAMU;2014;790003537;790006654;1;1;0;0;0;;0;0;168;168;168;0;1;0;0;528;78;0;0;0;0;606;224;77;2;63;86;398;48;92;303;95;;;;;;;;;;;;;;;
SMURSAMU;2014;800000143;800000028;1;1;0;0;0;800000028;0;0;336;336;336;2;3;0;0;1900;106;12;0;0;0;2006;837;172;7;147;460;1116;101;192;955;161;;;;;;;;;;;;;;;
SMURSAMU;2014;800000226;800000069;1;1;0;0;0;;0;0;168;168;168;1;1;;;628;0;;;;;628;322;48;6;75;193;306;63;230;102;204;;;;;;;;;;;;;;;
SMURSAMU;2014;800000390;800000085;1;1;0;0;0;;0;0;168;168;168;1;1;;;896;1;0;0;0;0;897;454;69;9;49;327;445;38;64;114;331;;;;;;;;;;;;;;;
SMURSAMU;2014;800000432;800000093;1;1;0;0;0;;0;0;168;175;175;1;1;;;822;;;;;;822;377;56;4;69;248;725;68;90;355;370;;;;;;;;;;;;;;;
SMURSAMU;2014;800006124;800000044;1;1;0;1;0;800000044;0;1;290;708;450;4;3;2;0;3658;2675;1050;236;440;;7009;563;268;33;237;0;3071;376;478;2632;439;402325;254228;246824;117966;108300;22945;185;185;100;600;1;1;64;3876;0
SMURSAMU;2014;810000505;810000331;1;1;0;0;0;;0;1;336;168;336;1;2;0;0;1805;528;;;;;2333;963;170;6;174;613;1398;;;736;662;152990;145330;135370;94114;66633;27481;324;168;156;384;1;1;0;3370;0
SMURSAMU;2014;810000521;810000380;1;1;0;0;0;;0;0;505;336;336;1;3;;;1322;379;60;;;;1701;231;126;1;74;227;1091;135;349;879;212;;;;;;;;;;;;;;;
SMURSAMU;2014;810000562;810000455;1;1;0;0;0;;0;0;168;168;0;;1;;;494;0;0;0;0;0;494;265;42;2;58;190;414;42;79;212;202;;;;;;;;;;;;;;;
SMURSAMU;2014;820000032;820000016;1;1;0;0;0;820000016;0;1;336;84;252;1;4;0;0;1174;262;0;0;0;0;1436;382;140;5;30;226;746;72;118;373;373;144813;124773;118410;62086;50549;8589;198;168;30;421;1;1;0;2296;0
SMURSAMU;2014;820000883;820004950;1;1;0;0;0;820004950;0;0;168;236;88;;2;;;435;70;;;;;505;200;56;0;18;126;240;11;49;43;197;;;;;;;;;;;;;;;
SMURSAMU;2014;830000279;830100517;1;1;0;0;0;;0;0;168;84;168;1;2;0;0;1249;67;67;;;;1316;425;124;6;43;252;707;9;240;482;225;;;;;;;;;;;;;;;
SMURSAMU;2014;830000287;830100525;1;1;0;0;0;830000287;0;0;218;0;168;2;2;;;872;641;0;0;0;0;1513;280;86;10;29;155;602;54;195;489;113;;;;;;;;;;;;;;;
SMURSAMU;2014;830000295;830100533;1;1;0;0;0;;0;0;168;168;168;;2;;;1098;138;;;;;1236;377;117;32;;265;994;66;185;545;449;;;;;;;;;;;;;;;
SMURSAMU;2014;830000311;830100566;1;1;0;0;0;830100566;0;0;168;168;168;;2;;;1289;;;;;;1289;258;151;6;81;166;1035;69;302;939;96;;;;;;;;;;;;;;;
SMURSAMU;2014;830000337;830100590;1;1;0;0;0;830100590;0;0;168;168;0;0;2;0;0;654;0;0;0;0;0;654;238;75;34;41;121;514;;;336;178;;;;;;;;;;;;;;;
SMURSAMU;2014;830000345;830100616;1;1;0;0;0;830100616;0;1;476;476;574;;;;;3741;1630;722;375;206;;5952;1684;440;24;198;1022;2642;461;1256;1595;1047;446558;404358;348304;165925;161907;48128;;;;31;1;0;3;2111;0
SMURSAMU;2014;840000343;840000012;1;0;0;0;1;840006597;0;0;264;364;0;1;1;;;392;;;;;;392;269;35;1;86;147;295;37;89;251;44;;;;;;;;;;;;;;;
SMURSAMU;2014;840000392;840000046;1;1;0;0;0;;0;0;168;168;168;;2;;;1161;;;;;;1161;534;99;291;144;882;954;;;760;194;;;;;;;;;;;;;;;
SMURSAMU;2014;840000418;840004659;1;1;0;0;0;840004659;0;0;168;168;168;1;2;;;1570;3;;;;;1573;1081;126;;369;528;;;;;;;;;;;;;;;;;;;;
SMURSAMU;2014;840000483;840000087;1;1;0;0;0;840000087;0;0;168;168;168;1;2;;;1264;329;0;;;;1593;747;107;5;204;425;538;112;37;349;189;;;;;;;;;;;;;;;
SMURSAMU;2014;840000491;130041916;1;0;0;0;1;;0;0;168;228;0;;;;;745;15;;;2;;762;166;58;11;85;12;584;52;157;486;98;;;;;;;;;;;;;;;
SMURSAMU;2014;840000525;840000111;1;0;0;0;1;840000087;0;0;168;168;0;;;;;636;12;;;;;648;363;76;22;68;197;315;59;17;82;233;;;;;;;;;;;;;;;
SMURSAMU;2014;840001861;840006597;1;1;0;0;0;;0;1;365;252;420;4;3;1;;3246;1345;;51;283;;4925;94;;;1177;;;;;;;262076;262076;;262076;130967;22022;257;257;;531;1;0;21;1712;1
SMURSAMU;2014;850000142;850000019;1;1;0;0;0;850000019;0;1;336;336;336;2;3;;;1771;758;23;79;58;;2666;576;151;;50;375;1450;193;252;1293;157;288467;262385;236112;177929;119244;62231;411;181;230;370;1;1;11;2806;0
SMURSAMU;2014;850000175;850009010;1;1;0;0;0;;0;0;168;168;168;0;2;0;0;1057;49;0;0;0;0;1106;368;114;0;82;172;907;93;207;575;332;;;;;;;;;;;;;;;
SMURSAMU;2014;850000209;850000019;1;0;0;0;1;850000019;0;0;168;168;0;1;;;;429;25;;;;;454;93;39;;24;30;365;34;104;208;157;;;;;;;;;;;;;;;
SMURSAMU;2014;850000225;850000019;1;0;0;0;1;850000019;0;0;168;168;0;1;;;;397;4;;;;;401;161;48;;7;106;236;25;32;190;46;;;;;;;;;;;;;;;
SMURSAMU;2014;850000241;850000084;1;1;0;0;0;;0;0;168;168;168;1;1;;;843;71;;;;;914;146;53;3;12;78;;;;;;;;;;;;;;;;;;;;
SMURSAMU;2014;850009630;850000035;1;1;0;0;0;850000035;0;0;168;175;168;1;0;0;0;503;13;0;5;0;0;521;92;62;0;30;0;447;33;143;301;146;;;;;;;;;;;;;;;
SMURSAMU;2014;860000025;860013382;1;1;0;0;0;;0;0;168;175;175;;1;;;771;1;1;;;;772;587;101;8;66;412;425;46;97;328;97;;;;;;;;;;;;;;;
SMURSAMU;2014;860000033;860013382;1;1;0;0;0;;0;0;168;168;0;;1;;;343;32;;;;;375;97;49;0;12;36;278;32;92;158;120;;;;;;;;;;;;;;;
SMURSAMU;2014;860000058;860780097;1;1;0;0;0;;0;0;168;168;0;;1;;;268;;;;;;268;41;34;1;6;;231;;;113;118;;;;;;;;;;;;;;;
SMURSAMU;2014;860000223;860013077;1;1;0;1;0;;0;1;547;488;456;4;1;1;0;2706;3030;193;242;747;;6725;411;217;8;50;136;2537;256;560;2518;19;143272;133035;125974;122654;83057;32673;295;168;129;504;1;0;0;950;0
SMURSAMU;2014;870000064;870000015;1;1;0;0;0;;0;1;336;336;336;3;3;1;0;2238;919;56;348;238;0;3743;447;176;2;88;181;2131;231;368;2043;88;197245;185410;160380;68079;26279;28752;304;168;136;425;1;0;3;650;0
SMURSAMU;2014;870000098;870000023;1;0;0;0;1;870000015;0;0;70;109;63;461;;;;414;45;37;;;;459;;43;;13;61;337;30;125;229;108;;;;;;;;;;;;;;;
SMURSAMU;2014;870000270;870000031;1;0;0;0;1;870000015;0;0;70;70;70;0;1;0;0;178;0;;;;;178;39;23;1;12;3;139;14;47;83;56;;;;;;;;;;;;;;;
SMURSAMU;2014;880000021;880007059;1;1;0;0;0;880007059;0;1;252;252;1488;;2;;;1130;427;76;;;;1557;393;186;11;;;981;;;761;220;164635;164635;;107825;82970;26476;239;168;71;448;1;1;0;2321;1
SMURSAMU;2014;880000039;880780069;1;0;0;0;1;880780077;0;0;70;70;70;;1;;;155;17;;;;;172;79;17;1;4;54;130;18;33;23;107;;;;;;;;;;;;;;;
SMURSAMU;2014;880000047;880780077;1;1;0;0;0;880780077;0;0;168;168;168;;1;;;592;147;;;24;;763;84;70;;14;;508;;;462;46;;;;;;;;;;;;;;;
SMURSAMU;2014;880000054;880007299;1;1;0;0;0;880007299;0;0;336;416;168;;1;;;319;118;0;0;0;;437;129;19;2;41;67;207;16;110;178;29;;;;;;;;;;;;;;;
SMURSAMU;2014;880000062;880780093;1;1;0;0;0;;0;0;406;574;168;0;1;0;0;461;196;58;;;;657;109;69;;27;13;358;35;82;287;71;;;;;;;;;;;;;;;
SMURSAMU;2014;880000070;880007299;1;0;0;0;1;880000054;0;0;168;252;168;;1;;;340;79;0;0;0;0;419;67;42;0;10;15;277;24;54;166;111;;;;;;;;;;;;;;;
SMURSAMU;2014;890975527;890000037;1;1;0;0;0;;0;1;336;504;416;;;;;1269;270;;224;375;;2138;425;124;10;109;182;1379;;;1333;46;158510;151440;151440;74169;61601;13396;168;;;;1;1;15;1594;0
SMURSAMU;2014;890975535;890000409;1;1;0;0;0;890975535;0;0;168;168;0;;;;;429;21;;;0;;450;113;36;6;34;113;353;26;84;240;113;;;;;;;;;;;;;;;
SMURSAMU;2014;890975543;890000417;1;1;0;0;0;890975543;0;0;277;279;277;1;2;;;928;293;;;;;1221;251;81;12;52;106;726;25;217;465;261;;;;;;;;;;;;;;;
SMURSAMU;2014;890975550;890970569;1;1;0;0;0;890970569;0;0;0;378;336;1;2;;;1111;224;;8;78;;1421;196;121;10;53;2;920;107;265;884;36;;;;;;;;;;;;;;;
SMURSAMU;2014;890975568;890000433;1;1;0;0;0;;0;0;168;168;168;;1;;;319;1;;;;;320;42;21;2;19;;278;;;206;72;;;;;;;;;;;;;;;
SMURSAMU;2014;900000167;900000365;1;1;0;0;0;;0;1;168;168;336;;2;;;1625;100;;;;;1725;457;161;11;177;108;927;93;320;726;201;79282;79282;79282;31128;22006;9122;160;112;48;252;1;0;0;139;0
SMURSAMU;2014;910000272;910110014;1;1;0;0;0;;0;0;168;35;168;;;;;1397;7;;;;;1404;656;119;12;58;467;749;45;149;156;593;;;;;;;;;;;;;;;
SMURSAMU;2014;910000298;910110055;1;1;0;0;0;;0;0;168;168;168;0;1;0;0;1821;6;0;0;1;0;1828;817;144;24;133;511;1011;56;214;382;629;;;;;;;;;;;;;;;
SMURSAMU;2014;910000306;910110063;1;1;0;0;0;;0;0;168;35;168;;2;;;1306;;;0;;;1306;684;103;3;78;396;1118;79;491;576;542;;;;;;;;;;;;;;;
SMURSAMU;2014;910000314;910002773;1;1;0;0;0;910000314;0;1;457;336;504;4;4;;;2964;1547;;23;105;;4639;1373;234;18;112;890;1612;120;284;1094;518;307645;282800;270169;176723;115547;63474;604;308;228;913;1;0;;;1
SMURSAMU;2014;910001973;910019447;1;1;0;0;0;;0;0;168;168;168;;1;;;822;8;;;;;830;318;60;34;;217;504;206;42;260;244;;;;;;;;;;;;;;;
SMURSAMU;2014;910018423;910019454;1;1;0;0;0;;0;0;190;168;168;;2;;;1908;;;2;;;1910;925;140;27;59;671;989;122;400;111;878;;;;;;;;;;;;;;;
SMURSAMU;2014;920100021;750712184;1;0;0;1;0;;0;0;262;213;213;3;0;0;0;370;1211;0;0;8;0;1589;31;4;0;18;29;282;282;0;50;232;;;;;;;;;;;;;;;
SMURSAMU;2014;920100039;750712184;1;1;0;0;0;;0;0;268;218;268;4;1;;;2839;1256;0;1;11;0;4107;975;177;;;788;1864;122;309;291;1573;;;;;;;;;;;;;;;
SMURSAMU;2014;920100054;750712184;1;1;0;0;0;;0;1;554;653;588;5;2;1;0;4031;1705;0;;20;0;5756;2082;305;14;148;1367;1949;169;470;65;1884;399059;391233;;289401;156149;105587;545;330;215;845;1;0;0;;0
SMURSAMU;2014;930000286;930021480;1;1;0;0;0;930021480;0;0;183;183;183;3;;;;1923;67;;;;;1990;1087;124;29;217;667;830;49;183;444;386;;;;;;;;;;;;;;;
SMURSAMU;2014;930000328;930110051;1;1;0;0;0;;0;0;204;204;204;3;;;;2011;452;;;;;2463;1005;168;6;188;677;1006;103;149;461;545;;;;;;;;;;;;;;;
SMURSAMU;2014;930000336;930110069;1;1;0;0;0;;0;0;468;2400;0;3;0;1;0;1943;678;;5;7;;2633;;;;;;;;;;;;;;;;;;;;;;;;;
SMURSAMU;2014;930100037;750712184;1;1;0;1;0;750712184;0;1;732;732;732;5;1;0;0;4936;2193;0;0;0;0;7129;2551;316;32;417;1622;2804;511;426;634;2170;506776;497127;401181;371481;207845;81364;672;336;336;1071;1;0;2;;0
SMURSAMU;2014;940000599;940110042;1;1;0;0;0;;0;0;168;168;168;1;;;;1513;278;0;0;0;0;1791;522;110;4;31;349;988;77;225;514;474;;;;;;;;;;;;;;;
SMURSAMU;2014;940100027;750712184;1;1;0;0;0;;0;1;606;564;732;5;1;1;0;5750;1585;0;11;56;0;7402;1693;503;74;298;1607;4057;350;787;1665;2392;466178;353730;304453;241341;142954;66233;706;358;220;857;1;0;21;116;0
SMURSAMU;2014;950000307;950110015;1;1;0;0;0;950110080;0;0;336;336;336;0;0;0;0;2822;399;;3;5;;3229;1221;182;237;0;890;2254;210;590;1504;750;;;;;;;;;;;;;;;
SMURSAMU;2014;950000315;950001370;1;1;0;0;0;;0;0;168;168;168;1;;;;1317;51;0;8;0;0;1376;369;95;12;58;363;714;;;365;369;;;;;;;;;;;;;;;
SMURSAMU;2014;950000323;950013870;1;1;0;0;0;950013870;0;0;336;336;336;3;1;;;3209;692;;6;33;0;3940;1591;192;29;207;1163;2552;194;834;1775;777;;;;;;;;;;;;;;;
SMURSAMU;2014;950000331;950110049;1;1;0;0;0;;0;0;48;48;0;0;0;0;0;2282;194;0;0;0;0;2476;1049;145;25;240;639;1233;235;490;884;349;;;;;;;;;;;;;;;
SMURSAMU;2014;950000364;950110080;1;1;0;1;0;950000364;0;1;470;447;470;5;1;0;0;3368;995;0;21;34;0;4418;1465;170;0;132;836;2347;;;1520;827;738827;428430;335995;321322;194506;35201;452;336;116;701;1;0;0;2068;0
SMURSAMU;2014;970100392;970100178;1;1;0;0;0;;0;0;168;168;168;0;2;0;0;664;89;0;30;14;0;797;82;40;4;35;3;612;80;170;581;31;;;;;;;;;;;;;;;
SMURSAMU;2014;970100400;970100186;1;1;0;0;0;;0;0;4;6;0;;1;;;167;114;;0;236;;517;;;;;;;;;;;;;;;;;;;;;;;;;
SMURSAMU;2014;970100442;970100228;1;1;0;0;0;970100228;0;1;368;396;396;2;3;;;4818;313;;603;338;19;6091;841;403;20;418;;;;;;;691749;388725;;81150;70208;10942;320;198;122;568;1;1;3;804;0
SMURSAMU;2014;970211215;970211207;1;1;0;0;0;;0;1;336;228;396;2;3;0;0;4889;508;365;695;196;10;6298;3201;419;59;548;2175;2249;341;992;1756;493;;;;165785;54004;31751;168;168;101;483;1;0;0;2633;0
SMURSAMU;2014;970211223;970211207;1;1;0;0;0;;0;0;46;0;0;0;1;0;0;264;0;0;0;0;0;264;;11;;;;221;;;155;66;;;;;;;;;;;;;;;
SMURSAMU;2014;970300026;970302022;1;1;0;0;0;970300026;0;1;168;390;230;;;;;1157;72;;250;590;1;2070;;;;;;;;;;;541691;495734;;34456;28218;0;;170;;310;0;0;0;;0
SMURSAMU;2014;970300083;970302121;1;1;0;0;0;970302121;0;0;308;504;0;;1;;;156;;;;;;156;;22;;;;134;21;;134;;;;;;;;;;;;;;;;
SMURSAMU;2014;970300265;750721334;1;1;0;0;0;;0;0;168;168;0;1;;;;143;106;;;;;249;25;24;1;;;118;;;118;;;;;;;;;;;;;;;;
SMURSAMU;2014;970400024;970408589;1;1;1;0;0;970408589;0;1;343;548;280;2;2;0;0;1676;658;157;173;87;10;2604;763;215;12;146;390;1584;163;127;1402;182;438956;400158;392424;305060;145209;49928;581;336;245;679;1;0;0;478;0
SMURSAMU;2014;970400057;970408589;1;1;1;0;0;970408589;0;0;238;252;0;0;4;0;0;2182;351;0;4;4;0;2541;766;183;11;109;463;1879;193;150;1663;216;;;;;;;;;;;;;;;
SMURSAMU;2014;970400065;970421038;1;1;0;0;0;;0;0;175;345;0;;;;;1033;445;377;;;;1478;;93;;;;;;;;;;;;;;;;;;;;;;;
SMURSAMU;2014;970400073;970403606;1;1;0;0;0;;0;0;168;168;0;;3;;;906;392;;0;0;0;1298;124;77;10;38;1;778;75;81;633;145;;;;;;;;;;;;;;;
SMURSAMU;2014;980500011;980500003;1;1;0;0;0;;0;1;1344;262;262;2;1;;;802;475;6;53;;;1330;;95;106;;;;;;1330;;103839;;;45520;45520;0;48;48;0;252;0;0;0;;0
