BOR;AN;FI;FI_EJ;URG;HMED;HIDE;SAO;ACC;PASSU;dt80;dt18;dtMCO;dtMCO80;dtMCO18;dtLS;dtLS80;dtLS18;dtEXT;dtEXT80;dtEXT18;dtHOSP;LIT_UHCD;JLI_UHCD;SEJ_UHCD;SEJ0_UHCD;JOU_UHCD;STAP;RMM
URGENCES2;2014;010000024;010780054;GEN;358;1008;1;IAO;33599;4264;9514;8456;2755;1450;;;;58;5;13;8514;8;2920;2835;468;2428;0;1
URGENCES2;2014;010000032;010780062;GEN;168;129;0;;14576;1777;4910;2769;1003;579;3;3;0;157;18;18;2929;2;730;534;132;440;1;0
URGENCES2;2014;010005239;010008407;GEN;504;336;0;;21720;;;4963;;;;;;;;;4963;8;2920;2062;367;6008;;
URGENCES2;2014;010780195;010000156;GEN;189;280;0;;20979;1467;4387;3696;665;152;;;;65;5;3;3761;4;1460;1771;1225;561;1;0
URGENCES2;2014;010780203;010006450;GEN;336;350;0;;21174;1858;5457;1737;685;28;1164;345;82;459;91;92;3360;6;2190;247;173;86;0;1
URGENCES2;2014;020000162;020000063;GEN;323;991;1;IAO;33557;4864;95;8081;2476;2;880;7;0;761;306;0;9722;10;3650;3924;669;4204;1;1
URGENCES2;2014;020000162;020000063;PED;105;237;0;;17537;;;;;;;;;;;;2173;0;0;0;0;0;;
URGENCES2;2014;020000394;020000253;GEN;666;924;1;IAO;29415;1712;4164;7131;440;324;;;;;;;7131;4;1460;1233;329;1032;1;1
URGENCES2;2014;020000394;020000253;PED;168;168;0;;10918;;;;;;;;;;;;1210;0;0;0;0;0;;
URGENCES2;2014;020000519;020000261;GEN;510;728;1;IAO;32618;3519;6351;7040;1599;176;32;9;0;265;16;35;7337;4;1460;891;265;828;1;0
URGENCES2;2014;020000519;020000261;PED;168;105;1;IAO;9473;;;;;;;;;;;;1403;;;0;0;0;;
URGENCES2;2014;020000535;020000287;GEN;399;305;1;IAO;20196;4620;2212;4594;;;;;;;;;4594;2;948;963;347;642;1;0
URGENCES2;2014;020001061;020004404;GEN;266;399;1;IAO;28671;3160;8418;7105;1236;130;;;;185;23;13;7290;5;1825;4239;3012;1245;1;0
URGENCES2;2014;020001087;020004495;GEN;336;406;1;IAO;12891;1612;4094;2629;;;41;;;;;;2670;4;1367;1485;859;685;1;1
URGENCES2;2014;020010047;020001632;GEN;168;168;1;IAO;13177;960;2546;1346;890;;;;;130;;;1476;6;2190;481;466;15;1;0
URGENCES2;2014;030000061;030780092;GEN;336;655;1;IAO;35901;4179;10632;10204;3036;1702;;;;;;;10204;8;2920;2467;81;2498;1;1
URGENCES2;2014;030000079;030780100;GEN;219;361;1;IAO;36988;4403;15218;9561;3113;1867;152;8;3;464;134;34;10177;6;2190;2800;753;2132;1;0
URGENCES2;2014;030000087;030780118;GEN;505;674;1;IAO;33650;;;8842;;;332;;;;;;9174;10;3650;4190;802;4291;0;1
URGENCES2;2014;030781116;030000426;GEN;168;228;0;;9485;;;2789;;;;;;;;;2789;4;1460;165;151;14;1;0
URGENCES2;2014;040000093;040780215;GEN;490;752;1;IAO;29356;3032;7564;6531;1620;721;67;56;;891;168;70;7489;8;2920;3215;1404;1906;1;1
URGENCES2;2014;040000135;050002948;GEN;336;434;1;IAO;15233;1487;3671;2665;907;107;17;15;0;330;;;3012;4;1460;1011;260;779;1;0
URGENCES2;2014;040000911;040788879;GEN;210;280;1;IAO;18798;;;4713;;;255;;;384;;;5352;4;1460;2063;838;1411;;
URGENCES2;2014;050000231;050000116;GEN;207;210;1;IAO;18022;1073;4437;3549;593;462;154;2;;171;;;3874;2;730;673;406;269;1;0
URGENCES2;2014;050000256;050000124;GEN;168;168;1;IAO;9353;735;2507;571;330;2;13;10;;325;37;1;909;2;730;286;100;192;;
URGENCES2;2014;050000348;050002948;GEN;280;577;1;IAO;27481;3373;5604;6459;1842;920;1;1;0;612;112;35;7072;9;3285;3430;1856;1612;1;1
URGENCES2;2014;060000478;060780897;GEN;689;107;1;IAO;47298;3004;23868;5486;1223;2944;;;;;;;3422;10;3137;2388;1288;1147;;
URGENCES2;2014;060000510;060780954;GEN;694;703;1;IAO;40463;6219;7659;10360;3149;627;430;41;0;559;118;44;11349;12;4380;3539;860;3668;1;0
URGENCES2;2014;060000544;060780988;GEN;557;899;1;MAO;57141;6901;13958;13090;;1071;997;;;1562;;;14578;4;1460;1407;876;638;0;1
URGENCES2;2014;060001450;060785011;GEN;675;1512;1;IAO;78780;13948;2288;18191;5636;112;3644;2131;0;639;887;39;22474;10;3650;4009;2702;1323;;
URGENCES2;2014;060002102;060791761;GEN;336;238;0;;18918;2984;3125;2459;1313;56;27;7;;713;189;54;3199;2;730;590;174;432;0;1
URGENCES2;2014;060780491;060790797;GEN;180;245;;;21391;2116;1879;2347;592;20;0;0;0;164;40;9;2511;4;0;0;0;0;1;0
URGENCES2;2014;060780517;060000239;GEN;33;45;1;IAO;32684;2981;2190;1961;;;;;;;;;1961;5;1825;849;833;16;1;1
URGENCES2;2014;060780715;060000361;GEN;280;322;1;IAO;28090;3974;2042;4575;1471;41;;;;947;478;5;5522;4;1098;0;0;0;1;1
URGENCES2;2014;060780723;060004959;GEN;168;168;0;;15787;1214;400;1499;401;;;;;95;7;2;1594;8;2920;1677;113;1873;;
URGENCES2;2014;060780947;060800174;PED;347;924;1;IAO;57573;;;;;;;;;;;;6300;7;2555;3384;1410;2002;;
URGENCES2;2014;070000013;070002878;GEN;336;252;0;;13995;1612;3036;2465;298;4;;;;343;128;2;2808;5;1825;1019;216;1176;1;1
URGENCES2;2014;070000179;070780358;GEN;476;336;1;IAO;28447;2819;8651;6322;;;;;;;;;6322;10;3650;3480;607;3098;1;1
URGENCES2;2014;070000609;070005566;GEN;425;509;1;IAO;25571;3339;5610;;;;;;;;;;;5;1825;1260;287;982;1;1
URGENCES2;2014;070780424;070000245;GEN;168;283;1;IAO;16121;;;2257;;;;;;133;;;2390;3;1095;333;71;269;1;1
URGENCES2;2014;080000110;080000037;GEN;218;455;1;IAO;21241;1907;6225;6469;1481;1088;2;0;0;212;13;22;6683;3;1095;3464;2476;1004;1;0
URGENCES2;2014;080000219;080001969;GEN;168;168;0;;12927;3719;1467;1073;516;60;0;0;0;217;16;54;1290;4;1460;2300;1577;748;1;0
URGENCES2;2014;080000276;080001969;GEN;168;168;0;;6798;745;1718;237;151;3;14;10;0;157;27;35;408;2;730;1225;874;377;1;0
URGENCES2;2014;080000425;080000615;GEN;348;1356;1;IAO;51215;5118;16184;9948;2581;1921;20;16;0;1296;185;0;11264;14;5110;7490;3884;3786;1;0
URGENCES2;2014;090000175;090781774;GEN;403;687;1;IAO;34605;3876;9548;7304;1992;1060;1;1;0;396;64;45;7701;6;2190;2580;1101;1615;1;1
URGENCES2;2014;090000183;090781816;GEN;336;336;0;;10158;;;;;;;;;;;;;3;1095;1081;476;620;0;1
URGENCES2;2014;090001629;090780107;GEN;168;168;1;IAO;5415;641;1480;224;165;;8;8;;;;;232;;;0;0;0;1;1
URGENCES2;2014;100000090;100000017;GEN;504;969;1;IAO;52401;6802;13078;15872;4162;2170;8;13;0;77;89;74;15957;15;5475;4005;720;3757;1;1
URGENCES2;2014;100000199;100006279;GEN;168;288;0;;17528;2570;3860;2350;;;18;;;728;;;3096;4;1460;816;253;661;1;0
URGENCES2;2014;110000023;110780061;GEN;238;735;1;IAO;33796;5128;8004;7723;2645;1245;;;;308;56;35;8031;9;3285;2585;919;1928;1;1
URGENCES2;2014;110000049;110780087;GEN;168;168;1;IAO;12758;;;335;;;;;;373;;;708;2;730;426;109;336;0;1
URGENCES2;2014;110000056;110780137;GEN;217;503;1;IAO;40773;4279;11520;8254;2512;1935;;;;1111;;;9365;9;3285;3347;1323;2545;0;0
URGENCES2;2014;110780228;110000114;GEN;168;221;1;IAO;18573;1511;4116;2019;788;101;;;;;;;2019;4;1460;392;160;242;0;1
URGENCES2;2014;110780483;110000155;GEN;168;292;1;IAO;19986;1100;5425;1532;296;89;;;;;;;1532;4;1460;159;56;103;;
URGENCES2;2014;120000039;120780044;GEN;336;332;1;IAO;29266;4343;7734;7776;2774;981;55;5;46;1755;792;55;9586;8;2920;1621;366;1327;;
URGENCES2;2014;120000054;120780069;GEN;186;186;1;MAO;13949;2084;2701;3696;1276;159;;;;;;;3696;2;730;539;301;241;1;0
URGENCES2;2014;120000070;120780085;GEN;195;328;1;IAO;10752;1798;2478;2467;1159;48;10;7;0;236;82;29;2713;2;730;804;491;315;1;
URGENCES2;2014;120004569;120004528;GEN;168;252;1;IAO;16763;2028;3751;2835;;;64;;;368;;;3267;3;1095;953;360;612;1;1
URGENCES2;2014;120004668;120004619;GEN;168;172;1;IAO;8720;1136;2021;1692;647;65;;;;288;58;57;1980;2;664;615;329;294;1;1
URGENCES2;2014;130000409;130041916;GEN;672;1514;1;IAO;49044;6427;4647;13916;4513;293;18;15;0;1177;124;41;15111;12;4380;8493;3564;6612;;
URGENCES2;2014;130000409;130041916;PED;168;380;1;IAO;13471;;;;;;;;;;;;2201;2;730;125;107;78;;
URGENCES2;2014;130000565;130781446;GEN;262;672;1;IAO;37290;;9921;3192;;1177;9;;;293;;;2317;9;3285;3495;1682;2011;0;1
URGENCES2;2014;130001225;130782634;GEN;380;671;1;IAO;40530;3782;11836;10240;;;172;;;562;;;10974;6;2190;2182;421;1930;1;1
URGENCES2;2014;130002215;130785512;GEN;257;297;1;IAO;25636;2885;5309;3894;1206;39;;;;465;79;101;4359;4;1460;1179;367;855;1;0
URGENCES2;2014;130002827;130789274;GEN;238;588;1;IAO;33830;2997;6956;5300;1987;172;493;15;17;608;64;228;6401;3;1095;2675;1566;1124;1;1
URGENCES2;2014;130002835;130789316;GEN;258;644;1;IAO;41788;3661;13520;8384;2077;1984;10;1;0;713;289;12;9107;10;3650;6986;3794;3510;1;0
URGENCES2;2014;130043664;130002157;GEN;168;238;1;IAO;29358;1589;2225;3338;638;46;;;;;;;3338;6;2190;2897;1792;1155;1;0
URGENCES2;2014;130780521;130786049;GEN;;1128;1;IAO;55640;4349;2212;6851;1714;138;;;;;;;6851;24;;5205;1315;5933;;
URGENCES2;2014;130780521;130786049;PED;243;651;1;IAO;33247;;;;;;;;;;;;2253;2;;675;466;390;;
URGENCES2;2014;130781479;130000599;GEN;228;336;1;IAO;14160;1703;1844;3645;1098;78;18;0;0;88;14;13;3751;2;730;137;73;64;1;1
URGENCES2;2014;130782071;130002454;GEN;168;252;0;;13304;813;3783;1396;322;74;;;;170;11;19;1566;6;2190;274;220;56;1;1
URGENCES2;2014;130782147;130000979;GEN;336;420;1;IAO;32416;2909;5847;3996;1337;93;;;;219;25;65;4215;6;2190;1000;341;659;1;1
URGENCES2;2014;130783236;130786049;GEN;;;0;;57867;5044;1636;5244;1459;78;;;;;;;5244;0;;4090;1192;4722;;
URGENCES2;2014;130783293;130786049;GEN;;;1;IAO;29812;4137;687;3944;1031;30;;;;;;;3944;19;2190;5169;2113;3589;;
URGENCES2;2014;130784713;130038847;GEN;168;252;1;IAO;13809;;;2125;;;;;;;;;2125;4;;65;20;45;1;1
URGENCES2;2014;130785652;130014228;GEN;430;566;1;IAO;24492;3636;705;8283;2517;71;;;;;;;8283;5;1825;9112;6570;2602;0;0
URGENCES2;2014;130785652;130014228;PED;420;415;1;IAO;27751;;;;;;;;;;;;2602;6;1916;1033;878;155;;
URGENCES2;2014;130786361;130002447;GEN;168;252;0;;14562;1542;2189;2893;798;69;;;;;;;2893;3;1095;634;508;126;1;0
URGENCES2;2014;130786742;750821092;GEN;232;435;1;IAO;16005;3213;1261;5418;2031;95;39;1;0;626;336;7;6083;9;3285;3996;2651;1380;1;1
URGENCES2;2014;130804297;130786049;PED;256;631;1;IAO;35869;;;;;;;;;;;;4405;;;259;161;99;;
URGENCES2;2014;140000027;140000035;GEN;604;898;1;IAO;41497;2538;18889;9569;1897;3243;2;1;;;;;6478;9;2190;2552;629;2197;1;1
URGENCES2;2014;140000076;140000084;GEN;168;168;1;IAO;7245;696;2316;877;413;1;0;0;0;249;39;59;1126;2;730;398;101;337;0;0
URGENCES2;2014;140000209;140000100;GEN;590;1578;1;IAO;52648;7719;1214;12182;3987;107;394;9;23;1213;232;12;13789;14;5110;10035;3588;7705;1;1
URGENCES2;2014;140000209;140000100;PED;227;504;1;IAO;24251;;;;;;;;;;;;3002;3;1095;1235;534;701;;
URGENCES2;2014;140000233;140000118;GEN;168;247;1;IAO;17673;2001;6537;4640;1397;942;;;;;;;4640;2;730;492;177;321;1;0
URGENCES2;2014;140000373;140000159;GEN;168;252;1;IAO;10548;1965;1927;3635;1483;35;212;4;11;560;81;190;4407;2;730;1063;141;981;1;1
URGENCES2;2014;140002452;140025800;GEN;168;267;1;IAO;14804;765;2248;759;;;;;;;;;759;3;1095;725;578;147;1;1
URGENCES2;2014;140016759;140003146;GEN;168;301;1;IAO;20001;1489;5245;2023;;;0;0;0;0;;;2023;6;1023;1018;739;279;1;0
URGENCES2;2014;140017237;140003278;GEN;287;378;1;IAO;24516;1846;6994;2453;;;;;;;;;2453;6;2190;1215;935;281;0;0
URGENCES2;2014;140024886;140000092;GEN;184;420;1;IAO;20330;2473;5482;5996;1609;726;18;;;419;;;6433;4;1460;2005;890;1248;1;0
URGENCES2;2014;140026410;140026279;GEN;336;392;1;IAO;16313;1712;3087;3314;;;;;;845;;;4159;5;1825;1621;171;1679;0;0
URGENCES2;2014;150000032;150780088;GEN;58;168;0;;12675;1773;2738;3030;1227;113;96;10;0;263;67;50;3389;0;0;0;0;0;1;1
URGENCES2;2014;150000040;150780096;GEN;282;545;1;IAO;24604;3039;3272;15792;2623;1610;12;1;0;1763;84;365;17567;6;2190;1547;311;1350;1;1
URGENCES2;2014;150000164;150780468;GEN;48;35;;;7666;1496;1586;2228;726;52;0;0;0;52;17;18;2280;6;2190;1560;309;1287;0;0
URGENCES2;2014;160000253;160000451;GEN;408;1120;1;IAO;41878;6240;6026;11870;3499;271;56;35;0;958;159;23;12884;10;3650;5405;2883;2631;1;1
URGENCES2;2014;160000253;160000451;PED;168;320;0;;10442;;;;;;;;;;;;1323;4;1460;738;244;496;;
URGENCES2;2014;160000303;160006037;GEN;168;252;0;;8566;1383;1664;2092;;;;;;;;;2092;2;730;606;171;482;1;1
URGENCES2;2014;160000311;160000485;GEN;168;134;1;IAO;9514;1256;2325;948;589;0;21;12;0;406;69;68;1375;2;730;795;244;674;1;0
URGENCES2;2014;160000337;160000493;GEN;168;210;0;;9107;1401;2154;1854;823;29;12;10;0;254;61;11;2120;3;1095;1185;580;698;1;1
URGENCES2;2014;160015368;160014411;GEN;218;434;1;IAO;16502;2348;3362;4650;1628;118;2;2;;1230;186;181;5882;7;2555;2659;1399;1360;1;1
URGENCES2;2014;170000038;170780050;GEN;155;155;0;;14234;2277;2993;3031;1278;111;0;0;0;294;53;43;3325;4;1460;1058;435;637;1;0
URGENCES2;2014;170000087;170023279;GEN;525;1010;1;MAO;46229;8125;8048;12405;5633;670;3877;2492;56;154;14;18;16436;15;4737;4680;1365;3804;1;0
URGENCES2;2014;170000095;170780167;GEN;109;191;0;;12014;2069;2124;2716;1248;77;2;2;0;190;28;40;2908;3;1095;888;346;566;1;1
URGENCES2;2014;170000103;170780175;GEN;168;736;1;IAO;24598;3742;3714;6613;2412;180;226;3;1;199;25;13;7038;8;2920;2590;459;2875;1;0
URGENCES2;2014;170000103;170780175;PED;168;195;0;;8594;;;;;;;;;;;;1891;2;730;397;234;163;;
URGENCES2;2014;170000152;170780225;GEN;406;1008;1;IAO;29853;4048;8753;9549;2883;1463;;;;233;24;;9782;8;2920;2773;309;2563;0;1
URGENCES2;2014;170022065;170022057;GEN;337;504;1;IAO;18915;3967;2513;;;;;;;4201;2099;51;4201;0;0;0;0;0;1;0
URGENCES2;2014;170022818;170022057;GEN;84;84;1;IAO;5215;533;1094;;;;;;;429;82;35;429;;;0;0;0;1;0
URGENCES2;2014;170022826;170022057;GEN;84;136;1;IAO;10441;1128;1924;;;;;;;1791;423;75;1791;;;0;0;0;1;0
URGENCES2;2014;180000010;180000028;GEN;462;1095;1;IAO;48548;5904;10389;13136;1160;1368;1;1;0;;;;13137;13;4745;4630;710;5512;;
URGENCES2;2014;180000200;180000051;GEN;74;308;1;IAO;19864;;;3613;;;;;;281;;;3894;4;1460;2225;536;1919;1;1
URGENCES2;2014;180000283;180000069;GEN;168;284;1;IAO;13942;2076;3229;3804;1407;24;2;2;;;;;3806;5;1825;2358;1506;939;1;1
URGENCES2;2014;190000018;190000042;GEN;288;742;1;IAO;32487;7130;4799;9783;3513;926;357;;;;;;10140;9;3285;2563;420;2336;1;1
URGENCES2;2014;190000026;190000059;GEN;203;;1;IAO;18976;2784;3952;4396;1730;397;507;45;0;219;29;34;5122;6;2190;1450;268;1307;1;1
URGENCES2;2014;190000091;190000075;GEN;11886;;1;IAO;11323;2073;2566;2926;1199;82;119;119;;;;;3045;1;265;256;84;172;1;0
URGENCES2;2014;210780136;210000030;GEN;168;308;1;IAO;12171;1519;1803;623;34;204;17;;2;812;7;55;1452;4;1460;2583;2022;563;1;1
URGENCES2;2014;210987558;210780581;GEN;611;1260;1;MAO;44205;;;17535;;;;;;;;;17535;8;2920;5249;2639;2628;1;0
URGENCES2;2014;210987558;210780581;PED;104;462;0;;22699;;;;;;;;;;;;2487;4;1460;2395;1394;1020;;
URGENCES2;2014;210987657;210780714;GEN;376;756;1;IAO;23936;2719;6409;6388;807;941;8;8;0;598;0;0;6994;6;2190;3007;1252;1955;0;1
URGENCES2;2014;210987665;210010070;GEN;168;336;0;;10754;;;507;;;2;;;271;;;780;2;730;1742;1607;135;0;0
URGENCES2;2014;210987673;210010070;GEN;168;245;0;;7189;1017;1455;175;;;2;;;194;;;371;2;730;1212;1025;190;0;0
URGENCES2;2014;210987699;210780706;GEN;336;539;1;IAO;20030;2203;5608;3923;;;386;9;7;469;194;37;4778;4;1460;1352;585;802;1;0
URGENCES2;2014;220000012;220000020;GEN;1168;1304;1;IAO;66816;7992;20555;16330;5157;2792;0;0;0;432;78;11;14586;17;6205;5333;1912;3777;0;1
URGENCES2;2014;220000095;220000046;GEN;441;483;1;IAO;28085;4181;7817;7664;1141;2133;12;2;3;5;1;1;7681;;;0;0;0;1;1
URGENCES2;2014;220000343;220000079;GEN;336;455;0;;21627;3346;4432;6140;2370;111;;;;387;;;6527;6;2190;1673;453;1339;1;1
URGENCES2;2014;220000368;220000103;GEN;368;574;1;IAO;23410;2901;5674;;;;;;;;;;;6;2190;2387;1223;1197;1;1
URGENCES2;2014;220000541;220000152;GEN;336;252;0;;14174;1990;3614;3571;1299;427;9;7;0;681;102;70;4261;4;1460;624;397;227;0;0
URGENCES2;2014;230000820;230780041;GEN;216;420;1;IAO;19413;4554;3725;7259;;;5;;;732;;;7996;6;2190;1633;777;890;1;0
URGENCES2;2014;230004657;230780058;GEN;168;168;0;;5565;1385;1072;;;;;;;626;;;626;2;730;754;366;417;1;0
URGENCES2;2014;240000190;240000596;GEN;168;274;0;;11234;;;1867;;;;;;266;;;2133;2;;409;371;38;;
URGENCES2;2014;240000372;240000059;GEN;336;441;1;IAO;28412;3912;3704;7445;2443;744;0;0;0;230;47;33;7675;4;1460;2905;801;2205;1;0
URGENCES2;2014;240000489;240000117;GEN;588;959;1;IAO;43030;6172;3824;10484;;;4;;;;;;12209;17;6205;6200;1678;5659;0;1
URGENCES2;2014;240000687;240000448;GEN;168;420;1;IAO;13418;1813;2942;2848;1148;54;128;21;0;533;91;112;3509;4;1460;787;293;519;;
URGENCES2;2014;250000114;900000365;GEN;380;952;1;IAO;35644;5178;5130;9290;3008;244;;;;;;;9290;9;2920;3060;482;2985;1;1
URGENCES2;2014;250000700;250000452;GEN;259;486;1;IAO;27414;2597;7562;6585;1674;1403;10;;;296;;;6891;6;2190;1501;392;1281;1;0
URGENCES2;2014;250006954;250000015;GEN;1113;2080;1;IAO;59666;7611;2788;;;;;;;;;;;3;1095;1225;521;1182;1;1
URGENCES2;2014;250006954;250000015;PED;170;359;1;IAO;17852;;;;;;;;;;;;3256;4;1460;967;219;906;;
URGENCES2;2014;260000013;260000021;GEN;336;504;1;IAO;67251;;15554;14298;;2174;;;;1169;;;15467;14;5110;4322;893;4081;0;1
URGENCES2;2014;260000120;260016910;GEN;280;420;1;IAO;25649;3346;6819;6130;;;118;;;553;;;6801;6;2190;1386;87;2182;1;1
URGENCES2;2014;260000138;260000047;GEN;360;593;1;IAO;40550;3905;9681;6741;1796;1496;30;23;0;755;86;26;7526;10;3650;4792;1206;4323;0;0
URGENCES2;2014;260000146;260000054;GEN;168;174;1;IAO;10004;775;2616;985;;;;;;;;;985;2;730;306;118;189;;
URGENCES2;2014;260000203;260016910;GEN;218;336;0;;9776;1030;2326;1335;;;66;;;184;;;1585;2;730;446;117;334;1;
URGENCES2;2014;260000286;260000104;GEN;168;168;1;IAO;7215;;;1173;;;;;;;;;1173;2;467;379;237;184;0;0
URGENCES2;2014;270000045;270000060;GEN;202;248;0;;18938;2120;4404;3677;1218;107;3;3;;;;;3680;4;1460;1370;328;1106;0;0
URGENCES2;2014;270000326;270000680;GEN;168;424;1;IAO;15870;670;4443;1525;114;517;;;;38;19;6;1563;4;1460;32;16;70;1;1
URGENCES2;2014;270000359;270023724;GEN;644;808;1;IAO;54446;4015;19377;8815;2103;1764;0;0;0;;;;7137;10;3650;3267;1646;1864;0;0
URGENCES2;2014;270000367;270000086;GEN;168;168;0;;18035;1643;4812;2561;803;145;;;;241;;;2802;2;730;481;81;446;0;0
URGENCES2;2014;270000391;760024042;GEN;178;168;1;IAO;13918;926;3497;;;;;;;;;;;;;0;0;0;0;0
URGENCES2;2014;270000425;270000102;GEN;168;337;0;;17874;;;805;;;;;;828;;;1633;6;2031;1994;843;1322;0;0
URGENCES2;2014;270000441;270000110;GEN;168;168;0;;14978;1181;4980;1119;;;153;;;503;;;1775;4;1460;840;182;732;0;0
URGENCES2;2014;270000458;270023724;GEN;238;420;1;IAO;22840;2130;4663;4332;1295;134;7;4;0;;;;4339;6;2190;1562;402;1248;1;1
URGENCES2;2014;280000084;280000183;GEN;672;1029;1;IAO;57290;3988;21768;10157;2341;1860;176;3;18;;;;10333;11;4015;2946;964;2228;0;0
URGENCES2;2014;280000662;280500075;GEN;406;490;1;IAO;16800;2470;3778;4803;1507;35;;;;365;6;;5168;5;1825;1166;347;890;0;1
URGENCES2;2014;280502998;280000589;GEN;168;168;1;IAO;15301;2264;3610;2983;;1242;1;;;842;43;52;3826;3;1095;1237;0;1284;0;0
URGENCES2;2014;280504267;280000134;GEN;792;1016;1;MAO;56866;5622;17588;13325;3588;2163;5;2;0;254;53;4;13584;16;5840;6170;2051;4756;1;1
URGENCES2;2014;280505777;280001199;GEN;168;240;0;;18731;;;;;;;;;;;;;8;2920;911;78;852;;
URGENCES2;2014;290000025;290020700;GEN;504;1516;1;IAO;42342;5431;14597;9473;2957;2747;44;27;0;1028;160;15;10545;22;8030;3421;1417;2106;1;1
URGENCES2;2014;290000033;290021542;GEN;273;865;1;IAO;31555;4512;7328;10468;3298;1214;1359;39;58;87;13;11;11914;10;3650;3160;987;2339;1;1
URGENCES2;2014;290000058;290000017;PED;223;634;1;IAO;25350;;;;;;;;;;;;3759;0;0;0;0;0;;
URGENCES2;2014;290000066;290020700;GEN;84;148;1;IAO;7160;1055;1610;1130;525;58;2;1;0;41;10;0;1173;0;0;0;0;0;1;1
URGENCES2;2014;290000173;290000041;GEN;195;273;0;;16293;2045;3918;3182;1362;84;323;20;4;76;5;0;3581;4;1460;1014;210;904;0;0
URGENCES2;2014;290000181;290000074;GEN;168;357;1;IAO;13576;2405;2467;3812;1595;53;3;1;0;368;70;55;4183;2;730;1090;550;571;1;1
URGENCES2;2014;290000256;290000017;GEN;168;175;0;;12356;3027;1823;3833;1999;83;;;;;;;3833;4;1460;1026;161;961;1;1
URGENCES2;2014;290000728;750821092;GEN;228;346;1;IAO;19509;2115;673;4640;1312;86;;;;;;;4640;4;1460;2017;550;1505;1;1
URGENCES2;2014;290000785;220020739;GEN;336;420;1;IAO;15108;2696;3047;2850;1367;7;;8;0;;;;2850;2;732;294;140;154;1;0
URGENCES2;2014;290000934;290000306;GEN;358;566;1;IAO;20828;3308;4696;5160;2368;51;292;40;5;179;46;1;5631;6;2190;1429;406;1025;0;0
URGENCES2;2014;290004324;290000017;GEN;504;1158;1;IAO;40640;9381;;17952;6172;;;;;;;;17952;16;5840;5159;600;5335;1;1
URGENCES2;2014;290019777;290022508;GEN;244;493;1;IAO;32682;1814;9407;2694;254;111;;;;504;126;33;3198;6;2190;2938;2603;337;1;0
URGENCES2;2014;2A0000022;2A0000014;GEN;672;1008;1;IAO;34100;3838;5970;7639;2095;921;153;134;0;578;230;13;8370;8;2153;1799;437;1813;1;1
URGENCES2;2014;2A0000154;2A0000204;GEN;168;186;1;IAO;18212;918;4665;1983;476;95;;;;263;27;58;2246;4;;362;231;131;1;1
URGENCES2;2014;2B0000012;2B0000020;GEN;450;966;1;IAO;29443;3800;5322;6936;;;351;;;856;;;8143;6;;2520;934;1834;1;1
URGENCES2;2014;2B0005359;2B0005342;GEN;168;168;1;IAO;11854;;;1287;;;;;;;;;1287;2;730;779;320;531;0;
URGENCES2;2014;300000023;300780046;GEN;336;574;1;IAO;37698;5611;8811;9140;2915;1113;531;15;7;580;199;38;10251;8;2920;3577;766;3067;1;1
URGENCES2;2014;300000031;300780053;GEN;208;238;1;IAO;26319;2918;6942;6681;1748;898;;;;;;;6681;6;2190;2078;863;1375;0;1
URGENCES2;2014;300780137;920028396;GEN;168;168;1;IAO;10572;824;;1177;363;;;;;;;;1177;2;730;98;56;42;1;1
URGENCES2;2014;300782117;300780038;GEN;6900;1502;1;IAO;55972;7352;4012;13762;;;367;;;495;;;14624;10;3650;3702;692;3450;1;1
URGENCES2;2014;300782117;300780038;PED;1585;0;1;IAO;15805;;;;;;;;;;;;2857;1;;85;51;40;;
URGENCES2;2014;300788502;300788486;GEN;228;256;1;IAO;22582;971;6466;2182;276;225;0;;;0;;;2182;6;2190;239;122;117;1;1
URGENCES2;2014;310000310;310780671;GEN;336;420;1;IAO;20717;3544;4699;5806;2221;351;;;;;;;5806;8;2920;1991;629;1434;1;1
URGENCES2;2014;310016977;310781406;PED;375;1096;1;IAO;44510;;;;;;;;;;;;6559;13;4745;8629;5649;3005;;
URGENCES2;2014;310780101;310000039;GEN;168;252;0;;16146;1804;3023;2825;852;70;;;;;;;2825;3;1095;233;167;70;1;1
URGENCES2;2014;310780283;310000112;GEN;261;690;1;IAO;29466;;;6798;;;;;;;;;6798;15;5475;2418;187;3119;1;
URGENCES2;2014;310780382;310000179;GEN;168;168;0;;10456;1075;639;1533;;;;;;66;;;1599;2;;7;0;8;1;1
URGENCES2;2014;310781000;310788880;GEN;168;490;1;IAO;16798;1329;1667;4545;1315;61;96;14;0;;;;4641;2;730;645;80;648;1;1
URGENCES2;2014;310781067;310788898;GEN;168;168;0;;15757;732;401;1916;341;12;;;;128;12;5;2044;5;1821;1400;576;880;1;1
URGENCES2;2014;310781505;310000492;GEN;252;385;0;;25565;;;3580;;;;;;;;;3580;6;2190;1015;456;560;;
URGENCES2;2014;310783048;310781406;GEN;958;3239;1;MAO;62531;6242;3200;10909;3346;274;350;13;20;2285;306;94;13544;17;6205;3890;839;5033;1;1
URGENCES2;2014;310783055;310781406;GEN;588;1546;1;MAO;35968;6259;982;8915;2731;114;69;21;6;971;486;6;9955;14;5110;4313;2226;2519;1;1
URGENCES2;2014;320000086;320780117;GEN;168;252;1;IAO;20492;3312;4221;6854;2241;831;34;23;0;;;;6888;2;730;578;138;478;1;1
URGENCES2;2014;320000102;320780133;GEN;168;168;0;;7289;978;1630;243;164;0;0;0;0;648;157;105;891;2;730;443;184;305;1;1
URGENCES2;2014;330000555;330781204;GEN;386;615;1;IAO;30749;4098;7600;7228;2357;820;12;;;;;;7240;6;2190;2573;720;2036;0;1
URGENCES2;2014;330000571;330781220;GEN;168;252;1;IAO;18003;2289;4503;5339;1593;407;47;28;0;854;208;135;6240;3;1095;2486;1583;989;1;1
URGENCES2;2014;330000589;330027509;GEN;168;229;1;IAO;22091;3174;4570;5513;1906;252;1;0;0;294;103;45;5808;5;1825;1774;890;925;1;1
URGENCES2;2014;330000597;330027509;GEN;84;84;1;IAO;4459;367;1373;351;148;5;0;0;;57;10;11;408;;;0;0;0;1;1
URGENCES2;2014;330000605;330781253;GEN;492;969;1;IAO;55252;7363;15395;17220;4949;2291;259;33;13;2;0;2;17481;12;8015;8630;4304;5004;0;0
URGENCES2;2014;330780263;330000134;GEN;168;408;1;IAO;25207;1650;5687;1605;235;45;;;;861;360;65;2466;6;2190;5978;4289;1689;1;
URGENCES2;2014;330780479;330000274;GEN;280;420;1;IAO;28862;3057;4263;2517;;;;;;1658;;;4175;5;5;6447;4642;2011;1;1
URGENCES2;2014;330780495;330796392;GEN;168;168;1;IAO;17647;2035;4355;1305;472;47;;;;1098;184;114;2403;4;1460;3028;1950;1099;1;1
URGENCES2;2014;330780529;330796392;GEN;238;383;0;;13842;1720;1552;2265;725;79;2;2;0;183;48;6;2450;3;1095;2863;2042;839;0;0
URGENCES2;2014;330780537;330000324;GEN;168;168;1;IAO;17653;2623;3902;5463;1768;289;0;0;0;462;60;58;5925;4;1460;2390;1810;580;1;0
URGENCES2;2014;330781303;750821092;GEN;288;578;1;IAO;28544;3285;1647;4737;1713;78;13;3;0;400;136;8;5150;4;1460;2310;954;1419;0;1
URGENCES2;2014;330781352;330781196;GEN;268;714;1;IAO;20010;4093;772;12221;3635;315;0;;;127;3;11;12348;15;5475;4803;2707;2097;0;1
URGENCES2;2014;330781360;330781196;GEN;676;1363;1;IAO;52839;6498;3336;28652;5751;1289;2;;;105;17;7;28759;20;7300;12136;9034;3103;0;1
URGENCES2;2014;330781360;330781196;PED;218;672;1;IAO;38607;;;;;;;;;;;;7690;8;2920;831;643;188;;
URGENCES2;2014;330783648;330781196;GEN;;;;;5178;;;;;;;;;;;;;4;1460;3698;;;;
URGENCES2;2014;340000033;340780055;GEN;490;672;1;MAO;58829;6680;20896;13862;3561;2477;739;257;14;;;;14601;6;2190;4510;2372;2276;1;1
URGENCES2;2014;340000223;340011295;GEN;279;738;1;IAO;34195;4616;7580;7559;2536;966;201;5;1;;;;7760;9;3285;3482;793;3497;0;1
URGENCES2;2014;340015502;340000512;GEN;256;420;1;IAO;22973;;;;;;;;;;;;;6;2190;1470;1033;446;1;0
URGENCES2;2014;340015965;340000074;GEN;235;368;1;IAO;20930;1960;4801;3571;947;168;;;;;;;3571;2;730;12;12;0;1;0
URGENCES2;2014;340780147;340000108;GEN;168;168;1;IAO;13560;1000;3775;1522;536;64;;;;;;;1522;2;730;77;75;2;;
URGENCES2;2014;340780154;340000116;GEN;168;189;1;IAO;11880;968;2921;932;373;35;;;;121;15;23;1053;2;730;136;134;2;1;1
URGENCES2;2014;340780634;340000272;GEN;168;270;1;IAO;20067;592;8750;1686;212;289;;;;;;;1686;2;730;57;39;18;1;1
URGENCES2;2014;340780642;340785856;GEN;168;168;0;;10952;;;;;;;;;;;;;4;450;150;68;82;;
URGENCES2;2014;340780667;340000280;GEN;196;273;1;IAO;15260;2379;2069;2731;1037;20;;;;;;;2731;11;4380;425;105;366;1;1
URGENCES2;2014;340780683;340000306;GEN;168;420;0;;10757;702;1384;479;111;56;;;;;;;479;5;1825;348;236;112;1;1
URGENCES2;2014;340780717;340008150;GEN;168;168;;;14394;;;1569;;;;;;;;;1569;1;365;590;389;202;0;1
URGENCES2;2014;340780725;340016864;GEN;168;238;1;IAO;20285;1885;6404;;;;;;;;;;;4;1460;657;168;540;1;1
URGENCES2;2014;340785161;340780477;GEN;776;1596;1;IAO;76834;10431;2643;12766;;;1626;;;810;;;15202;21;7665;7991;3160;5495;1;1
URGENCES2;2014;340785161;340780477;PED;420;504;1;IAO;30051;;;;;;;;;;;;4928;6;2190;1883;591;1365;;
URGENCES2;2014;350000121;350000303;GEN;259;647;1;IAO;29148;;;4599;;;;;;;;;4599;5;1825;768;463;311;;
URGENCES2;2014;350000147;350000022;GEN;322;509;1;IAO;37213;5560;8104;13138;4022;1460;446;14;96;419;123;38;14003;10;3650;3104;201;3653;1;1
URGENCES2;2014;350000154;350000030;GEN;453;545;1;IAO;27208;3716;7443;6687;2551;760;3;2;0;389;73;35;7079;8;2920;2118;246;2408;1;0
URGENCES2;2014;350000162;350000048;GEN;336;347;1;IAO;20783;2816;4737;4800;1728;576;79;10;0;674;458;26;5553;4;1460;3693;1815;2194;1;1
URGENCES2;2014;350000188;350000055;GEN;336;336;0;;20076;2432;5612;4293;1650;438;5;;;328;;;4626;4;1460;973;189;870;1;1
URGENCES2;2014;350000741;350005179;GEN;573;1879;1;MAO;49684;7857;1407;10706;3301;121;10;8;;3304;1227;42;14020;19;6935;3972;2115;1895;1;1
URGENCES2;2014;350005146;350000733;GEN;210;324;1;IAO;21013;1324;6896;;;;0;;;;;;0;4;1460;120;76;44;1;0
URGENCES2;2014;350007084;350005179;PED;352;1196;1;IAO;30220;;;;;;;;;;;;4735;8;2536;2272;429;2410;;
URGENCES2;2014;360000038;360000046;GEN;168;168;0;;10025;1089;2644;1502;682;28;8;3;0;125;4;34;1635;6;2190;590;428;168;0;1
URGENCES2;2014;360000137;360000053;GEN;441;889;1;IAO;44696;6487;10597;12403;4055;955;196;4;20;639;220;31;13238;10;4172;3943;1049;3124;1;1
URGENCES2;2014;360000160;360000079;GEN;168;168;0;;10241;1739;2518;2266;1043;64;24;17;0;0;0;0;2290;3;1095;490;110;438;0;1
URGENCES2;2014;370000093;370000192;GEN;252;371;1;IAO;21995;1309;2899;2513;150;331;;;;381;22;50;2894;8;2920;2242;1069;1332;1;1
URGENCES2;2014;370000499;370000481;PED;;711;1;IAO;31046;;;;;;;;;;;;4147;8;2680;1419;328;1133;;
URGENCES2;2014;370000531;370000606;GEN;168;168;1;IAO;15978;2855;3069;3723;1714;50;244;21;4;472;135;61;4439;6;2190;2264;506;1927;1;0
URGENCES2;2014;370000879;370000564;GEN;182;343;1;IAO;18725;2805;4991;2644;1445;26;59;1;1;203;27;7;2906;4;1460;1243;501;752;1;0
URGENCES2;2014;370000903;370000614;GEN;218;241;0;;13799;2597;3241;1743;1044;18;9;9;0;581;89;48;2333;4;1460;651;67;691;1;0
URGENCES2;2014;370004467;370000481;GEN;;1813;1;IAO;46676;7180;1826;18225;5065;363;10;1;0;;;;18235;18;3492;12115;4139;9348;1;1
URGENCES2;2014;370007569;370007528;GEN;224;435;1;IAO;21850;;;2279;;;;;;;;;2279;3;1095;10;7;8;1;0
URGENCES2;2014;380000026;380780031;GEN;186;186;0;;7048;757;1795;792;383;6;2;2;0;416;74;68;1210;0;0;0;0;0;1;0
URGENCES2;2014;380000034;380780049;GEN;592;924;1;IAO;42400;;;9261;;;;;;;;;9261;20;7300;1066;636;435;0;1
URGENCES2;2014;380000042;380780056;GEN;240;339;0;;20007;1505;6053;1610;700;20;0;0;0;407;63;101;2017;2;730;413;110;328;;0
URGENCES2;2014;380000067;380780080;GEN;861;1512;1;IAO;55106;8459;1509;13927;4680;142;64;0;2;1607;190;37;15598;20;7300;17663;7647;12244;1;1
URGENCES2;2014;380000067;380780080;PED;336;798;1;IAO;28564;;;;;;;;;;;;5560;12;4380;5249;1907;3742;;
URGENCES2;2014;380000174;380781435;GEN;456;840;1;IAO;37772;3398;14178;9414;2662;1412;139;8;1;463;45;103;10016;8;2920;2732;553;2442;1;1
URGENCES2;2014;380000406;380784751;GEN;336;756;1;IAO;33178;;;5230;;;0;;;1468;;;6698;5;1825;2900;539;2525;0;1
URGENCES2;2014;380012658;380012609;GEN;386;582;1;IAO;26402;2566;4556;5842;1487;197;;;;;;;5842;10;3650;5842;4002;1915;1;0
URGENCES2;2014;380781450;380798140;GEN;168;238;1;IAO;17552;643;5941;1894;359;185;;;;;;;1894;2;730;477;461;16;0;0
URGENCES2;2014;380782722;380780080;GEN;212;196;0;;13792;692;3930;1376;;;;;;6;;;1382;0;;0;0;0;1;0
URGENCES2;2014;380785956;380795211;GEN;218;455;1;IAO;22285;1320;3240;1730;409;46;;;;76;2;7;1806;12;4380;1307;651;658;1;1
URGENCES2;2014;390000040;390780146;GEN;199;569;1;IAO;25872;4407;5029;8909;2780;1122;9;0;9;211;;;9129;13;4745;3906;876;4425;1;1
URGENCES2;2014;390000065;390780161;GEN;168;168;0;;11400;;3095;3122;;;;;;;;;3122;4;1460;1481;423;1278;1;1
URGENCES2;2014;390000214;390780591;GEN;158;190;0;;7671;1025;1729;1084;544;12;8;0;0;;;;1092;2;730;277;81;263;0;0
URGENCES2;2014;390000222;390780609;GEN;168;420;1;MAO;27837;3399;7208;7537;2360;1039;16;8;0;;;;7553;4;1460;1400;466;979;1;0
URGENCES2;2014;400000105;400780193;GEN;396;762;1;MAO;37985;5291;9829;7962;2856;1177;129;28;1;580;94;28;8671;10;3650;4614;1326;4106;1;1
URGENCES2;2014;400000139;400011177;GEN;574;466;1;IAO;30434;4254;6898;9359;2736;1123;181;9;3;314;69;30;9854;10;3650;3282;443;3559;1;1
URGENCES2;2014;400782769;400001764;GEN;168;168;;;8952;1635;1669;1727;1094;113;25;24;0;331;142;9;2083;4;1460;1124;766;358;0;
URGENCES2;2014;410000020;410000087;GEN;735;1680;1;IAO;48820;5099;15758;10133;2872;1787;160;6;4;2;1;0;8803;11;4015;2205;115;3105;1;0
URGENCES2;2014;410000038;410000095;GEN;298;483;1;IAO;18448;2904;4263;3411;1510;31;102;6;1;947;242;171;4460;6;2190;1833;280;2050;1;0
URGENCES2;2014;410000046;410000103;GEN;406;504;1;IAO;22099;2635;7614;5657;1588;801;288;14;3;636;106;2;6581;4;1460;2231;751;1675;1;1
URGENCES2;2014;420000010;420780033;GEN;719;872;1;IAO;42049;4598;12286;9730;3272;1031;751;409;2;1136;546;42;11617;12;4380;3492;774;3087;1;0
URGENCES2;2014;420000226;420013831;GEN;214;1176;1;IAO;23877;;6664;4900;;;;;;;;;4900;6;;2316;491;2549;1;1
URGENCES2;2014;420000234;420780652;GEN;284;689;1;IAO;30214;3317;9497;7841;2543;1349;0;0;0;0;0;0;7841;18;2718;6453;3384;3195;0;1
URGENCES2;2014;420000267;420013831;GEN;;;1;IAO;17403;;4016;1223;;;13;;;282;;;1518;6;2190;1594;273;1609;1;1
URGENCES2;2014;420010050;420787061;GEN;71;159;0;;7792;;;;;;;;;;;;;2;0;2;2;0;1;0
URGENCES2;2014;420011413;420011405;GEN;238;252;1;IAO;23634;1656;4716;3284;883;136;0;;;0;;;3284;6;2190;772;464;317;1;1
URGENCES2;2014;420780504;420000135;GEN;168;168;1;IAO;16631;;;3236;;;;;;;;;3236;5;1825;2142;1700;442;1;1
URGENCES2;2014;420780637;420002495;GEN;213;672;1;IAO;25370;2609;5473;4874;1809;113;;;;;;;4874;6;2190;2247;527;1901;0;1
URGENCES2;2014;420782310;420000853;GEN;168;371;1;IAO;17466;1785;;1790;519;;;;;;;;1790;2;730;588;493;98;1;0
URGENCES2;2014;420785354;420784878;GEN;641;1177;1;IAO;56537;5427;2755;19784;3703;283;5;0;0;;;;19789;15;5475;9527;4090;6209;1;1
URGENCES2;2014;420785354;420784878;PED;350;857;1;IAO;25080;;;;;;;;;;;;4781;2;730;4805;3714;1094;;
URGENCES2;2014;430000117;430000018;GEN;273;496;1;IAO;35635;4711;7310;12019;3336;1305;11;9;0;;;;12030;8;2920;515;354;162;0;0
URGENCES2;2014;430000190;430000034;GEN;168;287;0;;11998;;;2182;;;0;;;;;;2182;4;1460;1068;221;913;1;0
URGENCES2;2014;440000016;440000057;GEN;842;1484;1;MAO;71927;7842;17293;19063;4930;2658;4;2;0;1325;523;46;20392;10;10;3519;297;3405;1;1
URGENCES2;2014;440000271;440000289;GEN;918;2525;1;MAO;78625;8629;3802;23412;5749;634;1473;48;67;606;88;30;25491;22;8030;4639;553;6831;1;1
URGENCES2;2014;440000271;440000289;PED;292;543;1;IAO;32808;;;;;;;;;;;;6528;9;3285;1807;261;1983;;
URGENCES2;2014;440000396;440000297;GEN;262;448;1;IAO;17092;1853;4817;3371;1262;162;;;;;;;3371;4;1460;1576;187;1809;0;
URGENCES2;2014;440000503;440000313;GEN;168;168;1;IAO;17226;2411;4766;3792;1854;569;606;14;0;777;75;14;5175;4;1460;2221;923;1347;1;1
URGENCES2;2014;440041580;440041572;GEN;408;756;1;IAO;27191;4246;1830;6356;2097;96;0;0;0;396;100;14;6752;8;2920;2521;471;2298;1;0
URGENCES2;2014;450000021;450000088;GEN;224;168;1;IAO;14740;36;91;3573;3;21;0;;;;;;3573;;;0;0;0;1;1
URGENCES2;2014;450000021;450000088;PED;336;578;1;IAO;36518;;;;;;;;;;;;4940;6;2190;537;65;508;;
URGENCES2;2014;450000047;450000096;GEN;708;1008;1;IAO;27624;;;5289;;;14;;;;;;5303;10;3650;2838;589;2344;1;0
URGENCES2;2014;450000062;450000104;GEN;628;733;1;IAO;47707;4730;15730;9974;2932;1175;294;11;11;298;47;14;9891;8;2920;4106;2507;1698;1;0
URGENCES2;2014;450000070;450000112;GEN;168;168;1;IAO;16077;905;4298;1373;682;4;0;0;0;739;;;2112;4;1460;1187;270;971;0;1
URGENCES2;2014;450000294;450000591;GEN;252;693;1;IAO;25243;989;3133;2659;706;;;;;4171;;;6830;8;2920;758;120;722;1;0
URGENCES2;2014;450002613;450000088;GEN;506;1117;1;MAO;45261;7578;951;14890;4896;115;;;;;;;14890;20;7300;2273;372;2131;1;0
URGENCES2;2014;460000045;460780083;GEN;35;35;;IAO;13263;1960;2849;2663;1031;91;;;;262;31;46;2925;2;730;533;305;237;;
URGENCES2;2014;460000052;460780091;GEN;118;283;1;IAO;8953;1397;1955;1563;726;32;6;5;0;253;54;35;1822;4;1460;1146;410;891;;
URGENCES2;2014;460000102;460780208;GEN;168;252;0;;7798;1415;1590;1206;655;9;43;43;0;236;59;21;1485;3;1095;589;180;606;0;0
URGENCES2;2014;460000110;460780216;GEN;168;609;1;IAO;21967;3248;4737;6334;1930;703;0;0;0;0;0;0;6334;6;2190;2397;968;1569;1;1
URGENCES2;2014;470000027;470014069;GEN;336;455;1;IAO;25708;2692;4146;5405;1583;298;;;;;;;5405;6;2190;3306;2624;682;1;1
URGENCES2;2014;470000423;470000316;GEN;314;588;1;IAO;32724;4037;8582;4912;2253;958;216;136;6;;;;5128;8;2920;2304;479;1921;1;1
URGENCES2;2014;470000431;470000324;GEN;238;252;1;IAO;25171;2573;6119;5998;;;;;;849;;;6847;5;1825;3293;1668;1687;1;1
URGENCES2;2014;470000480;470001660;GEN;336;504;1;IAO;23223;3744;5569;6403;2331;966;318;252;0;979;441;28;7700;3;1095;2404;1064;1361;1;1
URGENCES2;2014;480000017;480780097;GEN;168;336;0;;19074;1831;;4627;1123;;;;;;;;4627;4;1460;1354;511;867;0;0
URGENCES2;2014;490000049;490000031;GEN;583;1273;1;IAO;51840;8944;1768;19568;6323;261;24;15;0;1511;106;39;21103;13;4983;10197;3681;6959;1;1
URGENCES2;2014;490000049;490000031;PED;168;496;1;IAO;23985;;;;;;;;;;;;3202;8;2920;741;123;634;;
URGENCES2;2014;490000635;490000676;GEN;478;1009;1;IAO;53569;5790;17312;12748;3556;2864;615;20;14;;;;13363;8;2920;3003;793;2328;0;1
URGENCES2;2014;490001765;490528452;GEN;238;492;1;MAO;25050;3683;6756;7279;2447;814;;;;;;;7279;5;1825;3448;1284;2294;1;1
URGENCES2;2014;490014909;490008109;GEN;252;480;1;IAO;26564;1500;7470;4258;;;;;;;;;4258;3;1095;519;238;282;1;0
URGENCES2;2014;500000021;500000054;GEN;202;468;1;IAO;19901;3199;3293;6558;2282;223;20;17;;357;109;14;6935;4;1460;2458;530;2221;0;0
URGENCES2;2014;500000187;500000013;GEN;391;840;1;IAO;45637;4717;6235;11763;3048;214;12;6;0;490;31;19;12265;12;4380;2710;922;1978;0;0
URGENCES2;2014;500000260;500000054;GEN;168;336;0;;15684;2414;3219;4516;1581;161;11;11;;117;16;;4644;4;1460;2653;1622;1066;0;0
URGENCES2;2014;500000427;500000096;GEN;170;170;1;IAO;9119;1107;1465;1444;;;2;;;131;;;1577;2;730;509;255;264;1;0
URGENCES2;2014;500000450;500000112;GEN;168;462;1;IAO;40813;4251;12828;8860;2638;1224;2;0;0;;;;8862;7;2555;1715;371;1518;1;0
URGENCES2;2014;500000468;500000013;GEN;168;252;1;IAO;12936;1808;2991;2311;994;50;12;6;0;55;9;4;2378;2;720;264;234;30;0;0
URGENCES2;2014;500000591;500000393;GEN;168;420;1;IAO;15044;2518;2910;3633;1660;17;121;0;0;465;150;2;4219;5;1825;1234;314;966;0;0
URGENCES2;2014;510000169;510000037;GEN;217;632;1;IAO;27532;2573;6812;6469;1628;718;31;24;0;23;;;6523;8;2920;1747;297;2019;1;1
URGENCES2;2014;510000185;510000532;GEN;168;210;1;IAO;15479;1182;2133;3747;95;600;;;;;;;3747;8;2920;1170;636;604;1;0
URGENCES2;2014;510000193;510000557;GEN;168;252;0;;14416;969;2105;;;;;;;;;;;8;2920;2284;910;1460;1;1
URGENCES2;2014;510000235;510000060;GEN;168;406;1;IAO;20235;3481;4600;4841;1599;602;0;0;0;146;0;0;4987;3;1095;829;330;516;1;1
URGENCES2;2014;510000250;510000078;GEN;168;252;1;IAO;14351;1941;3861;2948;985;503;0;0;0;0;0;0;2948;4;1460;835;215;701;1;1
URGENCES2;2014;510002470;510000029;PED;168;468;1;IAO;24589;;;;;;;;;;;;3167;8;2920;2381;692;1778;;
URGENCES2;2014;510004302;510000029;GEN;388;1004;1;IAO;46951;6253;1984;11288;3473;164;439;9;13;99;9;0;11826;12;4378;2945;492;3179;0;1
URGENCES2;2014;520000027;520780032;GEN;44;630;1;IAO;21760;2850;4840;5864;1979;834;0;0;0;0;0;0;5864;4;1460;1803;647;1236;0;1
URGENCES2;2014;520000043;520780057;GEN;12612;18746;0;;12907;1870;2849;3112;1128;308;15;12;0;552;151;34;3679;4;1460;782;212;641;;
URGENCES2;2014;520000068;520780073;GEN;313;504;1;IAO;26472;3695;6886;6087;2225;950;0;0;0;0;0;0;6087;8;2920;1895;453;1629;1;
URGENCES2;2014;530000017;530000025;GEN;168;322;0;;16011;3288;3703;4150;;;166;;;356;;;4672;1;365;640;347;298;0;0
URGENCES2;2014;530000173;530000074;GEN;385;;1;IAO;20089;3309;4227;5693;2299;128;229;21;4;270;57;65;6192;6;2190;1857;300;1664;1;1
URGENCES2;2014;530000264;530000371;GEN;420;675;1;IAO;40488;4612;14199;6457;2227;1107;9;1;4;455;133;40;6921;11;;2596;554;2281;;
URGENCES2;2014;540000023;540000049;GEN;336;168;0;;17060;2275;4036;3010;;;;;;497;;;3507;4;;1266;359;968;0;0
URGENCES2;2014;540000155;540000080;GEN;218;252;0;;18321;2887;4796;5058;1845;634;1;1;0;376;84;53;5435;4;1460;1641;569;1159;1;1
URGENCES2;2014;540000296;540000106;GEN;168;168;1;IAO;11059;1761;2081;1818;;;8;8;;1054;;;2880;3;1095;1556;674;942;1;0
URGENCES2;2014;540000486;540000932;GEN;168;840;0;;17669;619;308;;;;;;;;;;;8;2920;6019;4105;2726;1;1
URGENCES2;2014;540001070;540000767;GEN;336;274;1;IAO;32056;2776;10736;5730;1655;1192;116;5;2;141;26;6;5987;4;1460;1127;501;660;0;1
URGENCES2;2014;540001096;570010181;GEN;168;252;1;IAO;20866;;;4167;;;132;;;597;;;4896;7;2555;2277;557;2459;1;0
URGENCES2;2014;540001138;540023264;GEN;476;1175;1;IAO;42490;6317;998;11010;3885;79;1;1;0;1846;220;41;12857;8;2920;5342;912;5042;1;1
URGENCES2;2014;540002698;540023264;PED;140;531;1;IAO;25797;;;;;;;;;;;;5568;2;730;316;232;86;;
URGENCES2;2014;550000012;550006795;GEN;386;756;1;IAO;28414;4371;5555;6883;;;587;;;159;;;7629;6;2190;1714;774;961;1;0
URGENCES2;2014;550000434;550003354;GEN;381;588;1;IAO;18073;2336;4482;4159;1170;835;17;12;0;;;;4176;4;1460;1453;422;1095;1;1
URGENCES2;2014;560000127;560023210;GEN;621;972;1;IAO;71781;8077;20663;17813;4956;2365;6;6;0;628;161;2;18447;16;5840;7134;444;8005;1;0
URGENCES2;2014;560000135;560005746;GEN;730;1140;1;IAO;50566;5893;11108;11004;2923;10747;11;10;;1345;107;79;12360;12;4380;6561;3749;2838;1;1
URGENCES2;2014;560000143;560014748;GEN;420;588;1;IAO;26534;4532;5831;10333;3354;1273;0;0;0;481;51;21;10814;12;4380;3051;559;3090;1;1
URGENCES2;2014;560000192;560000044;GEN;168;364;1;IAO;18729;3278;3620;5621;2241;127;0;0;0;474;123;65;6095;6;2190;1700;323;1419;0;0
URGENCES2;2014;560000200;560023210;GEN;77;84;1;IAO;1425;155;410;202;75;13;0;0;0;3;0;0;205;0;0;0;0;0;0;0
URGENCES2;2014;570000059;570025254;GEN;504;672;1;IAO;43881;3025;16881;7408;1450;1813;;;;1248;253;36;8656;6;2190;2029;536;1697;1;1
URGENCES2;2014;570000117;570015099;GEN;168;504;0;IAO;23351;2770;5638;5362;1707;463;;;;526;49;44;5888;4;1460;1634;870;792;1;0
URGENCES2;2014;570000216;570010173;GEN;371;400;1;IAO;23530;;;;;;;;;;;;;4;1460;1814;496;1412;1;1
URGENCES2;2014;570000349;570005165;GEN;504;1250;1;IAO;57484;6297;18384;9439;2540;1282;626;42;5;1984;931;77;12049;15;5475;4207;475;4276;1;1
URGENCES2;2014;570000596;750821092;GEN;250;710;1;IAO;24947;1410;2267;2143;142;34;19;0;2;906;402;9;3068;6;2010;1240;337;949;1;1
URGENCES2;2014;570000646;570001115;GEN;168;336;0;;16876;1754;4667;3334;825;358;;;;129;;;3463;5;900;1280;832;448;1;1
URGENCES2;2014;570000901;570000158;GEN;280;494;1;IAO;38402;3580;12139;8776;2333;1594;;;;;;;8776;5;1825;2295;901;1495;1;1
URGENCES2;2014;570026682;570005165;GEN;525;1400;1;IAO;58512;6310;17925;9342;2451;1498;5;0;0;2811;687;180;12158;20;7300;7789;1297;7663;1;1
URGENCES2;2014;580972669;580780070;GEN;168;168;;;10666;1863;1873;1566;645;17;;;;370;83;68;1936;2;730;575;290;299;;
URGENCES2;2014;580972677;580780088;GEN;168;420;1;IAO;14131;1189;3093;1736;822;;;;;866;;;2602;2;750;823;384;463;1;0
URGENCES2;2014;580972685;580780096;GEN;168;168;0;;10278;1819;1962;2736;1186;53;6;2;0;124;;;2866;2;730;702;240;523;0;0
URGENCES2;2014;580972693;580780039;GEN;466;756;1;IAO;40054;6253;9121;9030;3596;1258;5;3;;595;122;8;9630;10;3650;3295;614;3131;1;1
URGENCES2;2014;590000121;590780227;GEN;324;770;;;35939;2851;11443;5422;1872;1637;94;80;;;;;10318;8;2920;2954;1128;2029;1;1
URGENCES2;2014;590000337;590781415;GEN;393;1283;1;IAO;56599;5543;13553;16339;3850;3129;0;;;618;;;16957;9;3285;6639;3264;3690;1;1
URGENCES2;2014;590000428;590781605;GEN;238;682;1;IAO;29527;;;8778;;;;;;449;;;9227;10;3650;8650;4395;4512;0;1
URGENCES2;2014;590000436;590781621;GEN;1126;1644;1;IAO;12611;1159;3443;2867;776;102;2;1;;;;;2869;5;1825;2418;1130;1388;0;1
URGENCES2;2014;590000469;590781662;GEN;;;;;15268;;;;;;;;;;;;;12;;2051;564;2263;;
URGENCES2;2014;590000535;590781803;GEN;476;840;1;IAO;56174;3944;16290;7208;1561;1679;595;7;7;782;216;16;8585;12;4380;5212;2604;2824;0;1
URGENCES2;2014;590000592;590782165;GEN;336;588;1;IAO;27991;2674;7426;3825;1656;287;226;0;6;327;13;119;4378;6;2190;2742;649;2289;0;1
URGENCES2;2014;590000618;590782215;GEN;566;1362;;;55663;7712;1400;8942;2343;81;;;;1812;;;10754;17;6205;13374;6258;7648;1;1
URGENCES2;2014;590000618;590782215;PED;;333;1;IAO;24484;;;;;;;;;;;;4794;8;1860;1505;1053;457;;
URGENCES2;2014;590000758;590782637;GEN;223;651;1;IAO;33075;2573;12412;11614;1967;2338;;;;;;;11614;10;3650;8050;5326;2881;1;0
URGENCES2;2014;590000774;590782652;GEN;168;227;1;IAO;17072;1650;3778;3257;1034;100;;;;670;251;27;3927;2;730;1674;1019;679;0;0
URGENCES2;2014;590001004;590783239;GEN;733;1344;1;IAO;66653;6249;21277;16891;3931;3170;273;6;5;506;;;14562;11;4015;5146;1059;4585;0;1
URGENCES2;2014;590001749;590788956;GEN;168;315;1;IAO;13785;748;4030;1681;513;8;3;1;;;;;1684;2;730;170;115;170;1;0
URGENCES2;2014;590008041;590008033;GEN;168;546;;;15133;;;;;;;;;;;;;10;;342;28;336;;
URGENCES2;2014;590780284;590051801;GEN;;;1;IAO;21969;3689;2381;7248;2439;170;;;;;;;7248;7;2555;4030;2124;2073;;
URGENCES2;2014;590796975;590780193;GEN;611;1985;1;IAO;77460;6470;2865;7897;2703;2451;16142;3476;386;1554;291;28;25593;13;3263;19183;11846;7521;0;1
URGENCES2;2014;590796975;590780193;PED;228;448;1;IAO;22493;;;;;;;;;;;;5297;10;2510;5196;2847;2377;;
URGENCES2;2014;590797353;590051801;GEN;;;1;IAO;39266;2190;2957;8104;1373;282;;;;;;;8104;7;2555;3093;760;2819;0;0
URGENCES2;2014;590797353;590051801;PED;;;0;;20785;;;;;;;;;;;;3070;5;1825;1189;303;913;;
URGENCES2;2014;590801106;590782421;GEN;946;;1;IAO;59659;;;9320;;;24;;;1702;;;11046;20;7283;17599;11456;6380;0;1
URGENCES2;2014;590801106;590782421;PED;168;;1;IAO;25859;;;;;;;;;;;;4101;0;0;0;0;0;;
URGENCES2;2014;590804696;590781902;GEN;559;924;1;IAO;48856;3929;15329;9078;2274;1807;8;5;0;1115;92;100;10201;8;2920;3478;1415;2102;1;1
URGENCES2;2014;590816310;590000048;GEN;174;266;1;IAO;12682;492;4079;1120;21;77;;;;101;9;11;1221;2;1095;41;21;20;1;1
URGENCES2;2014;600000053;600101984;GEN;469;460;1;IAO;22145;2168;3604;4003;1216;79;6;5;;283;65;14;4292;6;2184;1843;307;1920;1;1
URGENCES2;2014;600000053;600101984;PED;126;118;0;;7446;;;;;;;;;;;;1131;;;0;0;0;;
URGENCES2;2014;600000186;600100648;GEN;168;336;0;;24320;1851;6308;2177;676;43;5;5;0;563;79;85;2745;0;0;0;0;0;1;1
URGENCES2;2014;600000194;600100713;GEN;579;1190;1;IAO;42841;4629;6098;7403;2113;161;9;8;0;516;96;14;7928;10;3650;4718;1450;3596;1;1
URGENCES2;2014;600000194;600100713;PED;156;300;1;IAO;19185;;;;;;;;;;;;2513;4;1460;781;185;639;;
URGENCES2;2014;600000285;600100721;GEN;106;527;1;IAO;17344;3723;1;1887;;;1;;;125;;;2013;3;1095;713;190;533;0;1
URGENCES2;2014;600000467;600101984;GEN;653;962;1;MAO;34750;3359;4723;7161;1698;142;;;;440;110;4;7601;12;4380;2459;132;3300;0;1
URGENCES2;2014;600000467;600101984;PED;119;215;0;;18047;;;;;;;;;;;;2749;;;0;0;0;;
URGENCES2;2014;600100754;600000228;GEN;189;336;1;IAO;20039;486;3905;1388;227;80;;;;;;;1388;5;1825;668;454;234;1;1
URGENCES2;2014;600113476;600100721;GEN;436;35;1;IAO;43109;2774;2485;9465;;;1;;;251;;;9717;12;4380;3395;306;3667;0;1
URGENCES2;2014;600113476;600100721;PED;190;35;1;IAO;15488;;;;;;;;;;;;2350;;;0;0;0;;
URGENCES2;2014;610000044;610780074;GEN;168;279;0;;15738;1901;3984;3375;1798;756;;;;;;;3375;4;1460;1663;664;1095;1;0
URGENCES2;2014;610000051;610780082;GEN;546;865;1;IAO;34290;4433;7117;6906;2291;616;6;2;0;650;179;10;7562;8;2920;1886;365;2414;0;1
URGENCES2;2014;610000069;610780090;GEN;168;672;0;;19421;2658;4227;6043;1922;609;;;;95;10;7;6138;5;1825;5723;3889;1931;1;1
URGENCES2;2014;610000077;610780124;GEN;168;168;1;IAO;8176;1227;1791;1621;659;15;22;12;0;308;60;55;1951;2;730;650;160;510;1;0
URGENCES2;2014;610000119;610780165;GEN;386;624;1;IAO;31698;;;9256;;;;;;;;;9256;6;2190;6825;3993;3105;1;1
URGENCES2;2014;610780116;610790594;GEN;133;299;0;;10416;1632;2158;2430;1062;17;32;24;0;474;99;105;2936;3;1095;786;190;636;0;0
URGENCES2;2014;620000034;620100057;GEN;386;770;1;IAO;37608;4420;4854;9257;2722;290;518;247;12;1257;512;18;11032;7;3467;6157;3863;2363;1;1
URGENCES2;2014;620000034;620100057;PED;168;195;;;9084;;;;;;;;;;;;2403;2;730;627;559;73;;
URGENCES2;2014;620000224;620100651;GEN;263;;1;IAO;41298;4790;10660;12275;2147;1786;62;45;;1040;210;36;13377;6;2190;836;364;474;1;0
URGENCES2;2014;620000257;620100685;GEN;500;1432;1;IAO;59354;5449;22988;16210;3059;4320;1089;513;51;913;301;65;18212;16;5840;6260;727;6468;1;0
URGENCES2;2014;620000323;620101337;GEN;524;1088;1;IAO;48887;3036;14412;11707;2211;2078;143;1;11;299;13;33;12149;12;4380;5649;1534;4514;0;1
URGENCES2;2014;620000349;620101360;GEN;294;756;1;IAO;40215;3393;17478;11928;;1438;;;;172;;;12100;7;2555;4910;1053;4209;1;0
URGENCES2;2014;620000653;620103440;GEN;313;1057;1;IAO;41926;4533;7747;13653;3078;848;254;7;4;0;0;0;13907;10;3650;9560;6205;3718;1;1
URGENCES2;2014;620000653;620103440;PED;313;1057;1;IAO;7457;;;;;;;;;;;;1989;2;730;335;326;9;;
URGENCES2;2014;620003202;620103432;GEN;336;481;1;IAO;29081;2993;8136;9450;2358;1763;690;24;5;;;;10140;6;3120;3072;520;2823;1;0
URGENCES2;2014;620003350;620001834;GEN;465;685;1;IAO;22126;2383;5085;1350;;;;;;591;;;1941;2;730;2484;1379;1254;1;1
URGENCES2;2014;620003376;620001834;GEN;536;;1;IAO;26712;;;7079;;;;;;;;;7079;5;5110;4919;1867;3242;0;0
URGENCES2;2014;620025346;620001834;GEN;336;560;1;IAO;21682;2413;5478;;;;;;;;;;;7;2555;2903;1483;1609;0;0
URGENCES2;2014;620100735;620000265;GEN;168;84;;;14315;;;1834;;;;;;;;;1834;2;730;674;538;139;0;0
URGENCES2;2014;630000404;630780989;GEN;;1319;1;IAO;49989;6406;2149;14637;4185;193;;;;;;;14637;14;5110;7167;1422;7447;0;0
URGENCES2;2014;630000412;630780997;GEN;168;280;0;;9938;999;2374;1385;913;56;;;;264;;;1649;4;1460;578;131;631;0;1
URGENCES2;2014;630000420;630781003;GEN;50;35;1;IAO;15654;1933;3343;;;;;;;;;;;2;730;760;254;549;0;0
URGENCES2;2014;630000438;630781011;GEN;168;259;0;;16957;;;4118;;;0;;;;;;4118;8;2210;1628;259;1707;0;0
URGENCES2;2014;630000446;630781029;GEN;168;168;;;13915;1707;2731;2756;936;50;;;;;;;2756;4;1460;1096;202;1059;;
URGENCES2;2014;630780211;630000107;GEN;178;287;;;18940;772;2704;;;;;;;;;;;2;730;184;148;36;;
URGENCES2;2014;630781268;630780989;PED;0;615;1;IAO;27588;;;;;;;;;;;;3217;4;1460;1135;291;1061;;
URGENCES2;2014;640000162;640780417;GEN;742;994;1;IAO;54341;4747;16788;16601;3479;3216;533;13;17;;;;14424;13;4745;3761;1484;2460;;
URGENCES2;2014;640000402;640780813;GEN;168;336;0;;12942;1755;3714;2073;844;107;50;50;0;591;;;2714;4;1460;1010;479;543;0;1
URGENCES2;2014;640000410;640780821;GEN;175;230;0;;13468;2100;3098;3382;1198;119;0;0;0;60;34;0;3442;2;730;610;208;406;0;0
URGENCES2;2014;640000600;640781290;GEN;568;1292;1;IAO;61799;5842;22069;8414;2031;2474;0;;;;;;6028;9;3285;5311;2281;3269;0;0
URGENCES2;2014;640017646;640017638;GEN;168;168;1;IAO;8520;1157;1883;2259;804;46;;;;243;23;62;2502;2;730;465;262;224;0;0
URGENCES2;2014;640780433;640012209;GEN;168;224;1;IAO;11769;572;2293;1955;;;;;;85;;;2040;4;1460;755;663;92;1;1
URGENCES2;2014;640780490;640000212;GEN;168;217;0;;15321;1844;2879;3458;726;60;;;;170;71;38;3628;4;1460;1585;1235;359;1;1
URGENCES2;2014;640780748;640000360;GEN;295;400;0;;14791;1925;3197;2706;1008;175;;;;977;125;27;3683;9;3285;4756;3391;1414;1;1
URGENCES2;2014;640780938;640000451;GEN;168;168;0;;11130;;;1842;;;;;;;;;1842;2;730;967;937;30;1;0
URGENCES2;2014;650000045;650780158;GEN;336;504;1;IAO;18901;2469;3619;3112;1104;83;8;6;0;661;143;53;3781;6;2190;1863;777;1124;1;1
URGENCES2;2014;650000052;650780166;GEN;168;168;0;;6593;903;1459;583;338;2;15;8;0;560;108;70;1158;2;730;102;93;9;0;0
URGENCES2;2014;650000417;650783160;GEN;794;888;1;IAO;34465;4552;10968;10096;2707;1899;17;14;;366;103;18;10479;8;2920;3234;1011;2473;0;0
URGENCES2;2014;650780679;650000243;GEN;168;245;0;;9645;756;1262;868;106;30;;2;;176;27;;1044;3;1095;338;252;87;1;0
URGENCES2;2014;650784218;650780174;GEN;168;504;0;;12391;1573;2612;2223;751;102;132;11;12;280;53;55;2635;2;730;1193;677;519;1;1
URGENCES2;2014;660000084;660780180;GEN;606;630;1;IAO;53639;8284;6863;15233;5396;459;;;;;;;15233;22;8030;9186;3354;7437;1;1
URGENCES2;2014;660000084;660780180;PED;252;336;1;IAO;21685;;;;;;;;;;;;2523;5;1825;798;330;469;;
URGENCES2;2014;660780628;660000282;GEN;168;168;1;IAO;12094;1712;2751;1668;913;82;0;0;0;115;28;5;1783;2;730;283;270;13;;
URGENCES2;2014;660780776;660000399;GEN;168;168;0;;9056;1199;2142;2082;750;135;0;0;0;200;0;0;2282;2;730;345;191;157;1;1
URGENCES2;2014;660780784;660000407;GEN;399;413;1;IAO;28430;2299;5664;3693;812;139;;;;745;178;67;4438;2;730;546;407;141;1;1
URGENCES2;2014;660790387;660790379;GEN;238;413;1;IAO;38198;;;4355;;;;;;;;;4355;10;3650;578;422;156;1;0
URGENCES2;2014;670000025;670780055;GEN;538;1330;1;MAO;32177;4798;870;10145;3119;70;105;13;2;1001;278;3;11251;18;6570;15793;7310;10127;1;1
URGENCES2;2014;670000157;670780337;GEN;641;1138;1;IAO;44380;4345;14835;9858;3059;1198;;;;993;136;88;9753;11;4015;4733;762;4676;1;0
URGENCES2;2014;670000165;670780345;GEN;546;885;1;IAO;27889;2955;2085;4870;1899;2;138;91;;810;364;1;6781;5;1825;1645;373;1432;;
URGENCES2;2014;670000272;670780543;GEN;224;175;1;IAO;12709;1488;2927;2667;965;73;14;9;0;276;32;67;2957;2;730;178;97;81;1;1
URGENCES2;2014;670000397;670780691;GEN;304;650;1;MAO;30438;2836;8750;4982;1701;971;;;;1036;231;48;6018;4;1460;1947;967;999;1;1
URGENCES2;2014;670016237;670016211;GEN;168;400;1;IAO;27655;848;7407;2860;323;37;1;1;;;;;2861;5;1825;2154;1692;467;1;1
URGENCES2;2014;670780212;670014604;GEN;42;;0;;16558;839;3055;2409;260;10;;;;103;103;21;2512;5;1825;2405;1599;808;0;0
URGENCES2;2014;670783273;670780055;GEN;504;1505;1;IAO;38024;4740;504;7426;1978;42;121;12;1;836;448;0;8383;14;5110;13071;6948;7359;1;1
URGENCES2;2014;670783273;670780055;PED;196;753;;;37202;;;;;;;;;;;;4108;8;2920;4108;2277;2017;;
URGENCES2;2014;680000320;680000643;GEN;168;418;1;IAO;29368;2579;5193;5395;1503;50;;;;1065;164;114;6460;4;1460;1374;847;556;1;0
URGENCES2;2014;680000544;680000395;GEN;218;262;1;IAO;16295;1485;3569;2381;777;144;1;;;;;;2382;2;730;490;245;259;1;0
URGENCES2;2014;680000601;680000437;GEN;238;280;0;;15496;1640;3751;1673;758;46;;;;557;102;111;2230;2;730;529;242;296;1;0
URGENCES2;2014;680000627;680000486;GEN;178;290;0;;14201;;14201;2509;;2509;;;;;;;2509;2;730;568;286;285;;
URGENCES2;2014;680000684;680000973;GEN;772;1365;1;IAO;47529;4519;3343;11990;2518;228;;;;;;;11990;10;3593;4030;945;3248;0;0
URGENCES2;2014;680000700;680001005;GEN;168;295;;;21124;1614;3305;1508;;;;;;;;;1508;3;1095;833;515;322;;
URGENCES2;2014;680001245;680000973;GEN;228;290;0;;18816;;18816;3294;;3294;;;;;;;3294;4;1460;39;33;6;;
URGENCES2;2014;680004546;680000486;GEN;574;1155;1;IAO;62722;6959;8122;10990;3198;615;;;;1357;111;68;12347;15;5475;4348;864;4135;0;0
URGENCES2;2014;680020096;680000486;GEN;168;273;1;IAO;16196;3528;1335;46;1;14;;;;1778;53;613;1824;;;0;0;0;1;1
URGENCES2;2014;690000013;690780036;GEN;336;84;0;;17614;1120;4150;1884;578;16;0;0;0;209;46;3;2093;3;1095;1246;597;669;1;1
URGENCES2;2014;690000575;690782222;GEN;711;1176;1;IAO;61869;5423;26989;13735;;;;;;;;;13735;16;5840;5439;925;4752;1;1
URGENCES2;2014;690000625;690782271;GEN;317;269;0;;17465;1620;3805;2644;806;0;0;0;0;559;4;2;3203;4;1460;1336;379;963;1;1
URGENCES2;2014;690007539;690781810;PED;476;1680;1;IAO;93360;;;;;;;;;;;;6874;19;6839;4124;800;3465;;
URGENCES2;2014;690023411;690000252;GEN;247;336;1;IAO;18538;1416;1410;3170;593;18;0;0;0;360;171;5;3530;4;1460;1617;943;711;1;0
URGENCES2;2014;690780093;750821092;GEN;282;420;1;IAO;27572;3612;;4527;;;;;;658;;;5185;4;1460;1119;249;939;1;1
URGENCES2;2014;690780382;690006598;GEN;188;273;0;;19184;704;4712;697;146;14;;;;58;53;1;755;3;1092;405;298;113;1;1
URGENCES2;2014;690780390;690000229;GEN;189;252;1;IAO;19659;1446;3924;2352;702;121;;;;114;14;28;2466;5;1825;599;211;414;1;1
URGENCES2;2014;690780416;690031190;GEN;274;490;1;IAO;24451;;;;;;;;;;;;;8;;2310;462;2192;1;0
URGENCES2;2014;690780648;690036900;GEN;252;402;1;IAO;21070;1991;1466;1323;;;;;;87;;;1410;6;2190;1753;691;1122;1;
URGENCES2;2014;690780655;690000377;GEN;238;420;1;IAO;31284;2172;;;;;;;;453;;;453;6;192;296;104;192;;
URGENCES2;2014;690782834;690000724;GEN;204;560;1;IAO;19586;1612;1668;220;59;;;;;;;;220;4;1228;603;43;906;1;1
URGENCES2;2014;690783154;690781810;GEN;1062;1620;1;IAO;64073;6691;1631;13472;2057;110;1202;53;7;1787;142;36;16461;19;6935;8114;1106;9589;1;1
URGENCES2;2014;690784137;690781810;GEN;;630;1;IAO;32090;4275;66;8851;2761;51;3;3;0;431;71;8;9285;13;6828;3982;431;5585;1;1
URGENCES2;2014;690784152;690781810;GEN;465;875;1;IAO;26678;2888;2069;4565;1751;12;0;0;;158;65;2;4723;9;3594;3662;574;3129;1;1
URGENCES2;2014;690805361;690805353;GEN;469;1256;1;IAO;37962;4438;1176;6544;2397;45;;;;1044;396;26;7588;13;4745;4406;107;6353;1;1
URGENCES2;2014;690807367;690003447;GEN;170;287;1;IAO;15730;480;3621;;;;;;;;;;;2;730;71;58;13;1;1
URGENCES2;2014;700000011;700780026;GEN;168;168;1;IAO;10657;1543;2260;2153;;;;;;833;;;2986;2;730;602;233;380;1;0
URGENCES2;2014;700000029;700004591;GEN;396;596;1;IAO;30715;4319;6994;11766;3225;2148;410;8;26;533;57;78;12709;10;3650;4744;1493;3668;1;1
URGENCES2;2014;710010067;710780644;GEN;218;420;1;IAO;21178;3059;5334;;;;;;;;;;;5;1825;1791;545;1351;0;0
URGENCES2;2014;710010786;710781451;GEN;156;233;0;;14357;;;2817;;;;;;;;;2817;2;730;673;159;567;0;0
URGENCES2;2014;710978263;710780958;GEN;396;496;1;IAO;48076;4961;14523;11023;2896;1742;2;2;;;;;11025;8;2920;3164;405;3703;1;0
URGENCES2;2014;710978289;710780263;GEN;428;826;1;IAO;47465;5216;14597;10331;3978;1487;438;48;0;;;;10769;10;3650;3430;462;3045;1;1
URGENCES2;2014;710978313;710976705;GEN;168;168;0;;20869;3170;4042;5303;2247;47;;;;601;85;122;5904;6;2190;2101;443;1569;1;0
URGENCES2;2014;710978347;710781204;GEN;252;588;1;IAO;28391;2970;9216;4861;1483;300;1;1;0;492;136;12;5354;2;730;1221;1220;1;1;0
URGENCES2;2014;720000033;720000025;GEN;472;1560;1;MAO;54549;10451;278;15074;6184;116;42;35;0;1920;117;1;17036;22;8030;13686;6553;7553;1;1
URGENCES2;2014;720000033;720000025;PED;305;754;1;IAO;28308;;;;;;;;;;;;5450;7;2555;2793;1287;1525;;
URGENCES2;2014;720000124;720000066;GEN;168;168;1;IAO;8583;1251;1990;1051;539;5;21;15;0;318;60;46;1390;3;;219;71;159;0;0
URGENCES2;2014;720000470;610780082;GEN;112;333;0;;7406;1253;1725;2227;831;93;2;1;0;131;26;14;2360;3;1095;1360;1015;366;0;1
URGENCES2;2014;720000520;720000140;GEN;168;175;0;;7940;1081;1715;825;483;;31;21;;274;;;1130;4;1460;450;182;303;0;0
URGENCES2;2014;720001437;720006022;GEN;252;269;0;;14004;1896;2893;3075;1159;78;2;2;0;331;21;93;3408;4;1460;1215;389;883;1;0
URGENCES2;2014;720016179;720016724;GEN;181;545;1;IAO;24325;3329;6169;6441;2188;811;30;22;0;424;35;70;6895;4;1460;1635;454;1231;1;0
URGENCES2;2014;720017748;720000561;GEN;252;540;1;IAO;30030;1851;4834;3976;;;;;;;;;3976;7;2555;1679;355;1425;1;1
URGENCES2;2014;730000031;730000015;GEN;214;1240;1;IAO;58659;6061;16382;15444;3729;3454;739;495;0;;;;16183;11;3413;3618;708;3122;1;1
URGENCES2;2014;730000049;730002839;GEN;168;165;1;IAO;11859;751;2301;2747;423;138;3;1;;274;26;17;3024;0;0;0;0;0;1;1
URGENCES2;2014;730000080;730780103;GEN;336;504;1;IAO;14312;1427;3191;3372;;;0;;;304;;;3676;2;730;874;464;420;1;1
URGENCES2;2014;730000098;730780111;GEN;168;270;1;IAO;15971;2353;2685;2527;1184;0;;;;;;;2527;3;1095;977;223;771;1;0
URGENCES2;2014;730000247;730780525;GEN;168;168;0;;13772;652;3329;2544;327;259;;;;462;39;108;3006;6;2190;1330;473;892;0;1
URGENCES2;2014;730000262;730002839;GEN;168;256;0;;22008;2035;6305;5642;1338;1170;1;1;;538;53;55;6181;8;2920;1645;237;1585;1;1
URGENCES2;2014;730004298;730010048;GEN;188;420;1;IAO;26009;657;6311;1734;;;3;2;0;51;6;2;1788;6;2190;306;72;242;1;0
URGENCES2;2014;740000237;740781133;GEN;572;1680;1;IAO;74481;6675;18172;16121;3455;2584;642;30;8;441;137;13;15050;16;5840;5431;1598;4575;1;1
URGENCES2;2014;740000294;740781208;GEN;63;63;0;;5285;;;83;;;0;0;0;;;;83;0;0;0;0;0;0;0
URGENCES2;2014;740000302;740781133;GEN;406;160;1;IAO;23027;2429;5389;4685;1420;722;134;38;0;365;42;53;5184;6;2190;1854;378;1618;1;1
URGENCES2;2014;740000328;740790381;GEN;650;1200;1;IAO;41053;4756;10932;9247;;1552;114;;;229;;;9590;10;3650;2313;158;2673;1;1
URGENCES2;2014;740014345;740000617;GEN;168;1442;1;IAO;32022;768;7653;3061;;;0;;;93;;;3154;6;520;292;93;214;1;1
URGENCES2;2014;740780424;740000120;GEN;168;252;1;IAO;10562;698;2506;1348;140;52;;;;22;3;1;1370;4;1336;620;320;347;1;1
URGENCES2;2014;740781141;740790258;GEN;490;959;1;IAO;51527;3889;15332;10579;2157;1829;;;;866;54;15;11445;9;3285;1869;112;1807;1;1
URGENCES2;2014;740781224;740001839;GEN;302;664;1;IAO;34921;2903;8605;8649;1844;1708;;;;413;43;33;9062;10;3650;2163;158;2547;1;1
URGENCES2;2014;750000523;750150120;GEN;358;712;1;IAO;39364;6359;843;13391;3389;82;;;;860;280;13;14251;6;2190;2822;872;1968;1;1
URGENCES2;2014;750000549;750150229;GEN;168;208;1;IAO;30375;1238;4844;855;140;81;;;;;;;855;2;;32;32;0;0;0
URGENCES2;2014;750100018;750712184;GEN;204;746;1;IAO;26845;739;502;1149;;;;;;;;;1149;4;1460;422;117;407;1;1
URGENCES2;2014;750100042;750712184;GEN;760;1915;1;IAO;68906;5437;3251;7317;850;112;36;0;0;1892;118;113;9245;21;4745;5836;615;6805;1;1
URGENCES2;2014;750100075;750712184;GEN;350;672;1;IAO;36340;1543;833;2455;286;12;;;;726;35;23;3181;7;2555;2571;566;2635;1;1
URGENCES2;2014;750100091;750712184;GEN;612;1799;1;IAO;57204;6071;1905;11944;3530;186;34;1;1;1461;225;30;13439;11;4015;5805;1354;4815;1;1
URGENCES2;2014;750100109;750712184;PED;1570;2672;1;IAO;50041;;;;;;;;;;;;7044;6;2760;6084;2744;3729;;
URGENCES2;2014;750100125;750712184;GEN;647;1463;1;IAO;59505;4044;1928;9723;3079;22;87;6;1;130;18;1;9940;20;7300;6977;781;6924;1;1
URGENCES2;2014;750100166;750712184;GEN;484;1573;;IAO;50892;6931;323;10847;;;;;;;;;10847;22;8030;10400;4626;6566;1;1
URGENCES2;2014;750100208;750712184;PED;711;1260;1;IAO;69905;;;;;;;;;;;;4310;12;;4818;2778;2061;;
URGENCES2;2014;750100232;750712184;GEN;752;1512;1;IAO;78414;5562;2210;4295;741;57;18;1;0;1106;121;53;5419;24;8760;10190;2900;9064;1;1
URGENCES2;2014;750100273;750712184;GEN;455;1204;1;IAO;44064;4203;1554;9091;2217;134;;;;1242;169;42;10333;14;5110;7743;2720;5276;1;1
URGENCES2;2014;750150237;750006728;GEN;261;438;1;IAO;20718;1530;333;1720;524;15;;;;341;81;3;2061;2;730;646;118;566;1;1
URGENCES2;2014;750803447;750712184;GEN;484;1578;1;IAO;49723;5671;1804;11493;3345;141;;;;1363;;;12856;15;5475;5754;2595;3682;1;1
URGENCES2;2014;750803454;750712184;PED;1160;1664;1;IAO;85724;;;;;;;;;;;;6948;15;;3682;1821;1907;;
URGENCES2;2014;760000018;760780023;GEN;373;647;1;IAO;35669;3841;9303;8988;2314;1603;807;34;37;;;;9795;2;730;800;72;797;0;1
URGENCES2;2014;760000042;760780056;GEN;168;168;0;;16996;979;5406;337;;;;;;;;;337;2;730;79;9;102;0;0
URGENCES2;2014;760000141;760780239;GEN;190;501;1;IAO;23326;2236;4809;3412;1258;42;;;;;;;3412;5;1825;3418;2373;1053;0;1
URGENCES2;2014;760000158;760780239;GEN;824;2163;1;MAO;78294;10812;2632;27067;6738;446;;;;;;;27067;18;6570;24885;16270;8758;0;1
URGENCES2;2014;760000158;760780239;PED;307;719;1;IAO;37381;;;;;;;;;;;;6519;;;0;0;0;;
URGENCES2;2014;760000364;760780734;GEN;80;330;1;IAO;21240;3152;5748;;;;;;;;;;;4;1460;1473;320;1314;0;0
URGENCES2;2014;760000372;760780742;GEN;336;385;0;;20756;1987;5579;970;309;29;111;86;0;1458;;180;2539;4;1460;2203;837;1452;0;0
URGENCES2;2014;760000463;760024042;GEN;787;1032;1;IAO;55416;6040;11474;10694;;1436;;;;515;;;11209;8;2920;2080;313;2169;0;1
URGENCES2;2014;760021329;760000448;GEN;272;485;1;IAO;37028;2259;7606;3422;;;;;;28;;;3450;6;2190;1915;1605;314;1;1
URGENCES2;2014;760780510;760000257;GEN;190;236;1;IAO;15047;768;3797;;;;;;;;;;;4;;261;110;152;0;1
URGENCES2;2014;760780791;760000414;GEN;209;365;1;IAO;25998;1031;4532;1454;248;56;0;0;0;;;;1454;4;1460;1173;902;276;1;0
URGENCES2;2014;760805770;760780726;GEN;525;1216;1;IAO;40546;5725;1301;10574;3989;252;;;;219;23;3;10793;8;2920;4554;2000;2621;1;1
URGENCES2;2014;760805770;760780726;PED;284;577;1;IAO;33282;;;;;;;;;;;;4719;2;730;826;755;72;;
URGENCES2;2014;760921809;760000273;GEN;286;393;1;IAO;32855;2239;12888;1080;40;19;;;;155;;;1235;6;2190;895;114;873;1;1
URGENCES2;2014;770000131;770110013;GEN;218;420;1;IAO;31016;3364;9716;5564;;;349;;;;;;5913;2;730;539;120;450;;
URGENCES2;2014;770000131;770110013;PED;168;168;1;IAO;6562;;;;;;;;;;;;801;;;0;0;0;;
URGENCES2;2014;770000149;770110021;GEN;238;588;1;IAO;24009;2586;3206;3793;1257;116;6;4;0;760;152;42;4559;4;1460;1235;371;893;1;1
URGENCES2;2014;770000149;770110021;PED;50;168;1;IAO;13770;;;;;;;;;;;;1500;2;730;401;396;6;;
URGENCES2;2014;770000156;770110054;GEN;430;588;1;IAO;40963;2641;4920;9384;;;429;;;;;;9813;12;4380;6173;1664;5129;1;0
URGENCES2;2014;770000156;770110054;PED;264;669;1;IAO;14726;;;;;;;;;;;;1869;2;730;684;576;119;;
URGENCES2;2014;770000164;770110062;GEN;168;168;1;IAO;35323;3213;11591;4950;653;708;;;;;;;4950;4;1460;1108;702;436;1;1
URGENCES2;2014;770000172;770110070;GEN;208;336;0;;23706;2368;3805;5358;1453;135;108;1;4;159;;;5625;5;1825;2231;1342;901;1;0
URGENCES2;2014;770000172;770110070;PED;168;21;0;;8274;;;;;;;;;;;;1154;1;365;74;73;1;;
URGENCES2;2014;770000214;770130052;GEN;252;252;0;;18094;1975;3557;1762;916;26;457;4;32;;;;2219;3;1022;939;209;843;0;0
URGENCES2;2014;770000446;770700185;GEN;120;185;1;IAO;53900;3717;8843;10037;1911;2748;564;10;13;;;;10601;10;3650;1768;169;2101;1;0
URGENCES2;2014;770000446;770700185;PED;132;168;1;IAO;16259;;;;;;;;;;;;2625;2;730;362;266;96;;
URGENCES2;2014;770019032;770170017;GEN;861;1344;1;IAO;61358;3467;8301;8924;2454;117;1026;18;19;1129;168;178;11079;12;3967;3914;1435;2650;1;1
URGENCES2;2014;770019032;770170017;PED;168;168;1;IAO;13538;;;;;;;;;;;;1800;;;0;0;0;;
URGENCES2;2014;770300135;770000289;GEN;252;238;;;21273;959;7196;864;;;;;;;;;864;3;1095;68;67;1;1;1
URGENCES2;2014;770790707;770000719;GEN;228;420;0;;15021;506;4209;1501;367;87;;;;;;;1501;5;1825;501;189;324;1;0
URGENCES2;2014;780000287;780110011;GEN;656;926;1;IAO;41424;3140;5365;6862;1744;97;389;13;1;214;26;7;7465;8;2920;2472;723;1976;1;1
URGENCES2;2014;780000287;780110011;PED;840;770;0;;18741;;;;;;;;;;;;1633;;;0;0;0;;
URGENCES2;2014;780000295;780002697;GEN;40;38;1;IAO;27319;1752;3578;1724;20;16;528;197;2;691;181;40;2943;9;3285;2160;418;2021;1;1
URGENCES2;2014;780000311;780001236;GEN;802;980;1;IAO;46232;5716;5555;10050;3142;124;289;13;5;106;16;7;10445;9;3285;5475;1496;4937;0;1
URGENCES2;2014;780000311;780001236;PED;506;504;1;IAO;23177;;;;;;;;;;;;3223;6;2190;1252;349;964;;
URGENCES2;2014;780000329;780110052;GEN;406;1347;1;IAO;26606;3027;4589;4643;1660;172;;;;532;101;12;5175;11;4015;4301;1131;3819;1;1
URGENCES2;2014;780000329;780110052;PED;168;84;1;IAO;8925;;;;;;;;;;;;1093;;;0;0;0;;
URGENCES2;2014;780000436;780150041;GEN;;;;;15398;1217;3315;;;;;;;;;;;2;730;202;130;73;;
URGENCES2;2014;780300323;780003679;GEN;168;336;1;IAO;24696;1727;5606;1253;;;;;;183;;;1436;4;1460;624;227;409;1;
URGENCES2;2014;780300406;780018032;GEN;175;228;1;IAO;15545;2024;3034;1056;413;31;;;;92;;;1148;4;1460;212;58;163;1;0
URGENCES2;2014;780300414;780000675;GEN;168;336;1;IAO;15543;1271;3716;2442;1003;42;;;;;;;2442;4;1460;1142;911;231;0;0
URGENCES2;2014;780300422;780002259;GEN;357;674;1;IAO;53500;;;;;;;;;;;;;8;2920;1951;997;1042;1;
URGENCES2;2014;780300455;780000717;GEN;168;168;0;;20633;960;4792;2455;;;;;;97;;;2552;4;1460;202;202;0;1;0
URGENCES2;2014;780800256;780110078;GEN;866;1766;1;MAO;56316;7388;7155;7059;2131;169;1532;46;75;3674;1953;350;12265;13;4745;11713;5471;6710;0;1
URGENCES2;2014;780800256;780110078;PED;;;0;;18380;;;;;;;;;;;;2380;4;1460;1130;264;1032;;
URGENCES2;2014;790000087;790000012;GEN;342;1328;1;IAO;44874;6691;4775;11236;3430;126;1162;135;2;697;299;1;13095;12;4380;6509;1628;5765;1;1
URGENCES2;2014;790000087;790000012;PED;63;168;0;;11087;;;;;;;;;;;;2240;2;730;447;387;62;;
URGENCES2;2014;790000095;790006654;GEN;168;282;1;IAO;16068;1759;4474;2697;832;7;44;0;0;377;192;132;3118;4;1460;872;145;897;1;1
URGENCES2;2014;790000103;790006654;GEN;168;168;1;IAO;13168;1487;3277;2150;749;6;13;10;3;451;149;68;2614;4;1460;996;185;981;1;1
URGENCES2;2014;790003537;790006654;GEN;168;225;1;IAO;14375;1991;3611;3044;1140;6;297;6;3;253;88;68;3594;4;1460;1014;220;910;1;1
URGENCES2;2014;790009948;790001242;GEN;168;350;1;MAO;15453;;;1999;;;;;;;;;1999;4;1460;165;87;100;1;1
URGENCES2;2014;800000143;800000028;GEN;268;819;1;IAO;33041;5214;6027;10302;3320;650;451;15;10;234;34;19;10987;8;2920;2716;586;2310;1;1
URGENCES2;2014;800000192;800000044;GEN;322;672;1;IAO;30562;2776;1019;9767;1727;141;;;;;;;9767;5;240;2477;693;1817;1;1
URGENCES2;2014;800000192;800000044;PED;140;556;1;IAO;17130;;;;;;;;;;;;2764;1;240;114;94;20;;
URGENCES2;2014;800000226;800000069;GEN;199;285;0;;13696;1908;3527;2005;792;12;9;8;0;;;;2014;4;;1013;405;665;1;0
URGENCES2;2014;800000390;800000085;GEN;168;336;0;;14470;1475;3465;2280;764;67;13;10;0;758;113;130;3051;3;1095;949;209;775;0;0
URGENCES2;2014;800000432;800000093;GEN;168;175;0;;14183;1806;2887;1964;636;54;273;166;0;221;85;2;2458;2;730;379;146;247;0;0
URGENCES2;2014;800006124;800000044;GEN;67;1155;1;IAO;31924;5273;1566;9553;3265;69;;;;;;;9553;12;1092;1006;284;740;1;1
URGENCES2;2014;800006124;800000044;PED;140;556;1;IAO;7630;;;;;;;;;;;;1240;8;91;296;67;230;;
URGENCES2;2014;800015729;800015679;GEN;240;439;1;IAO;30352;;;;;;;;;;;;;6;;1396;565;852;;
URGENCES2;2014;810000224;810000471;GEN;35;35;0;;15507;2090;3733;3591;548;1005;;;;;;;3591;5;1825;979;508;480;1;1
URGENCES2;2014;810000505;810000331;GEN;498;968;1;IAO;30765;4556;8394;6466;2277;884;;;;656;154;50;7122;8;2920;6421;5043;1386;0;1
URGENCES2;2014;810000521;810000380;GEN;457;957;1;IAO;39783;4894;10652;10970;3334;1761;0;6;3;455;38;34;11425;6;2184;2503;889;1656;1;1
URGENCES2;2014;810000562;810000455;GEN;168;168;0;;19111;2057;5859;2205;990;78;176;44;7;517;114;102;2898;4;1460;1112;416;746;1;1
URGENCES2;2014;810101444;810000992;GEN;182;252;1;IAO;14842;2747;2238;;;;;;;;;;;5;1825;352;71;282;1;1
URGENCES2;2014;820000032;820000016;GEN;252;504;1;IAO;33395;3298;9674;6466;1911;1331;833;50;49;0;0;0;7299;9;3285;2849;1023;1979;1;1
URGENCES2;2014;820000057;820000131;GEN;181;420;1;IAO;17828;2450;2251;4948;1527;158;;;;189;36;55;5137;6;2190;1356;267;1205;1;1
URGENCES2;2014;820000883;820004950;GEN;168;403;1;IAO;15461;1784;4088;1607;812;38;3;3;0;530;82;98;2140;4;1460;1214;403;863;1;1
URGENCES2;2014;830000279;830100517;GEN;324;420;1;IAO;29251;2717;7002;3628;1297;110;15;9;0;1683;188;322;5326;10;3442;2109;773;1355;1;0
URGENCES2;2014;830000287;830100525;GEN;376;637;1;IAO;38420;3831;9651;7914;1766;1209;388;3;1;946;278;68;9248;12;4380;3181;565;3392;1;0
URGENCES2;2014;830000295;830100533;GEN;523;504;1;IAO;34953;4679;10073;9803;2973;1789;;;;716;213;46;10519;10;3650;6055;3292;2782;;
URGENCES2;2014;830000311;830100566;GEN;564;756;1;IAO;46818;5428;13775;12981;3345;2592;21;12;0;475;49;112;13477;4;1460;1112;645;474;0;1
URGENCES2;2014;830000337;830100590;GEN;168;336;1;IAO;24628;2449;4868;2601;802;66;;;;951;122;139;3552;4;1460;1739;628;1129;1;1
URGENCES2;2014;830000345;830100616;GEN;526;1344;1;IAO;49907;7179;2696;10232;3896;156;311;15;11;436;94;24;10979;12;4380;4869;2077;2977;1;1
URGENCES2;2014;830000345;830100616;PED;168;336;1;IAO;20457;;;;;;;;;;;;3734;4;1460;1456;669;818;;
URGENCES2;2014;830100574;750821092;GEN;504;684;1;IAO;27633;5897;1575;7821;3069;147;141;7;;663;283;10;8625;11;4015;4811;1822;3119;1;1
URGENCES2;2014;830100608;830100616;GEN;238;581;1;IAO;25105;3636;4106;3421;1877;94;44;1;;247;72;3;3712;3;1095;1798;783;1056;1;1
URGENCES2;2014;830200523;830210084;GEN;168;224;0;;17516;1012;3946;1188;208;51;;;;266;35;50;1454;;;0;0;0;1;0
URGENCES2;2014;840000343;840000012;GEN;264;364;1;IAO;13483;2002;2694;2560;1035;45;7;;;153;;;2720;3;1095;1141;702;450;1;1
URGENCES2;2014;840000392;840000046;GEN;168;336;1;IAO;26407;2680;6788;2983;1142;34;;;;;;;2983;6;2190;2539;937;1656;1;0
URGENCES2;2014;840000418;840004659;GEN;238;420;1;IAO;23799;2396;4424;5477;;;24;;;441;;;5942;5;1825;1876;730;1262;1;1
URGENCES2;2014;840000483;840000087;GEN;336;402;1;IAO;28121;3250;6050;5808;;;0;;;;;;5808;10;3650;2551;757;2185;1;1
URGENCES2;2014;840000491;130041916;GEN;336;277;0;;16977;2046;3865;4252;1416;132;0;0;0;43;5;5;4295;4;1460;1875;1080;908;;
URGENCES2;2014;840000525;840000111;GEN;168;336;0;;9024;1287;2116;1158;;;1;;;564;;;1723;3;1095;448;230;224;0;0
URGENCES2;2014;840000533;840000129;GEN;168;168;1;;9410;2659;1010;399;;;1;;;140;;;540;6;2190;858;350;592;;
URGENCES2;2014;840001861;840006597;GEN;679;924;1;IAO;73416;6535;2824;16978;4005;237;4;4;0;2091;164;75;19073;2;730;328;314;14;1;1
URGENCES2;2014;840001861;840006597;PED;418;588;1;IAO;31867;;;;;;;;;;;;5476;4;1460;745;371;386;;
URGENCES2;2014;850000118;850013244;GEN;168;336;1;IAO;15181;861;4183;1825;360;153;;;;;;;1825;6;2190;458;64;437;1;0
URGENCES2;2014;850000142;850000019;GEN;370;927;1;IAO;46257;4322;12392;13456;2672;3616;9;2;;553;40;30;14018;7;2555;924;161;780;1;1
URGENCES2;2014;850000175;850009010;GEN;238;544;1;IAO;26308;4337;5097;7260;2821;193;306;13;6;136;10;37;7702;3;1095;579;28;603;1;1
URGENCES2;2014;850000209;850000019;GEN;168;280;0;;13515;1912;2809;2477;1030;139;38;18;;158;15;6;2673;4;1460;950;498;463;1;0
URGENCES2;2014;850000225;850000019;GEN;168;205;0;;10911;1273;2829;1871;820;100;12;4;;174;18;19;2057;2;730;426;32;419;1;0
URGENCES2;2014;850000241;850000084;GEN;418;630;1;IAO;26720;5609;5116;6206;2854;546;;;;;;;6206;8;2920;3379;563;3236;0;1
URGENCES2;2014;850009630;850000035;GEN;168;317;1;IAO;19400;2497;5331;4295;1364;844;174;13;0;;;;4469;4;1460;1621;53;1696;1;0
URGENCES2;2014;860000025;860013382;GEN;336;615;1;IAO;20852;3280;4395;6922;2540;160;;;;531;52;160;7453;6;2190;3011;613;2848;1;1
URGENCES2;2014;860000033;860013382;GEN;168;168;0;;7491;1121;1874;1546;738;15;0;0;0;130;82;1;1676;2;730;432;106;367;1;0
URGENCES2;2014;860000058;860780097;GEN;168;168;0;;8715;2144;1338;2366;1111;70;2;2;;224;32;27;2592;2;730;437;0;450;1;1
URGENCES2;2014;860000223;860013077;GEN;480;1535;1;IAO;46106;7551;1954;20232;5696;414;3;3;0;0;0;0;20235;;;0;0;0;1;1
URGENCES2;2014;860000223;860013077;PED;218;441;1;IAO;19023;;;;;;;;;;;;3211;;;0;0;0;;
URGENCES2;2014;860010321;860010313;GEN;168;381;1;IAO;14430;1449;2422;2688;629;136;;;;;;;2688;4;1460;110;12;114;0;0
URGENCES2;2014;870000064;870000015;GEN;443;1109;1;IAO;41254;7340;1001;13216;4137;113;291;219;0;1616;462;7;15123;11;4015;5038;633;5840;1;1
URGENCES2;2014;870000098;870000023;GEN;161;386;1;IAO;13727;2811;2756;3683;1254;95;23;18;;;;;3706;3;1095;1181;367;858;1;0
URGENCES2;2014;870000270;870000031;GEN;168;168;0;;8850;2487;1613;2333;;;1;;;306;;;2640;2;730;592;101;554;1;1
URGENCES2;2014;870000288;870017415;GEN;240;595;1;IAO;27502;2923;3267;4524;1270;99;;;;364;;;4888;3;1095;491;91;440;1;1
URGENCES2;2014;870014859;870000015;PED;245;490;1;MAO;27425;;;;;;;;;;;;3637;6;1676;1405;545;873;;
URGENCES2;2014;880000021;880007059;GEN;457;840;1;IAO;31671;3719;10836;6738;2269;1155;;;;1291;;;8029;6;2190;4417;818;4149;1;0
URGENCES2;2014;880000047;880780077;GEN;336;590;1;IAO;24371;4632;4401;7006;2828;614;;;;560;;;7566;6;2190;1969;855;1150;1;0
URGENCES2;2014;880000054;880007299;GEN;336;416;0;;16469;2286;3931;5474;1714;708;;;;273;43;26;5747;2;730;777;417;408;1;1
URGENCES2;2014;880000062;880780093;GEN;406;574;1;IAO;23320;2667;6305;6111;1638;1146;;;;775;114;51;6886;4;1460;1469;417;1302;1;0
URGENCES2;2014;880000070;880007299;GEN;168;252;0;;9205;1034;2076;1555;532;27;6;4;0;539;90;100;2100;2;730;626;418;211;1;0
URGENCES2;2014;890002389;890000730;GEN;168;168;;;12588;;;579;;;;;;;;;579;4;1460;524;524;0;;
URGENCES2;2014;890975527;890000037;GEN;889;728;1;IAO;38393;;;9733;;;1;;;555;;;10289;11;4015;3783;1789;3289;0;0
URGENCES2;2014;890975527;890000037;PED;168;373;1;IAO;12828;;;;;;;;;;;;1710;;;0;0;0;;
URGENCES2;2014;890975535;890000409;GEN;168;221;0;;10791;1669;1822;1935;944;;28;;;;;;1963;2;730;679;363;388;1;0
URGENCES2;2014;890975543;890000417;GEN;168;346;1;IAO;17380;1099;5385;2670;1061;19;;;;;;;2670;3;1095;1170;500;694;1;1
URGENCES2;2014;890975550;890970569;GEN;554;504;1;IAO;37464;3882;4402;6699;2032;130;;20;;;44;2;6699;6;1950;1640;750;942;1;0
URGENCES2;2014;890975550;890970569;PED;168;168;0;;10549;;;;;;;;;;;;944;0;0;0;0;0;;
URGENCES2;2014;890975568;890000433;GEN;168;252;1;IAO;10085;1226;2241;1115;608;;;;;435;;;1550;2;730;384;139;310;1;1
URGENCES2;2014;900000167;900000365;GEN;380;965;1;IAO;35327;4584;5800;8542;2777;252;0;0;0;0;0;0;8542;9;2920;2350;381;2316;0;1
URGENCES2;2014;910000272;910110014;GEN;400;339;1;IAO;22251;2087;4431;4311;1114;175;3;3;;281;73;11;4595;4;1460;2152;1741;416;1;0
URGENCES2;2014;910000272;910110014;PED;168;168;1;IAO;5254;;;;;;;;;;;;1041;;;0;0;0;;
URGENCES2;2014;910000280;910019447;GEN;275;424;0;;22337;;;3249;;;;;;129;;;3378;4;1460;1202;243;1032;1;1
URGENCES2;2014;910000298;910110055;GEN;353;924;1;IAO;34276;3652;998;7783;2009;120;13;11;;2895;806;21;10691;10;3650;3807;678;3583;1;1
URGENCES2;2014;910000298;910110055;PED;220;455;0;IAO;25123;;;;;;;;;;;;2052;4;1460;898;222;760;;
URGENCES2;2014;910000306;910110063;GEN;270;830;1;IAO;25369;2636;1203;3003;;;542;;;785;;;4330;8;2920;2422;556;2149;0;1
URGENCES2;2014;910000306;910110063;PED;168;280;1;IAO;16752;;;;;;;;;;;;1475;3;1095;207;122;87;;
URGENCES2;2014;910001973;910019447;GEN;231;420;0;;25628;;;3883;;;;;;209;;;4092;5;1826;1596;371;1307;1;1
URGENCES2;2014;910018423;910019454;GEN;218;420;1;IAO;28667;2018;6047;1687;927;10;0;0;0;858;100;210;2545;2;730;750;398;352;1;1
URGENCES2;2014;910020254;910002773;GEN;1003;2114;1;IAO;77771;4906;8921;12795;3002;244;571;2;7;;;;13366;24;8100;6965;844;8761;0;1
URGENCES2;2014;910020254;910002773;PED;187;672;1;IAO;25300;;;;;;;;;;;;3085;6;2190;1704;452;1361;;
URGENCES2;2014;910300144;910000447;GEN;168;203;1;IAO;17398;1043;2783;;;;;;;;;;;5;1825;1623;1388;237;1;1
URGENCES2;2014;910300219;910003888;GEN;3912;504;1;IAO;24584;;;;;;;;;;;;;6;2190;1328;461;957;1;0
URGENCES2;2014;910300300;910000538;GEN;168;252;1;IAO;10160;1264;1512;1492;1203;12;;;;;;;1492;3;10;504;191;321;1;0
URGENCES2;2014;910803543;910017615;GEN;238;448;1;IAO;29301;2831;8341;;;;;;;;;;;5;1825;1331;894;451;;
URGENCES2;2014;920000577;920110020;GEN;330;609;1;IAO;38400;3195;2110;4627;2356;8;294;;;;;;4921;4;1460;1086;233;974;1;1
URGENCES2;2014;920000585;920026374;GEN;;578;1;IAO;26162;2525;;5471;1526;;0;;;788;80;;6259;5;1825;2046;465;1790;1;1
URGENCES2;2014;920000585;920026374;PED;;168;1;IAO;15451;;;;;;;;;;;;1663;;;0;0;0;;
URGENCES2;2014;920000619;920009909;GEN;1213;168;0;;14325;1476;1847;1713;695;37;;;;281;;;1994;2;730;749;123;740;;
URGENCES2;2014;920000627;920009909;GEN;736;168;;;11676;849;1421;1023;357;3;;;;148;;;1171;2;730;223;29;201;;
URGENCES2;2014;920000643;920150034;GEN;;;1;IAO;41310;2736;6603;6508;1457;266;;;;257;37;43;6765;7;2555;1912;263;1991;;
URGENCES2;2014;920000643;920150034;PED;;;1;IAO;13985;;;;;;;;;;;;971;;;0;0;0;;
URGENCES2;2014;920000650;920150059;GEN;510;1209;1;IAO;50482;5166;3707;10107;2902;95;82;1;2;556;124;72;10745;5;1825;4323;1470;2983;1;1
URGENCES2;2014;920100013;750712184;GEN;438;903;1;IAO;35342;5371;1273;7289;2472;180;;;;2613;1058;50;9902;18;6570;5405;1128;4533;1;1
URGENCES2;2014;920100013;750712184;PED;247;672;1;IAO;20461;;;;;;;;;;;;;4;1294;2188;1706;489;;
URGENCES2;2014;920100021;750712184;GEN;377;756;1;IAO;31280;4201;440;9700;3087;223;0;0;0;590;42;11;10290;11;4015;5018;1892;3312;1;1
URGENCES2;2014;920100021;750712184;PED;268;561;1;IAO;25198;;;;;;;;;;;;2891;6;334;1092;624;486;;
URGENCES2;2014;920100039;750712184;GEN;401;840;1;IAO;28898;2436;1081;1055;167;9;0;0;0;946;212;39;2001;10;3650;4260;773;4218;1;0
URGENCES2;2014;920100047;750712184;GEN;737;1965;1;IAO;26921;1855;1327;3811;1023;97;62;;;663;53;19;4536;10;3650;2652;301;3447;1;1
URGENCES2;2014;920100047;750712184;PED;423;490;1;IAO;33033;;;;;;;;;;;;3185;9;3285;2789;1077;1718;;
URGENCES2;2014;920120011;750821092;GEN;343;435;1;IAO;18809;2618;794;1902;484;36;110;1;0;;;;2012;5;1825;1640;319;1418;1;1
URGENCES2;2014;920300043;920001526;GEN;444;840;1;IAO;58803;5540;14026;4413;1357;144;0;0;0;274;106;27;4687;11;4015;2767;773;2195;1;0
URGENCES2;2014;920300597;920000940;GEN;168;168;1;IAO;13260;895;2944;799;216;35;1;0;0;48;10;8;848;3;1095;0;0;0;1;1
URGENCES2;2014;930000286;930021480;GEN;448;980;1;IAO;37022;3930;5616;7692;2549;164;15;11;0;607;59;111;8314;10;3650;831;205;706;1;1
URGENCES2;2014;930000286;930021480;PED;91;105;1;IAO;12066;;;;;;;;;;;;1569;0;0;0;0;0;;
URGENCES2;2014;930000302;930110036;GEN;440;840;1;IAO;41947;2731;5207;5149;1265;84;;;;1513;478;118;6662;7;2555;2134;197;2262;0;1
URGENCES2;2014;930000302;930110036;PED;176;168;1;IAO;18254;;;;;;;;;;;;1221;3;1095;196;45;169;;
URGENCES2;2014;930000328;930110051;GEN;;2184;0;IAO;53332;2716;2101;6494;1262;146;24;8;0;1100;229;3;7618;8;2920;1278;572;754;1;
URGENCES2;2014;930000328;930110051;PED;;1176;0;IAO;31766;;;;;;;;;;;;3789;7;1634;0;0;0;;
URGENCES2;2014;930000336;930110069;GEN;484;1008;1;IAO;67558;;23819;12042;;3420;537;;10;502;;61;13081;11;4015;3555;625;4405;1;1
URGENCES2;2014;930000336;930110069;PED;48;48;1;IAO;23042;;;;;;;;;;;;2342;;;0;0;0;;
URGENCES2;2014;930100037;750712184;GEN;588;1193;1;IAO;39304;5153;245;6520;4541;212;;;;2188;612;33;8708;12;4380;3573;192;4291;0;1
URGENCES2;2014;930100045;750712184;GEN;356;756;1;IAO;29463;1749;13;3168;;;;;;904;;;4072;10;3650;2465;303;2893;0;1
URGENCES2;2014;930100045;750712184;PED;288;924;1;IAO;31838;;;;;;;;;;;;1188;6;2190;1192;259;1100;;
URGENCES2;2014;930300025;930000393;GEN;252;420;1;IAO;39160;1095;9120;1056;;;0;;;0;;;1056;6;6;320;137;185;1;0
URGENCES2;2014;930300066;930000401;GEN;266;336;1;IAO;22103;2067;2331;1918;;;;;;237;;;2155;4;1460;56;23;39;1;1
URGENCES2;2014;930300082;930000419;GEN;224;252;1;IAO;19860;1351;4521;2721;475;85;;;;232;19;45;2953;;;0;0;0;1;1
URGENCES2;2014;930300116;930000427;GEN;302;292;1;IAO;24911;;;1905;;;;;;;;;1905;3;1095;15;4;11;1;1
URGENCES2;2014;930300553;930000633;GEN;245;220;1;IAO;35090;1021;9813;1567;273;103;;;;;;;1567;7;2555;452;214;338;1;1
URGENCES2;2014;930300595;930000658;GEN;252;336;1;IAO;29036;;;;;;;;;;;;;4;392;200;49;153;0;0
URGENCES2;2014;940000573;940110018;GEN;534;665;1;IAO;56404;3230;474;10955;1771;66;;;;;;;10955;12;4380;2787;0;3111;0;1
URGENCES2;2014;940000573;940110018;PED;489;700;1;IAO;39108;;;;;;;;;;;;5314;4;1460;0;0;0;;
URGENCES2;2014;940000599;940110042;GEN;850;1092;1;IAO;54411;6345;5451;8725;;;61;;;651;;;9437;13;459;3985;525;4358;1;1
URGENCES2;2014;940000599;940110042;PED;168;346;1;IAO;25230;;;;;;;;;;;;;4;1460;330;199;142;;
URGENCES2;2014;940000649;940150014;GEN;543;1023;1;IAO;41196;4444;1903;9534;2836;151;;;;;;;9534;12;4380;7268;1600;6085;0;
URGENCES2;2014;940000649;940150014;PED;351;551;1;IAO;29986;;;;;;;;;;;;3113;6;2190;1272;541;734;;
URGENCES2;2014;940100027;750712184;GEN;672;4032;1;IAO;46571;4904;1417;11011;2809;141;120;1;3;1451;296;39;12582;16;5840;6948;1019;6420;1;1
URGENCES2;2014;940100043;750712184;GEN;1200;1296;1;IAO;51322;5192;658;10871;3077;136;0;0;0;1228;133;23;12099;21;7665;6831;860;7225;1;1
URGENCES2;2014;940100043;750712184;PED;720;822;1;IAO;35030;;;;;;;;;;;;;10;3100;2201;632;1650;;
URGENCES2;2014;940120017;750821092;GEN;336;504;1;IAO;23140;2836;329;;1363;74;;;;;;;;6;2190;3265;1687;1771;1;1
URGENCES2;2014;940300031;940000706;GEN;168;168;1;IAO;15374;;;3074;;;;;;;;;3074;4;1460;1535;1208;328;1;1
URGENCES2;2014;940300270;940000771;GEN;168;168;1;IAO;17852;1673;3519;;;;;;;;;;;4;1460;874;364;596;1;1
URGENCES2;2014;940300445;940000854;GEN;168;252;1;IAO;11433;209;1041;;;;;;;;;;;3;;18;2;17;1;1
URGENCES2;2014;940300569;940000912;GEN;231;385;0;;28544;463;8550;1241;46;450;;;;;;;1241;4;1460;1349;1129;222;0;0
URGENCES2;2014;950000307;950110015;GEN;852;1543;1;IAO;62907;;;12858;;;314;;;467;;;13639;16;5840;5781;1521;5554;1;1
URGENCES2;2014;950000307;950110015;PED;;;0;;21849;;;;;;;;;;;;1825;;;0;0;0;;
URGENCES2;2014;950000315;950001370;GEN;470;588;1;IAO;33396;2220;11799;5601;;;364;;;377;;;6342;6;2190;2119;786;1461;0;0
URGENCES2;2014;950000323;950013870;GEN;742;1092;1;IAO;52663;9395;7152;9922;3254;251;852;127;26;1094;393;43;11868;22;8030;4455;558;6168;1;1
URGENCES2;2014;950000323;950013870;PED;168;504;1;IAO;18198;;;;;;;;;;;;1850;;;0;0;0;;
URGENCES2;2014;950000331;950110049;GEN;48;;1;IAO;47462;4769;8292;8601;;;685;;;238;;;9524;10;3650;865;160;714;1;0
URGENCES2;2014;950000331;950110049;PED;48;;1;IAO;25025;;;;;;;;;;;;3866;4;1460;1187;676;514;;
URGENCES2;2014;950000349;950015289;GEN;196;168;0;;11998;490;4385;838;;;1;;;158;;;997;2;730;469;329;154;1;1
URGENCES2;2014;950000364;950110080;GEN;636;1092;1;IAO;61842;4659;10605;13220;2457;476;127;2;0;268;9;64;13615;14;5110;4948;1659;4298;;
URGENCES2;2014;950000364;950110080;PED;164;353;1;IAO;23267;;;;;;;;;;;;3711;5;1825;1508;590;982;;
URGENCES2;2014;950300244;950000539;GEN;225;407;1;IAO;32603;1774;8772;1844;;;;;;67;;;1911;4;;533;254;282;1;1
URGENCES2;2014;950300277;950000547;GEN;222;268;1;IAO;28141;;;548;;;0;;;289;;;837;8;2920;776;485;347;1;0
URGENCES2;2014;950807982;950001636;GEN;504;252;1;IAO;23511;921;5650;1468;240;86;;;;53;;;1521;4;4;4;2;2;1;1
URGENCES2;2014;970100392;970100178;GEN;238;616;1;IAO;25173;2659;7245;7438;1357;720;;;;346;;;7784;8;2920;2506;174;3278;0;
URGENCES2;2014;970100400;970100186;GEN;48;39;1;IAO;17315;354;5098;2966;346;1440;;;;;;;2966;2;2;617;118;692;0;0
URGENCES2;2014;970100426;970100202;GEN;168;168;0;;5956;655;1574;382;164;2;;;;388;48;31;770;2;884;851;588;287;1;0
URGENCES2;2014;970100442;970100228;GEN;514;1008;1;IAO;52527;;;13776;;;;;;;;;13776;8;2920;2238;351;3208;1;1
URGENCES2;2014;970100442;970100228;PED;168;504;1;IAO;23083;;;;;;;;;;;;3222;2;730;872;364;536;;
URGENCES2;2014;970107249;970100731;GEN;252;252;1;IAO;26326;2394;3840;1458;315;97;;;;;;;1458;7;2555;2621;1747;874;1;0
URGENCES2;2014;970211215;970211207;GEN;14;70;1;IAO;46465;5429;1123;15132;;;0;;;40;;;15172;31;11315;3555;327;4888;;
URGENCES2;2014;970211223;970211207;GEN;318;658;1;IAO;30752;3358;8761;6647;;1123;212;;;;;;6859;8;2920;115;101;17;1;1
URGENCES2;2014;970211256;970211207;PED;;;1;IAO;26593;;;;;;;;;;;;2527;3;1095;1061;771;300;;
URGENCES2;2014;970300026;970302022;GEN;735;1241;1;IAO;47251;1623;15169;5015;;;418;;;;;;5433;12;;1802;64;4467;1;1
URGENCES2;2014;970300083;970302121;GEN;308;504;1;IAO;24151;204;9292;2199;;805;11;;1;;;;2210;0;0;0;0;0;0;0
URGENCES2;2014;970300265;750721334;GEN;301;508;1;IAO;19716;222;7245;3292;;;;;;;;;3292;5;1825;1223;340;1052;0;0
URGENCES2;2014;970400024;970408589;GEN;410;714;1;IAO;34112;2572;3849;11093;1833;322;7;1;0;252;14;15;11352;10;3650;5045;1524;3655;1;1
URGENCES2;2014;970400024;970408589;PED;189;240;1;IAO;10641;;;;;;;;;;;;2762;6;2190;1804;485;1516;;
URGENCES2;2014;970400057;970408589;GEN;498;1442;1;IAO;45330;3507;5878;3260;480;51;598;2;37;1153;407;13;5011;19;6935;5352;1883;3853;1;1
URGENCES2;2014;970400057;970408589;PED;210;350;0;;15868;;;;;;;;;;;;3724;4;1460;1171;279;966;;
URGENCES2;2014;970400065;970421038;GEN;450;533;1;IAO;27987;2335;0;7515;1319;;;;;139;68;;7654;6;2190;2407;408;2053;;
URGENCES2;2014;970400065;970421038;PED;;208;1;IAO;14308;;;;;;;;;;;;2297;;;0;0;0;;
URGENCES2;2014;970400073;970403606;GEN;504;420;1;IAO;26205;1848;3517;6150;;;0;;;861;;;7011;8;2920;2544;432;2188;1;1
URGENCES2;2014;980500011;980500003;GEN;1344;450;1;IAO;48042;;21619;;;;;;;;;;;16;5840;3464;134;5649;0;1
