BOR;AN;FI;FI_EJ;LIT;JOU;ENT;URG_EJ;URG_EXT;MCO_EJ;MCO_EXT;GER_EJ;GER_EXT;SSR_EJ;SSR_EXT;PSY_EJ;PSY_EXT;HAD_EJ;HAD_EXT;DOMIC1;PEGER;EMGER;GERPSY;EMPAL;ALZ;EHPAD;VILHOS;RETR
USLD;2014;010000065;010780096;30;10671;14;;;;;;;9;3;;;;;2;;;;;;;;
USLD;2014;010000081;010780112;30;10422;20;;;;7;;;3;4;;1;;;33;;2;;18;1;4;;
USLD;2014;010000115;010009132;30;9970;75;;;;;;;;;;;;;;;;;;;;;
USLD;2014;010009314;010780054;94;32846;77;;;24;3;;;39;3;;1;1;;6;;;;;;;;
USLD;2014;010009702;010780054;26;8816;7;;;1;;;;1;;;;;;5;;;;;;;;
USLD;2014;010786259;010008407;18;6564;14;;;;;;;;;;;;;;;;;;;;;
USLD;2014;010789717;010008407;17;5971;12;;;;;;;;;;;;;;;;;;;;;
USLD;2014;020000089;020000022;30;10513;29;0;;5;1;0;;20;1;0;;0;;2;;;3;2;1;;;
USLD;2014;020000162;020000063;60;21268;44;1;0;1;0;2;0;11;1;0;2;0;0;26;0;9;1;3;0;1;0;0
USLD;2014;020000535;020000287;44;14827;29;;;;;;;23;2;;;;;3;;;;11;;;;1
USLD;2014;020004677;020000261;50;17460;38;;;;;;;6;;;;14;;;;;;1;;14;;7
USLD;2014;020005476;020000253;41;14219;11;;;;;;;11;;;;;;;0;10;0;0;0;0;0;0
USLD;2014;020009684;020002085;30;10491;18;;;;1;;;;6;10;;;;;;;;1;;1;;
USLD;2014;030000061;030780092;80;29303;57;;;15;2;9;;6;10;1;;;;12;;0;3;2;0;15;;
USLD;2014;030000079;030780100;60;21711;31;;;;;;;;;;;;;;;;;;;;;
USLD;2014;030000087;030780118;115;40944;43;;;1;3;2;;29;7;1;;;;;882;666;;587;;2;;6
USLD;2014;030000160;030780282;40;14541;10;;;;5;;;;;3;;;;2;;;;4;;1;1;
USLD;2014;040000093;040780215;30;10844;6;;;;;;;;5;;;;;1;;;;;;;;
USLD;2014;040780405;040000168;41;14080;30;0;0;0;7;0;0;10;1;0;11;0;0;1;0;4;0;5;0;0;0;0
USLD;2014;050000132;050007145;25;9027;8;;;;;;;;;;;;;;;;;;;;;
USLD;2014;050000231;050000116;30;10246;15;;;;;;;;;;;;;;;;;;;;;
USLD;2014;050000256;050000124;30;10315;11;;;;;;;7;1;;;;;3;;;;;;;;3
USLD;2014;050000348;050002948;50;1666;17;0;0;0;0;0;0;3;0;0;0;0;0;0;;;;1;;0;0;0
USLD;2014;050006436;050002948;0;16343;22;0;0;0;0;23;;26;0;0;0;0;;17;0;0;0;2;0;0;0;0
USLD;2014;060000510;060780954;20;6451;34;;;;;;;;;;;;;34;;;;;;;;
USLD;2014;060000551;060781010;41;14359;25;;;;16;;;;3;;;;;2;;;;;;3;;
USLD;2014;060019213;060005188;34;12218;31;;;;4;;;;6;;;;;21;;;45;;;2;8;2
USLD;2014;060788957;060785011;61;21846;25;;;;;3;;13;;;;;;8;85;;10;1;;3;;
USLD;2014;060790177;060785011;40;14255;8;;;;;;;7;;;;;;1;2;;;;;4;;2
USLD;2014;060790631;060791761;30;10428;19;;;9;;;;5;3;;;;;2;;;4;8;0;2;1;0
USLD;2014;060790680;060780897;30;10633;11;0;0;0;0;0;0;1;0;0;0;0;0;5;0;0;0;0;0;0;0;0
USLD;2014;060791811;750826638;75;27101;40;;;;;;;;;;;;;;;;;;;;;
USLD;2014;060794021;060780988;54;19104;20;;;1;;;;4;;;;;;15;;;;;;2;;
USLD;2014;070000047;070780127;75;25047;46;;;;;;;25;10;;;;;11;;;;11;;10;;2
USLD;2014;070784517;070002878;60;21833;17;0;;0;;0;;13;;0;;0;;4;0;0;0;14;0;1;0;0
USLD;2014;080000110;080000037;43;15397;23;;;2;;2;;9;;;;10;;0;6;0;0;0;0;4;3;0
USLD;2014;080000219;080001969;2;640;3;;;;;;;3;;;;;;;;;;;;;;
USLD;2014;080000276;080001969;20;2990;28;;;2;;;;15;;;;;;11;0;0;0;0;0;;;
USLD;2014;080005960;080000615;65;22074;21;19;;0;;0;;1;;0;;1;;;4;0;0;0;0;0;0;0
USLD;2014;100000116;100000041;30;10620;25;;;;5;;;13;;;;;;7;0;0;0;0;0;3;1;0
USLD;2014;100000140;100000058;30;10613;20;0;0;0;0;0;5;10;0;0;0;0;0;5;0;0;3;0;0;2;0;0
USLD;2014;100000801;100006279;40;12814;28;0;;4;;5;;16;2;;;;;1;;;;;;3;1;0
USLD;2014;100006493;100000017;70;24913;44;;;12;;3;;27;;;;2;;;;;;;;;;
USLD;2014;110000049;110780087;30;10682;36;;;6;1;;;9;;;;;;20;;;;;;4;;
USLD;2014;110000247;110780772;30;10855;51;;;9;1;;;;;;;;;41;;;;7;;34;;
USLD;2014;110006137;110780061;30;10885;20;;;1;;;;;7;1;;;;11;;;;3;;8;;
USLD;2014;110781283;110780137;90;31545;36;;;11;;;;;4;1;;5;15;;;;;24;;2;;14
USLD;2014;110786746;110786324;30;10248;19;;;;;;;14;2;;;;;3;;;;;;1;;
USLD;2014;120000070;120780085;30;11169;32;0;0;4;0;0;0;20;1;0;1;0;0;6;;;;;;7;0;0
USLD;2014;120000088;120780093;30;10965;17;;;1;1;;;14;;;1;;;;;;3;;;3;2;
USLD;2014;120000096;120780101;30;9338;34;;;4;11;;;2;3;;;;;14;;17;;;;18;;
USLD;2014;120000153;120780291;40;14344;19;;;;2;;1;3;1;;4;;;8;;;;;;;;
USLD;2014;120004668;120004619;40;13292;30;0;;3;1;8;;13;2;;1;0;;0;;;2;;;5;1;1
USLD;2014;120782263;120780069;80;27243;133;;;88;;;;5;;;;;;40;;31;;;;;;
USLD;2014;120783097;120004528;50;17776;25;0;;2;;0;;22;;0;;0;;1;0;0;0;0;0;3;0;0
USLD;2014;120786959;120780044;30;10299;47;;;19;;;5;20;2;;;;;;;;;;;3;;7
USLD;2014;130000516;130781339;56;19737;36;;;6;2;;;11;7;;;;;10;;;;;;4;1;
USLD;2014;130000565;130781446;31;10724;20;0;;2;;2;;11;;0;;0;;5;20;0;1;7;0;0;0;1
USLD;2014;130001225;130782634;33;11730;7;;;;;300;101;267;13;;;;;;;912;;;;;;
USLD;2014;130001258;130028228;30;10802;22;;;4;3;;;10;1;;;;;4;;;;;;;;
USLD;2014;130037674;130789316;30;10408;20;;;;;;;11;1;;;;;8;;;;;;;;1
USLD;2014;130043664;130002157;30;9508;22;;;2;2;;;;13;;;;;5;;;;;;;;
USLD;2014;130782097;130000938;19;6892;5;;;;;;;4;;;;;;1;;;;;;;;
USLD;2014;130783830;130001514;30;10188;43;0;0;0;21;0;0;;13;0;0;0;1;8;0;0;0;0;0;6;22;4
USLD;2014;130798358;130041916;70;25454;43;;;;2;;;17;6;;;;;18;;;;;;0;;2
USLD;2014;130809015;130001928;150;52989;68;0;0;0;10;3;0;18;3;0;0;0;0;24;;;;;;4;0;0
USLD;2014;140000027;140000035;40;12784;25;;;6;;3;;9;;1;;1;;5;;;1;13;;2;;
USLD;2014;140000241;140026279;30;10257;19;;;;;;;;;;;;;;;;;;;;;
USLD;2014;140000373;140000159;30;10286;29;;;;;;;;;;;;;;;;;;;;;
USLD;2014;140012196;140000100;100;35428;44;;;9;;10;;;2;;;;;3;;;;20;;1;;
USLD;2014;140013830;140000118;60;21730;38;;;8;4;2;;13;2;;;;;6;98;;;3;0;5;;
USLD;2014;140017401;140000092;50;17516;38;;;9;2;;;5;;;;;;22;0;0;0;6;0;1;0;0
USLD;2014;150000032;150780088;35;12246;23;0;0;4;1;0;0;0;5;0;0;0;0;13;0;0;0;0;0;0;0;0
USLD;2014;150000040;150780096;46;16688;26;;;1;;4;;16;;5;;1;;8;;;2;2;;;;
USLD;2014;150000164;150780468;30;10205;15;;;;;;;;;;;;;;;;;;;;;
USLD;2014;150000180;150780500;30;10682;25;;;;;;1;14;2;;;;;8;;;;;;2;;
USLD;2014;150002921;150780468;12;2610;31;;;;;;;;;;;;;;;;;;;;;
USLD;2014;160000188;160000121;53;18911;37;;;8;3;;;8;;;;;;18;;;;;;3;;
USLD;2014;160000253;160000451;30;10761;25;0;0;1;3;13;0;2;1;0;0;0;0;5;0;0;0;3;0;5;0;0
USLD;2014;160000303;160006037;80;28608;39;;;1;;4;;12;;;;;;13;80;;;8;;;;2
USLD;2014;160000360;160000519;65;17685;47;;;7;4;;3;14;;;;;;19;;;;;;1;1;0
USLD;2014;160006391;160000485;30;9974;34;;;6;1;;;9;5;;2;;;11;;1;1;12;;4;;
USLD;2014;160006409;160014411;37;13000;21;;;3;;;;16;1;;;;;;0;0;0;8;0;0;0;0
USLD;2014;170000152;170780225;50;17836;16;;;4;1;;;8;;;;;;3;;;;;;;;
USLD;2014;170791321;170023279;92;32223;54;;;5;;;;12;;1;;2;;;;3;;;;;;
USLD;2014;170792220;170780175;45;15779;34;0;;18;0;10;;12;0;0;0;1;0;50;;;;;;;;
USLD;2014;170802789;170780191;50;17910;20;;;2;;5;;;;;;5;8;;;;;;;2;;
USLD;2014;180000176;180001158;40;14414;12;;;;;;;;1;;;;;11;0;0;0;0;0;0;1;0
USLD;2014;180000200;180000051;46;16692;22;;;;;;;15;;;;;;7;;;;;;2;;
USLD;2014;180000333;180000093;30;10742;20;0;;0;;0;;13;;0;;0;;;0;0;0;0;0;0;0;0
USLD;2014;180003287;180000028;60;21433;54;1;0;0;0;2;0;40;1;0;1;0;0;9;0;0;0;0;0;2;0;0
USLD;2014;180003386;180000069;41;14665;27;;;23;;;;3;;;;;;1;;;;;;6;;
USLD;2014;180007825;180001158;60;21317;18;;;;2;;;;2;;5;;9;;0;0;0;0;0;;;
USLD;2014;190000018;190000042;33;11911;41;;;8;;8;;9;;;;;;17;;;;;55;7;;
USLD;2014;190000034;190000067;30;9949;29;;;7;;;;10;3;;1;;;8;;;;;;4;;
USLD;2014;190000091;190000075;30;10741;12;;;1;;;;6;;;;5;;;;;;;;1;;
USLD;2014;190002493;190000059;53;20100;35;;;10;;;;21;;1;;;;3;;1;;10;;2;1;
USLD;2014;190005140;190002485;30;11114;23;0;0;0;9;0;4;0;0;0;1;0;0;9;23;1;2;0;0;5;0;0
USLD;2014;190005165;190002519;60;21468;28;;;;12;;2;;2;;;;;12;;;;6;;5;;
USLD;2014;210983466;210011482;30;10196;14;;;;;1;;4;;2;;;;7;;;;;;2;;
USLD;2014;210983565;210011482;30;10698;22;;;3;1;;;12;;;;;;6;;;;;;4;;
USLD;2014;210986329;750043713;30;10337;5;;0;;0;;1;;1;;0;;0;3;0;0;0;0;0;1;0;0
USLD;2014;210987574;210780623;30;10599;8;;;2;;;;;;;;;;6;;;;;;;;
USLD;2014;210987616;210780656;30;10548;23;;;;;;;;;;;;;;;;;;;33;;
USLD;2014;210987939;210780607;42;15120;8;;;;;;;;;;;;;;;;;;;;;
USLD;2014;220000095;220000046;60;21350;33;;;2;;;;28;;;2;;;1;;;;;;4;;
USLD;2014;220000343;220000079;30;5042;32;;;;;;;;;;;;;32;;;;;;;;
USLD;2014;220000368;220000103;30;10933;13;;1;;;;;8;1;;;;;4;;;;9;;1;;2
USLD;2014;220000566;220021968;30;10601;45;;10;13;;;;5;1;;;;;16;;;;1;;13;;
USLD;2014;220001259;220005045;60;21233;68;;2;;9;17;;21;4;;1;;;4;;1;2;;;10;;3
USLD;2014;220006423;220000152;30;10642;15;;;;;;;;;;;;;16;;;;;;;;6
USLD;2014;220014138;220017974;30;10810;20;;;3;2;;;3;;2;;;;10;;;;;;;;
USLD;2014;230000259;230780041;50;16574;37;;;;12;;;;16;;;;;9;;19;;7;;1;1;
USLD;2014;230000838;230780058;30;10581;39;;;;;;;;;0;;;;;;;;;;;;
USLD;2014;230000846;230780066;30;9436;42;0;0;3;0;0;0;18;0;0;1;0;0;10;;;;;;2;0;0
USLD;2014;230000952;230780512;30;10552;14;;;;;;;;;;;;;;;;;;;;;
USLD;2014;230000960;230780520;30;9994;24;;;;11;;;11;;;;;;2;;;;;;2;;
USLD;2014;240000372;240000059;50;17215;18;;;4;;6;1;;2;;;;;5;1;0;0;6;0;;;
USLD;2014;240000471;240000109;30;10853;21;;;3;;;;17;;;;;;1;;;;;;;;
USLD;2014;240000489;240000117;60;21940;47;;;6;1;;;16;13;;;;1;10;;;1;5;;12;;2
USLD;2014;240000539;240000166;60;21388;15;2;;;;8;;5;;;;;;;;;;3;;3;;1
USLD;2014;240000687;240000448;40;14410;25;;;;;;;23;;;;;;2;;;;;;;;6
USLD;2014;250000627;250000221;30;10868;11;;;;;;;7;1;;;;;3;;;;;;1;;
USLD;2014;250000635;250000239;20;7102;26;;;;;;;;;;;;;;;;;;;;;
USLD;2014;250000882;250002839;30;10428;12;;;;4;;;1;2;;;;;5;;;3;2;;;;
USLD;2014;250001237;250007598;60;21168;57;;;15;11;;;17;3;1;;;;10;;;3;;;2;2;0
USLD;2014;250001252;250007788;91;32396;31;;;;;;;;;;;;;;;;;;;;;
USLD;2014;250004009;900000365;30;10899;10;;;;;;;10;;;;;;;;;;4;;0;;
USLD;2014;250007234;250000452;30;10773;13;0;0;4;0;0;0;1;3;0;0;5;0;0;0;0;0;10;0;0;0;0
USLD;2014;260000013;260000021;74;26258;76;;;21;2;16;;52;;;1;;;3;;;;10;;11;6;
USLD;2014;260000138;260000047;40;14288;32;;;4;1;;;20;;;;;;7;0;;0;;0;6;;
USLD;2014;260000195;260006770;58;19798;24;;;;19;;;1;;;;;4;;;;;;;;;
USLD;2014;260000823;260003264;33;11980;4;;;;;;;;;5;;;;;;;;;;;;1
USLD;2014;270000367;270000086;55;19707;32;1;0;8;0;12;0;27;5;0;2;0;0;14;5;0;3;0;0;7;1;
USLD;2014;270000425;270000102;37;13140;19;;;;;;;;;;;;;;;;;;;;;
USLD;2014;270000441;270000110;50;17814;19;;2;;;;1;5;1;;1;;;9;;;;;;;;
USLD;2014;270000516;270000177;30;10956;13;;;;;;;;;;;;;;;;;;;;;
USLD;2014;270026107;270023724;14;4873;14;;;;;;;;;;;;;14;0;0;0;0;0;0;0;0
USLD;2014;280000050;280000142;50;18033;5;0;0;0;0;0;0;0;0;4;0;0;0;1;0;0;0;0;0;2;1;0
USLD;2014;280000084;280000183;92;32839;31;;1;;;;;15;;;;;;15;20;;0;0;0;3;;
USLD;2014;280000100;280000225;40;14009;16;;;2;1;;;3;;;;;;10;0;0;0;0;0;2;;
USLD;2014;280000662;280500075;40;13032;40;;;;;;;40;;;;;;;;;;1;;2;1;
USLD;2014;290000066;290020700;34;11908;8;;;;;;;2;3;;;;;3;;;;;;2;;
USLD;2014;290000553;290021542;90;32959;21;;;;;;;11;;7;;;;3;118;0;58;13;0;3;;
USLD;2014;290000785;220020739;34;12220;13;0;;1;;0;;10;;0;;0;;2;;;;;;;;
USLD;2014;290008291;290021542;10;3648;1;;;;;;;;;;;;;1;11;0;;2;0;;;
USLD;2014;290008853;290000074;30;10842;40;;;1;;;;21;;;;;3;;;;2;;;;;
USLD;2014;290014687;290000306;30;10557;27;;;;;;;10;1;;;;;16;0;0;3;2;;4;;
USLD;2014;290017946;290000017;152;54276;64;;;3;;;;25;5;;;;;14;;;21;;6;3;;
USLD;2014;290020841;290000298;35;9091;5;;;;;;;;;;;;;5;;;15;;;;;
USLD;2014;290024462;290000298;35;16282;12;;;;;;;;;8;;;;4;;;56;;;1;;
USLD;2014;290025113;290020700;30;11058;31;;;1;;;;4;1;;;;;25;;;;;;13;;
USLD;2014;290025147;290020700;30;11571;22;;;;;1;;2;3;;;;;16;;;;;;8;;2
USLD;2014;2A0000212;2A0000170;30;9871;14;;;;;;;;;;;;;;;;;;;;;
USLD;2014;2A0002614;2A0002606;30;9728;19;;;7;3;;;6;;;;;;3;;;;;;2;3;
USLD;2014;2A0023271;2A0000014;70;22316;49;;;;;5;;29;;;;;;15;;272;;5;;;;
USLD;2014;2B0004089;2B0000020;28;10134;17;;;2;;;;;;1;1;;;;;;10;1;;1;0;0
USLD;2014;2B0005359;2B0005342;20;7201;13;1;;6;;;5;;;;;;;1;;0;0;0;0;;;
USLD;2014;300000031;300780053;30;10469;36;0;0;7;3;4;0;0;4;0;0;0;0;17;0;0;0;3;0;2;2;0
USLD;2014;300000064;300780087;30;12175;22;;;5;6;;;7;4;;;;;2;;;;;;;1;
USLD;2014;300000072;300780095;30;11165;9;0;0;7;6;0;0;1;0;0;0;0;0;3;0;0;0;0;0;1;8;0
USLD;2014;300012481;300780046;27;9670;12;;;;;;;;;;;;;;;;;;;;;
USLD;2014;300012499;300780046;63;21960;46;;;;;;;;;;;;;;;;;;;;;
USLD;2014;300782125;300780038;190;66151;131;0;;15;;12;;47;;1;;1;;55;;;;;;6;;
USLD;2014;310000310;310780671;60;21223;53;;;23;5;;;15;;;3;;;7;;;;;;9;;
USLD;2014;310000336;310780713;61;21290;42;;;;;;;20;;;;;;22;;;;;;;;
USLD;2014;310013628;310786256;53;18858;20;0;0;0;1;2;2;4;9;0;1;0;0;1;2;0;5;4;0;3;1;0
USLD;2014;310021571;310021563;44;13079;69;0;2;0;5;0;3;31;8;0;0;0;0;11;0;0;0;0;0;9;0;0
USLD;2014;310022298;310781406;120;42107;76;1;;0;0;10;3;49;3;;;;;4;0;0;0;70;0;8;0;0
USLD;2014;310786702;750043713;63;21900;26;;;;;;1;20;;;;;;5;;;;;;3;;
USLD;2014;310794094;310780754;47;16830;13;;;;;;;;;;;;;;;;;;;;;
USLD;2014;320000086;320780117;70;25550;54;0;0;6;0;4;3;21;0;0;3;0;0;17;0;0;5;18;0;2;1;0
USLD;2014;320000102;320780133;35;12639;13;;;2;;8;;;;;;;;3;;;;;;;;
USLD;2014;320000128;320780158;30;10948;34;;;;;;;;;;;;;;;;;;;;;
USLD;2014;320000144;320780174;30;10870;15;0;;4;;0;;8;1;0;;0;;2;1;2;6;0;0;2;;
USLD;2014;320000177;320780208;30;10408;14;;;;;;;12;;;;;;2;0;0;0;0;0;0;0;0
USLD;2014;330000571;330781220;34;9322;29;;;6;;;;2;;;;14;;;;;;;;;;
USLD;2014;330000613;330781261;60;21591;42;0;0;1;5;0;1;16;9;0;1;0;0;9;;;;;;6;5;0
USLD;2014;330005182;330792862;50;17999;21;0;0;0;5;0;1;0;4;0;2;0;0;9;0;0;0;1;0;3;1;
USLD;2014;330781337;330781196;120;40362;39;;;;;;;;;;;;;39;;;;;;4;;
USLD;2014;330791641;330056540;80;28669;29;;;;;;17;;4;;;;;8;2;6;4;6;0;;;
USLD;2014;340000033;340780055;143;51099;117;;;54;21;;;3;3;;;5;;23;;;;;;7;;
USLD;2014;340000215;340780519;30;10075;30;;;3;5;;;1;3;;;;;18;;;;;;4;;
USLD;2014;340000231;340780535;49;17714;26;;;2;3;;;12;2;;;;;7;;;;0;;1;;
USLD;2014;340008275;340780477;76;26997;45;;;4;1;4;;11;8;;;;;17;;;;;;2;;
USLD;2014;340780436;340011295;35;12298;38;;;9;1;;;13;1;;;;;14;;;;24;;;;
USLD;2014;340780444;340009893;30;10750;20;;;2;1;;;3;4;;;;;10;;;;;;;;
USLD;2014;340782481;340780477;70;24414;52;;;7;1;3;;26;5;;;;;10;;;;;;7;;
USLD;2014;340789379;340001825;80;26685;48;;1;;3;;4;;8;;;;;31;;;;;;6;12;
USLD;2014;340796051;340011295;55;19006;33;2;;9;;1;;8;;;;;;13;;;8;15;;;;
USLD;2014;350000154;350000030;49;17624;22;;;2;;;;9;;;;;;11;;;;;;3;17;0
USLD;2014;350000162;350000048;30;10650;22;0;;2;1;0;;13;;0;;0;;6;;;;;;;;
USLD;2014;350000436;350002317;30;10592;33;;;;17;;;8;3;;;;;5;;;;;;5;1;
USLD;2014;350005021;440042844;60;21336;42;;;10;;;;16;3;;;;;13;;;;11;;;;
USLD;2014;350006771;350005179;120;42035;93;1;;79;3;;;;;;;;;10;;;;40;;;;4
USLD;2014;350013629;350000022;83;29760;82;;;11;5;;;16;;;;;;50;;;;;;;;
USLD;2014;350016135;350000055;53;16268;44;2;;25;11;;;24;1;;2;;;23;;;;;;3;;
USLD;2014;350032280;350000246;80;29289;59;;;9;22;;;;1;;18;;;18;;;;;;;;
USLD;2014;360000160;360000079;30;10283;54;;;;;;;;;;;;;;;;;;;;;
USLD;2014;360000202;360000103;31;9844;54;0;19;0;0;7;0;18;0;0;0;0;;5;0;0;0;0;0;4;25;0
USLD;2014;360004618;360000046;30;10905;10;;;;;2;;3;;;;;;5;;;;;;5;;
USLD;2014;360006688;360000392;64;21065;115;;;;;;;;;;;;;;;;;;;;;
USLD;2014;370000531;370000606;125;44238;77;0;0;0;8;3;0;40;2;0;0;0;0;24;0;0;0;166;0;0;0;0
USLD;2014;370102659;370013054;80;29606;6;;;;;;;;;;4;;;2;0;0;0;1;0;2;1;
USLD;2014;380000026;380780031;30;10653;24;0;0;4;0;0;0;4;0;0;0;0;0;6;0;0;0;0;0;7;1;0
USLD;2014;380000075;380780098;45;16370;17;;;;3;9;;;;;;2;3;;;;;;;;;
USLD;2014;380000109;380780213;76;27133;40;;;1;7;;;15;;;1;;;16;;;;;;6;;
USLD;2014;380000356;380782698;70;25637;43;;;;6;;6;16;7;;;;;8;;;;;;;;
USLD;2014;380006288;380780080;125;43807;121;0;0;16;5;8;0;19;4;0;0;3;0;20;0;0;0;2;0;11;1;0
USLD;2014;380785840;380780049;38;13838;40;;;;;;;;;;;;;;;;;;;;;
USLD;2014;380798520;380780049;47;17120;51;;;;;;;;;;;;;;;;;;;;;
USLD;2014;380802512;380793265;45;16367;13;;;;4;;2;;1;;1;;;5;;;;;;;1;
USLD;2014;380802702;380780080;40;14290;49;0;;0;;4;;25;;0;;0;;5;0;0;0;0;0;9;1;0
USLD;2014;380802728;380784751;30;10835;19;;;;;;;;;;;;;;;;;;;;;
USLD;2014;390000040;390780146;51;18558;29;;;;;2;;12;2;;;;;13;;15;10;7;;9;;
USLD;2014;390000065;390780161;30;10812;13;;;3;;;;5;;;;;;5;;;;4;;;2;
USLD;2014;390000214;390780591;30;10411;14;;;;;;;2;5;;;;;;0;0;7;9;0;1;0;
USLD;2014;390784833;390780609;32;11238;15;;;;;;;;;;;;;;;;;;;;;
USLD;2014;400000147;400780268;40;14410;74;0;0;5;0;0;0;37;1;0;0;0;0;31;0;2;0;0;0;8;0;0
USLD;2014;400000261;400780458;150;54941;43;0;0;0;;0;1;34;3;0;0;0;0;5;0;0;0;0;;3;0;0
USLD;2014;400006607;400790663;30;10950;75;;0;;3;;4;;2;;1;;0;15;0;0;3;8;0;;;
USLD;2014;400780250;400011177;80;29200;77;;;12;4;3;;40;;2;;1;;15;24;;3;24;;9;2;
USLD;2014;400781043;400780193;100;35372;82;;;24;;6;;42;;;;;2;8;56;1;31;26;;9;;3
USLD;2014;410000020;410000087;100;37976;70;;;28;;23;;19;;0;;;;;;;;20;;1;;
USLD;2014;410000046;410000103;60;21371;63;1;0;7;5;0;0;6;0;0;0;0;0;36;0;0;0;0;0;0;0;0
USLD;2014;420000234;420780652;150;51857;113;0;;8;;;;86;;;;;;10;;;;59;;11;;3
USLD;2014;420000275;420780694;30;10834;39;;;;;;;29;7;;;;;3;;;;;;;;
USLD;2014;420780546;420000168;30;10682;34;0;3;0;6;0;5;0;5;0;0;0;0;15;0;0;0;0;0;2;0;0
USLD;2014;420782559;420784878;78;28108;41;;;;;;;38;2;;;;;1;;;;;;3;1;
USLD;2014;420782567;420784878;82;29621;54;;;1;;;;50;2;;;;;1;;;;;;5;;
USLD;2014;420784845;420780033;149;53629;104;;;;;;;;;;;;;;;;;;;;;
USLD;2014;420789067;420780710;50;18076;40;;;;;;;;;;;;;;;;;;;;;
USLD;2014;430000117;430000018;55;19665;38;0;0;6;0;5;0;22;0;0;0;0;0;5;0;0;0;0;0;3;0;0
USLD;2014;430000190;430000034;30;10491;15;0;0;3;0;3;0;3;4;0;0;0;0;2;0;0;0;0;0;4;3;0
USLD;2014;430000307;430000067;30;10519;28;0;0;6;3;0;0;6;6;0;2;;;5;;;;14;;1;;
USLD;2014;430000356;430000091;30;10637;25;;;;7;;;11;;;;;;7;;;;;;1;;2
USLD;2014;430007419;630786754;40;14323;14;;;;1;;;;5;4;;;;4;;;;;;;;1
USLD;2014;440000016;440000057;75;25987;35;;;10;1;;;7;5;;;;;1;;;;2;3;;;
USLD;2014;440000180;440000263;30;10852;4;;;;;;;;;2;;;;2;;;10;;;;;
USLD;2014;440000503;440000313;30;10784;26;;;;;;;13;;;;;;13;;;;3;;4;3;
USLD;2014;440000552;440042141;28;7107;14;0;0;0;2;0;0;4;0;0;0;0;0;8;0;0;0;0;0;0;0;0
USLD;2014;440000644;440000347;30;10703;12;;;;;;;8;4;;;;;;;;;;;;;
USLD;2014;440000883;440042141;27;11637;6;0;0;0;1;0;0;3;0;0;0;0;0;2;0;0;0;0;0;0;0;0
USLD;2014;440001253;440028538;42;14790;30;;;4;;;;9;;;;;;17;;;;;;14;;
USLD;2014;440001295;440000859;39;13344;26;;;2;;;8;13;;;;;;3;;;;;;2;;
USLD;2014;440001964;440003267;30;9338;15;;;;;;;10;5;;;;;;;;;;;3;;
USLD;2014;440002939;440001758;37;13428;17;;;;;;7;;3;;;;;7;0;0;0;0;0;0;0;0
USLD;2014;440021202;850009010;30;10378;9;0;0;0;1;1;0;4;0;0;0;0;0;3;3;0;0;4;0;0;0;0
USLD;2014;440021285;440000297;30;10433;25;0;;8;;4;;11;;0;;0;;2;0;0;3;28;0;0;0;0
USLD;2014;440032399;440041531;28;9930;25;;;1;1;;;9;;;;;;14;;;;;;;;
USLD;2014;440050458;440000289;10;3276;3;;;1;;2;;;;;;;;;;;;;;;;
USLD;2014;440050466;440000289;160;56719;53;;;10;8;5;;28;;;;;;2;;;;;;;;
USLD;2014;450000062;450000104;50;17216;23;;;;;;;9;1;;;;;4;0;0;0;1;0;1;0;0
USLD;2014;450000070;450000112;48;17237;35;0;;3;;;;13;;;;;;7;;;;;;9;;
USLD;2014;450000336;450000179;40;14367;33;;;;;;;;;;;;;;;;;;;;;
USLD;2014;450010442;450000088;160;54297;270;;;;;;;;;;;;;;;;;;;;;
USLD;2014;450010475;450000088;0;2292;8;;;;;;;;;;;;;;;;;;;;;
USLD;2014;450019799;450000104;32;11427;21;;;4;1;;;7;1;;;;;8;0;0;0;0;0;0;0;0
USLD;2014;460000052;460780091;50;18131;18;0;0;1;1;0;0;14;0;0;0;0;0;2;0;0;;7;;0;0;0
USLD;2014;460785595;460780216;60;21616;30;0;0;5;1;12;0;0;4;0;5;0;0;3;0;22;7;1;0;4;2;0
USLD;2014;470000571;470000407;60;21569;41;;;3;;;;6;;;;;;5;3;6;4;3;0;5;;
USLD;2014;470008780;470000316;36;11818;30;0;0;1;0;5;0;8;0;0;0;0;0;4;7;5;3;1;0;5;0;0
USLD;2014;470012931;470001660;27;9810;9;;;2;2;;;;;;;;;5;;;;2;;4;;
USLD;2014;480000017;480780097;30;10730;13;;;;;;;;;;;;;;;;;;;;;
USLD;2014;480000041;480780139;25;7253;19;;;5;;;;9;;;;;;5;;;;;;4;1;
USLD;2014;480000074;480780162;30;10949;20;0;0;19;1;0;0;0;0;0;0;0;0;;0;0;0;1;0;;;
USLD;2014;490000353;490000411;35;12405;23;;;;2;;;12;2;;;;;7;;;4;;;2;2;1
USLD;2014;490000569;440000313;36;12608;27;;;1;;;;19;;;;;;7;;;;1;;;;
USLD;2014;490001831;490007689;30;10303;26;0;0;0;2;0;0;4;0;0;0;0;0;20;;;;;;3;;
USLD;2014;490008604;490001070;50;18250;17;;;;;;;;;;;;;17;;;0;;0;;;
USLD;2014;490531910;490535093;60;21588;23;;;;1;;1;1;4;;;;;16;;;;;;;;
USLD;2014;490536224;490000031;40;13471;38;0;0;4;2;0;0;33;0;0;0;0;0;1;0;0;0;0;0;0;0;0
USLD;2014;500000021;500000054;70;25664;77;;;;;;;;;;;;;;;;;;;;;
USLD;2014;500000260;500000054;50;17134;56;;;;;;;;;;;;;;;;;;;;;
USLD;2014;500000450;500000112;35;12349;20;;;3;1;;;5;;;;;;11;;;;;;;;
USLD;2014;500000591;500000393;60;21854;14;0;0;1;1;;;7;;;;;;5;;;;;;;;
USLD;2014;510000169;510000037;30;9129;16;0;0;1;0;0;0;9;0;0;0;0;0;6;0;0;3;12;0;1;0;0
USLD;2014;510000235;510000060;26;9158;18;0;0;2;0;6;0;0;2;0;0;0;0;8;0;0;2;0;0;3;0;0
USLD;2014;510000466;510000102;30;10576;6;;;;;;;5;;;;;;1;;;3;1;;;;
USLD;2014;510011679;510000029;120;43223;49;0;0;1;0;0;0;1;0;0;0;0;0;47;0;0;;;0;1;0;1
USLD;2014;510024466;510000128;30;10248;26;;;;6;;;3;4;;3;;;10;7;;;5;;2;;1
USLD;2014;520000019;520780024;32;11313;21;0;0;11;2;0;0;1;3;0;0;0;0;4;0;0;0;4;0;1;8;0
USLD;2014;520000076;520780081;35;12548;25;;;;4;;;2;;;;;;19;;;;;;1;3;1
USLD;2014;520782939;520780032;40;14369;41;;;;;;;3;;;;;;1;;;;;;;;
USLD;2014;530000132;530007202;30;9846;14;;;2;;;;9;;;;;;3;;;;20;;0;;
USLD;2014;530000264;530000371;55;19205;33;;;3;;2;;24;2;;;;;2;;0;;28;;2;;
USLD;2014;530031384;530000074;47;16424;19;0;0;2;0;0;0;10;0;1;0;0;0;6;0;1;0;16;0;1;0;0
USLD;2014;530032788;530000025;56;19930;29;;;;;;;;;;;;;;;;;;;;;
USLD;2014;540000072;540014081;43;15255;44;;;21;17;;;;1;;;;;5;;;;;;3;;
USLD;2014;540000155;540000080;30;10817;42;;;15;;;;;7;;;;;20;;;;30;;7;;6
USLD;2014;540000312;540000114;30;10746;20;0;0;0;3;0;1;4;2;0;0;0;0;10;0;0;6;0;0;2;0;0
USLD;2014;540000395;540000122;60;21472;39;;;6;;;;25;;1;;5;;2;;;;;;;;
USLD;2014;540000668;540006707;56;18048;29;;;;7;;;8;2;;1;;3;8;;;;;;4;;
USLD;2014;540006459;540023264;34;12307;19;;;1;;;;14;2;;;;;2;63;;5;;;1;1;
USLD;2014;540006665;540019007;31;11116;23;;;;1;;2;4;;;;;;16;3;;2;3;;14;;
USLD;2014;540008364;540000049;36;13039;39;0;0;6;4;0;0;0;11;0;2;0;0;16;0;0;2;38;0;;2;
USLD;2014;540009859;570010181;30;7667;8;0;0;3;2;5;3;2;3;0;0;0;0;1;0;0;0;0;0;0;0;0
USLD;2014;540013232;540023264;72;25934;38;;;6;;;;23;4;;2;;;3;110;;41;10;0;1;1;
USLD;2014;550000038;550000046;32;11035;29;;;7;;;;6;;;;0;;16;;;;;;;;
USLD;2014;550000251;550000095;30;10890;7;;;;;;;;;;2;;;5;;251;;;12;;;
USLD;2014;550000434;550003354;30;10382;25;0;0;4;0;1;0;8;0;0;0;0;0;2;0;0;1;13;0;0;0;0
USLD;2014;550003370;550006795;48;14796;26;0;;8;4;;7;8;;0;;0;0;13;;;;400;;;;
USLD;2014;560000127;560023210;60;22021;59;1;0;5;0;3;0;37;0;0;0;0;0;13;;;;;;;;
USLD;2014;560000192;560000044;30;10709;18;;;8;1;;;;5;;;;;4;;;;;;2;;
USLD;2014;560000200;560023210;30;10887;19;0;0;3;3;0;0;11;0;0;0;0;0;3;;;;;;;;
USLD;2014;560000275;560005746;30;5666;14;;;;;;;;;;;;;;;;;;;;;
USLD;2014;560000291;560000085;15;5298;8;;;1;;;;1;;;;;;6;0;0;0;0;0;0;0;0
USLD;2014;560000408;560002065;30;10875;10;;;;1;;;;;;1;;;8;;;7;;;3;1;
USLD;2014;560003980;560005746;55;12022;27;;;;;;;;;;;;;;;;;;;;;
USLD;2014;560010092;560002032;58;21143;7;;;;;;;;;7;;;;;;;;;;1;;
USLD;2014;560012122;560002677;50;18223;2;;;;;;;;;2;;;;;;;;;;;;
USLD;2014;560014219;560014748;30;10332;31;;;;;;;;;;;;;;;;;;;;;
USLD;2014;560015422;560002214;30;10262;21;;;1;9;;;8;;;;;;3;;;;;;2;;1
USLD;2014;570000125;570015099;41;14965;31;;;13;1;;;;8;;4;;;5;;;5;19;;1;;
USLD;2014;570000166;570010173;30;10882;8;;;;;;;8;;;;;;;;;;;;;;
USLD;2014;570000216;570010173;0;4058;0;;;;;;;;;;;;;;;;;;;;;
USLD;2014;570000349;570005165;23;7946;11;;;;;;;7;;;;;;4;;;;;;;;
USLD;2014;570000448;750050759;30;10546;31;;;;;;5;10;8;;;;;8;;;;;;4;;
USLD;2014;570000455;570010173;30;10739;28;;;;8;;;;16;;;;4;;;;;;;;;
USLD;2014;570000489;750050759;60;17290;68;0;0;6;0;6;0;17;0;0;0;0;0;45;0;0;0;0;0;0;0;0
USLD;2014;570000562;570011353;30;10742;33;;;;;;;;;;;;;;;;;;;;;
USLD;2014;570000661;570000158;30;10950;21;;;;;2;;8;;;;;;1;;;;;;;;
USLD;2014;570000893;570000141;30;11280;15;;;;5;;;;1;2;;;;7;;;;;;1;;1
USLD;2014;570000968;570000430;30;10782;7;;;;;;;2;2;;;;;3;;;;;;4;;
USLD;2014;570003079;570010181;60;22;39;;;;;;1;22;5;;;;;11;98;;7;;;;;
USLD;2014;570005215;570005165;37;12902;19;;;2;;2;;13;;;;;;2;;;;;;3;;
USLD;2014;570012369;570011387;30;10611;19;;;;10;;;2;;;;;;7;;;;;;;;
USLD;2014;570020578;570023630;30;10896;9;;;;;1;;2;1;;;5;;;;;;;;1;0;0
USLD;2014;580971646;580780039;108;38696;86;;;10;3;;;60;;;;;;13;;;2;2;;1;;
USLD;2014;580972628;580780039;12;3235;19;;;;;;;;;;;;;19;;;;;;2;;
USLD;2014;580972644;580781136;30;8924;28;;;1;;;;6;10;;2;;;9;;;;;;6;;
USLD;2014;580972651;580780047;30;10783;14;;;;;;;;;;;;;;;;;;;;;
USLD;2014;580972677;580780088;30;10686;14;;;;;;;7;;;;;;7;;;;;;;;
USLD;2014;580972701;580970978;28;9549;25;;;;;;;8;;;;;;17;;;;;;;;
USLD;2014;580972719;580780757;30;10482;26;;;;;;;;;;;;;;;;;;;3;;
USLD;2014;590000014;590780052;30;10488;10;;;3;1;;3;;;;;;;3;;;;;;2;;2
USLD;2014;590000121;590780227;60;21634;19;;;1;;;;10;;;;;;8;;;;;;1;;
USLD;2014;590000337;590781415;80;27351;52;;0;6;;1;;;14;;2;;0;29;0;0;38;20;0;1;0;0
USLD;2014;590000428;590781605;58;19758;56;0;;8;;4;;34;;0;;0;;10;;;;;;6;0;1
USLD;2014;590000451;590781647;40;14158;18;;;;1;;;6;7;;;;;4;;;;;;;;
USLD;2014;590000469;590781662;30;10249;22;;;4;1;;;21;2;;;;;2;;;;;;4;4;
USLD;2014;590000477;590781670;38;13793;18;;;1;;1;;14;;;;;;2;;;5;;;2;;
USLD;2014;590000527;590781795;30;9290;23;0;0;4;0;4;0;9;4;0;0;0;0;2;0;0;0;0;0;4;0;0
USLD;2014;590000592;590782165;60;29320;55;;;;;;;53;1;;;;;1;0;0;0;10;0;3;3;4
USLD;2014;590001004;590783239;60;19458;21;;;;2;;;8;8;;;;;3;;;;;;2;;1
USLD;2014;590001582;590785663;60;19386;39;;;;3;;;27;2;;;;;7;;;;;;0;;
USLD;2014;590044632;590782421;30;10067;14;;;;;4;;9;;;;;;1;;;;;;;;
USLD;2014;590788865;590782421;60;20729;17;;;;;4;;11;1;;;;;1;;;;;;;;
USLD;2014;590791091;590780193;120;38688;31;;;;;3;;20;3;;2;;;3;0;0;0;0;0;0;0;0
USLD;2014;590791323;590782637;60;19764;20;;;;3;1;;15;;;;;;1;2;1;;;;;;
USLD;2014;590804696;590781902;60;21680;27;0;;0;;3;;15;;0;;0;;30;47;0;0;53;23;24;;
USLD;2014;590812186;590782421;30;9786;14;;;;;;;;;;;;;;;;;;;;;
USLD;2014;590812749;590782215;90;31981;37;0;0;0;5;0;1;8;3;1;0;0;0;19;;;;;;9;2;0
USLD;2014;600000020;600100085;30;10846;12;;;;;;;6;2;;;;;4;;;;;;;;
USLD;2014;600000046;600100127;30;10800;21;0;0;0;0;0;0;8;3;0;0;0;0;10;0;0;0;0;0;0;0;0
USLD;2014;600000053;600101984;73;26555;33;1;;1;;2;;18;;;2;;;9;;;20;10;;1;2;
USLD;2014;600000152;600100572;86;29612;35;0;0;0;2;0;0;27;1;0;2;0;0;3;;;4;;;;5;1
USLD;2014;600000186;600100648;88;31579;40;0;0;0;0;0;0;21;7;0;0;0;0;12;0;0;0;0;0;9;0;0
USLD;2014;600000285;600100721;47;17018;20;;0;;;;;;;;;;;;;;;;;;;
USLD;2014;600001184;600108948;31;11121;30;;;;;;;;;;;;;;;;;;;2;;
USLD;2014;600100101;750712184;94;31380;44;;;;;;;42;;;;;;2;;;;;;5;4;1
USLD;2014;600105381;600106611;51;18228;22;;;;4;;;12;;;;;;6;;;;;;3;;
USLD;2014;600107494;600100713;100;35594;31;0;0;0;0;5;0;10;2;0;1;0;0;13;0;0;0;19;0;5;2;0
USLD;2014;600107668;600100721;73;26373;30;0;0;2;0;2;0;4;1;0;0;0;0;80;0;0;0;0;33;3;4;0
USLD;2014;610000044;610780074;30;10464;26;1;;1;;0;;14;5;0;;0;;5;1540;0;;;;9;;
USLD;2014;610784050;610780082;110;38331;48;1;;3;;;;28;2;;1;;;13;;;14;6;;;;
USLD;2014;620000067;620100081;30;12619;9;;;;;;;2;;1;;;;6;;;20;;;2;;
USLD;2014;620000224;620100651;60;21135;54;;;8;;;;19;10;;;;;16;;;;3;;2;;
USLD;2014;620000240;620100677;60;21079;48;;2;;;20;3;15;2;;;;;6;;19;;;;2;1;
USLD;2014;620000257;620100685;48;17034;48;15;;15;96;17;;10;;;;;;;;;;;;;;
USLD;2014;620000299;620101295;30;10187;13;;;3;;;;;;;;;;;;;;;;;;
USLD;2014;620000323;620101337;30;10574;23;;;2;;3;;5;;;;;;8;;;;4;;1;;
USLD;2014;620000349;620101360;50;17890;20;;;3;2;2;;6;1;;2;;;5;;;3;4;;;12;
USLD;2014;620000653;620103440;60;20680;49;0;0;2;1;1;0;31;0;2;0;0;0;6;0;0;0;12;0;7;;
USLD;2014;620003350;620001834;40;13032;40;0;;13;;6;;17;;0;;0;;4;0;0;0;28;0;5;1;0
USLD;2014;620106625;620020859;40;14074;23;;;;7;;;13;2;;;1;;;;;;;;2;;
USLD;2014;620108357;620103432;30;9663;23;0;;2;4;1;;10;3;1;;2;;;;;;;;2;;
USLD;2014;620111195;620100057;110;40965;25;;;1;2;;;19;;;;;;3;;;;27;;1;;
USLD;2014;620115402;620100461;30;4597;11;;3;;;;2;;;;;;;;;;;;;;;
USLD;2014;630000016;630180032;20;7187;9;0;0;3;0;0;0;4;0;0;0;0;0;2;0;0;0;0;0;0;0;0
USLD;2014;630000412;630780997;40;14075;21;0;;1;;0;;12;;0;;0;;8;0;331;0;146;20;6;0;0
USLD;2014;630000420;630781003;29;9678;61;0;;25;;12;;8;;;;;;17;;;;;;15;4;0
USLD;2014;630000446;630781029;30;10910;10;0;;1;;0;;8;;0;;0;;1;;;;;;3;0;0
USLD;2014;630000560;630781367;66;23864;36;;;;;;;;;;;;;;0;0;0;3;0;;;
USLD;2014;630781821;750043994;24;7764;4;;;;1;;;;;2;;;;1;;;;;;1;;
USLD;2014;630787034;630780989;110;39622;41;;;;;;1;31;;1;;3;2;;0;0;0;3;0;6;2;
USLD;2014;630790384;630786754;44;16022;9;;;;;;;;;;;;;;1;;;;;2;;
USLD;2014;640000162;640780417;74;26544;41;;;2;2;2;;7;15;;;;;9;;;;;;5;;
USLD;2014;640000402;640780813;52;18401;34;0;0;8;1;12;0;11;0;0;0;0;0;2;0;0;2;17;0;0;1;0
USLD;2014;640000410;640780821;56;19245;34;0;0;8;1;5;0;13;0;0;0;0;0;7;0;0;0;0;0;;;
USLD;2014;640000600;640781290;80;26635;54;;;5;1;13;;32;2;;;;;1;126;;;3;;;2;5
USLD;2014;640003836;640791976;20;7237;9;;;;;;;;;;;;;1;;;;;;;;
USLD;2014;640780755;640780417;76;26913;42;;;;;;;;;;;;;;;;;;;;;
USLD;2014;640786281;640791976;60;21614;38;;;;1;;;;2;;4;;;3;;;;;;;;
USLD;2014;650000045;650780158;33;12148;27;;;;1;;;18;;;;;;8;;;3;1;;4;;
USLD;2014;650000060;650780174;66;24181;44;;;11;;3;;;3;2;;;;22;;;;;;4;12;
USLD;2014;650780141;650783160;47;16899;31;;;;;;;;;;;;;;;;;;;;;
USLD;2014;650780182;650783160;101;35940;45;;;;;;;;;;;;;;;;;;;;;
USLD;2014;650786668;650780166;36;12930;16;;;1;;;;13;;;;2;;;;;;;;;;
USLD;2014;660000084;660780180;38;13596;24;;;1;;1;;19;2;;;;;1;;869;;;44;3;;
USLD;2014;660000167;660780271;40;14454;28;;;7;3;;1;5;;;;;;12;;;;;;9;;
USLD;2014;660007261;340019363;15;4751;11;;;6;1;;;4;;;;;;;;;;;;;;
USLD;2014;660781444;660780180;160;54861;63;2;;2;;5;;23;12;1;;;;7;;;;;;;;
USLD;2014;670000041;670780071;30;10514;30;0;0;0;4;0;0;9;0;0;0;0;0;17;0;0;0;0;0;0;0;0
USLD;2014;670000058;670013366;72;26093;13;;;;;;;;;;;;;;;;;;;;;
USLD;2014;670000157;670780337;31;10884;20;;;;1;9;;8;;;;;;2;;9;;4;;2;;
USLD;2014;670000165;670780345;30;10849;9;;;;1;;;5;;;;;;3;1;;6;;;;;
USLD;2014;670000215;680000643;45;16384;25;0;;3;;0;;16;;0;;0;;6;1;4;2;12;2;1;0;0
USLD;2014;670000306;670780584;104;36931;98;0;0;0;76;23;3;30;7;0;0;0;0;15;0;0;30;34;0;2;2;0
USLD;2014;670000348;670780642;30;10950;12;;;;1;;;10;1;;;;;;;;;;1;1;;
USLD;2014;670000397;670780691;45;16241;14;0;0;1;1;1;4;0;4;0;0;0;0;3;0;0;0;5;0;0;0;0
USLD;2014;670000603;670781152;40;14305;84;;;;7;;;;7;2;;;;3;0;0;9;1;0;2;;
USLD;2014;670002278;750043994;45;12684;57;0;;30;;3;;3;;0;;0;;21;;;;1;;1;;
USLD;2014;670014992;670780139;30;10643;20;;;4;;;;12;1;;;;;;;;;;;3;;
USLD;2014;670799550;670780055;108;43937;80;0;0;18;1;18;0;12;9;0;1;0;0;21;0;0;20;0;0;0;1;0
USLD;2014;680000122;680000346;30;10760;22;;;;2;;;;;;;;;20;10;;30;5;;;;
USLD;2014;680000312;680015963;30;10802;21;;;3;;;;7;;;;11;;;;;;;;1;1;
USLD;2014;680000544;680000395;25;8771;13;;;2;1;4;;6;;;;;;;0;0;0;1;0;1;0;0
USLD;2014;680000627;680000486;30;10789;15;;;;;1;;14;;;;;;;;;3;;;5;1;
USLD;2014;680000767;680001088;48;17259;31;0;;7;;;;18;;1;;0;;5;;;;;;;;1
USLD;2014;680000833;680001138;46;16483;25;;;;4;;;17;;;;;;4;;;;;;6;;2
USLD;2014;680000882;680016011;30;10745;35;;;;;6;4;10;7;;;;;8;;;;;;1;;
USLD;2014;680003324;680014495;80;28511;58;;;;6;;;;4;;;;;2;;;;;;8;3;
USLD;2014;680004553;680000486;108;38665;73;;;10;;23;;32;;;;;;8;;;;;;4;4;
USLD;2014;690000245;690780432;93;32546;50;;;;;;;50;;;;;;;;;14;;;1;;
USLD;2014;690000609;690010749;30;10733;25;0;0;1;3;0;1;15;0;0;0;0;0;5;0;0;0;1;0;4;3;1
USLD;2014;690000773;690782925;85;30768;55;;1;;1;;;31;1;;;;;21;0;0;0;0;0;3;;
USLD;2014;690780150;690000104;30;10745;16;;;;;;;11;5;;;;;;;;;;;1;0;0
USLD;2014;690782420;690793633;33;12006;11;;;;6;;;4;;;;;;1;;;;;;1;1;
USLD;2014;690784194;690781810;54;19368;79;;;;;1;;24;;;;;;;0;0;0;0;0;3;;
USLD;2014;690787429;690781810;59;21161;86;;;4;;;;22;1;;;;;;0;0;0;0;0;;;2
USLD;2014;690787452;690781810;132;44723;184;0;0;1;0;1;0;52;2;0;0;0;0;6;0;0;2;10;3;3;;1
USLD;2014;690787478;690781810;155;55868;198;;;;2;;3;24;10;;;0;0;1;;;;;;4;2;
USLD;2014;690791132;690001912;60;21947;83;0;0;0;64;;;;9;;;;;10;;;4;15;;7;3;
USLD;2014;690801709;690802715;60;21700;35;0;;4;;16;;14;;1;;0;;;0;0;9;1;;7;0;0
USLD;2014;690802251;690782222;40;14491;21;;;1;;;;10;6;;;;;4;;;;11;;;;
USLD;2014;690802913;690005038;63;21980;23;;;;3;18;;;;;;;;2;;;;21;;;;
USLD;2014;690803093;690780564;30;10657;15;;;;;;;;;;;;;;;;;;52;104;;
USLD;2014;700784341;700004096;30;10945;3;;;2;;;;;;14;;;;14;;;;;;1;;3
USLD;2014;710972282;710781451;54;18600;49;;;19;2;;1;21;2;;;;;4;;;;;;1;1;1
USLD;2014;710972365;710780644;70;24918;27;;;;;6;;9;4;;;;;4;;;;;;;;2
USLD;2014;710972423;710780263;90;31489;28;;;9;;1;;2;;;;;;16;;;;;;;;
USLD;2014;720000033;720000025;64;23195;58;;;1;;9;;33;9;;1;;;6;0;0;4;2;0;12;2;0
USLD;2014;720000124;720000066;30;10448;30;;;14;;;;4;;;;1;;9;;;;;;1;;
USLD;2014;720000314;720000090;20;7297;18;;;;;;;;;;;;;;;;;;;;;
USLD;2014;720000470;610780082;30;10717;20;1;;2;;2;;6;1;;;;;8;;;15;;;;;
USLD;2014;720000520;720000140;55;19615;16;;;1;;;;8;1;;2;;;4;;;;;;2;;
USLD;2014;720000801;720002054;30;10834;25;0;0;0;0;0;0;0;7;0;0;0;0;18;0;0;0;0;0;3;1;0
USLD;2014;720005909;720000025;126;45789;55;0;0;2;0;1;0;32;10;0;1;0;0;4;0;0;25;0;0;7;3;0
USLD;2014;730000049;730002839;30;10769;22;;;7;;4;;6;;;;;;5;;30;1;2;;;1;
USLD;2014;730000080;730780103;30;10966;17;;;8;;;;2;2;;;;;1;;;;8;;1;;
USLD;2014;730000098;730780111;30;10649;24;;;;;5;;13;;;;;;6;;;;;;4;;
USLD;2014;730783552;730000015;51;18436;25;;;;;;;;;;;;;;;;;;;;;
USLD;2014;730785276;730002839;30;10660;13;;;2;;;;2;2;;;;;7;;;;;;1;;
USLD;2014;740000286;740781190;30;10317;47;;;16;;;;2;;;;4;;;;;;;;;;
USLD;2014;740000302;740781133;30;10646;15;;;2;;6;;6;;;;;;1;;;;;;1;;
USLD;2014;740000401;740781893;50;17370;49;;;;;;;;;;;;;;;;;;;;;
USLD;2014;740001847;740780168;40;14126;8;0;0;1;1;0;0;0;4;0;0;0;0;2;0;0;0;0;0;0;0;0
USLD;2014;740011481;740781133;80;28740;51;1;;14;1;9;;13;8;1;;;;4;;;;6;;1;1;
USLD;2014;740788070;740790381;30;10792;15;;;1;;1;;;2;;;;;5;;1;;;;2;;
USLD;2014;740789532;740781208;45;15990;27;;;;;;;13;3;;;;;11;;;;;;2;;
USLD;2014;750041543;750712184;75;26691;26;;0;;0;;26;;0;;0;;0;0;;;;;;1;0;0
USLD;2014;750100042;750712184;78;28020;28;;;;;;;28;;;;;;;;;;21;;;;
USLD;2014;750100083;750712184;32;11511;26;0;0;0;0;0;0;26;0;0;0;0;0;0;0;0;0;0;0;0;0;0
USLD;2014;750100125;750712184;37;13015;16;;;1;;;;7;3;;;;;5;;;;;;;;
USLD;2014;750100216;750712184;159;56560;65;;;;;;;;;;;;;;;;;;;;;
USLD;2014;750100299;750712184;317;101381;92;;;;;;;;;;;;;;;;;;;;;
USLD;2014;750150377;750721334;78;27525;28;;;2;;;;19;6;;;;;;;;;;;;;
USLD;2014;750801441;750712184;390;139683;167;;;2;;;;157;6;;;;;2;;;;36;;28;;
USLD;2014;760000141;760780239;110;39900;22;;;;;1;;9;1;;;;;11;0;0;0;0;0;;;
USLD;2014;760000356;760780726;154;55206;123;;;68;;19;;10;;1;;;;25;;;;10;;19;6;
USLD;2014;760000380;760780759;35;12843;17;;;;;;;2;1;;;;;;;;;;;14;;
USLD;2014;760023671;760780239;70;25196;21;;;1;;;;13;;;;;;7;4;0;0;1;0;0;0;0
USLD;2014;760033803;760780213;36;12517;27;;;;16;;;7;;;;;;4;;;;;;;;
USLD;2014;760783530;760780239;90;32052;30;;;2;;;;16;;;;;;12;;;90;;;1;;
USLD;2014;760800938;760780023;130;46272;77;3;;3;7;15;;23;2;0;;0;;3;;;;;;;;
USLD;2014;760806950;760780734;40;14338;31;0;0;6;0;;0;17;1;0;0;0;0;;0;0;0;0;0;4;0;0
USLD;2014;770000156;770110054;41;14410;29;1;0;4;1;4;0;11;3;0;0;0;0;5;0;0;0;9;0;5;4;0
USLD;2014;770000164;770110062;85;30289;62;;;9;9;;;6;;;;;;;;;;;;2;3;
USLD;2014;770000214;770130052;38;13844;19;;;2;;1;;6;1;1;;;;8;19;;;12;;3;;
USLD;2014;770813814;770130037;110;36840;65;;;;9;;;;41;;1;;;14;;;;;;2;;
USLD;2014;770814622;770700185;60;21316;28;;;;;;;24;1;;;;;2;;;20;5;;2;;
USLD;2014;780000287;780110011;50;18064;15;;;;;;;5;;;;;;10;;;;;;2;;
USLD;2014;780000303;780110037;90;30963;54;;;;;4;6;32;5;;2;;;5;0;0;105;36;0;6;1;
USLD;2014;780000311;780001236;97;32931;28;;;1;3;;;11;5;;;;;8;118;10;;14;;5;;
USLD;2014;780000337;780001236;39;13568;24;0;0;2;0;0;0;10;2;0;0;0;0;10;0;0;0;0;0;1;0;0
USLD;2014;780000352;780110094;60;20649;14;;;;5;;;3;3;;;;;3;;;;;;;;
USLD;2014;780000360;780130019;40;13932;28;0;0;0;10;0;8;0;13;0;0;0;0;5;0;0;1;18;0;1;2;0
USLD;2014;780000378;780130027;30;10594;14;;;3;3;;;;1;;;;;7;;;;4;;2;;
USLD;2014;780150033;780020715;48;13618;31;;;;17;;;;8;;;;6;;;;;;;;;
USLD;2014;780822748;780002697;32;11058;16;;;1;;;;11;;;;;;;2;0;0;5;0;;;
USLD;2014;790000087;790000012;71;18183;35;1;;7;1;2;;8;;9;;;;7;;;0;7;0;4;1;
USLD;2014;790000111;790000046;35;11013;35;;;10;;;;9;8;;;;2;;;;;;;6;0;
USLD;2014;790000145;790000079;30;8608;29;;;;1;;;25;;;;;;3;;;;;;3;;
USLD;2014;790003537;790006654;27;8813;27;;;19;;;;6;1;;;;;1;;;;5;;;3;
USLD;2014;790007884;790006654;28;9484;14;0;;3;;0;;6;2;0;;0;;2;;;;;;;;
USLD;2014;790009369;790006654;30;9234;27;;;;16;;;;7;;;;;4;;;;;;;;
USLD;2014;800000200;800000051;30;10423;39;;;3;;;;28;;;;;;;;;;;;;;
USLD;2014;800000226;800000069;35;12462;19;;;2;1;;;8;;;;;;8;0;0;0;6;0;0;0;0
USLD;2014;800000275;800000077;30;10675;37;;;;1;;;3;;;;;;33;;;;;;27;;
USLD;2014;800000390;800000085;30;9916;19;0;;5;;0;;7;;0;;0;;7;;;;;;2;0;0
USLD;2014;800000507;800000135;68;23677;39;;;4;;;;17;8;;;;;10;0;0;0;0;0;7;1;
USLD;2014;800000614;800000044;190;66389;79;;;2;1;25;;28;5;;1;;;14;;;;18;73;6;2;6
USLD;2014;800004152;800000093;30;10540;12;;;;;;;10;;;;;;2;0;0;0;;0;2;;
USLD;2014;800009417;800000085;35;12606;24;4;;;5;9;;;;;;;;6;;;;;;1;3;0
USLD;2014;810000505;810000331;74;26233;45;1;;;;2;;12;9;11;;;;10;;;;12;;6;;
USLD;2014;810000513;810000349;29;9521;74;;;17;13;;;5;13;;;;;26;;;;;;8;35;1
USLD;2014;810000562;810000455;60;21856;25;0;0;3;0;0;0;17;0;0;0;0;0;5;0;0;8;8;0;0;0;0
USLD;2014;810099838;810000380;50;17297;52;;;20;2;;;25;1;;;;;4;;;;;;5;;
USLD;2014;810100370;810000380;70;25493;12;;;1;;;;5;3;;1;;;2;0;0;0;0;0;2;0;0
USLD;2014;820000032;820000016;30;10187;24;0;0;15;0;7;0;9;0;1;0;0;0;20;0;0;0;2;0;1;0;0
USLD;2014;820000438;820000214;35;11906;60;;;;;;;;;;;;;;0;0;0;0;0;;;
USLD;2014;830000279;830100517;46;15837;24;;;;;;;13;6;;;;;5;;;;;;0;;
USLD;2014;830000337;830100590;40;14400;35;0;0;5;;0;0;0;0;0;0;0;0;16;0;0;0;0;0;1;0;0
USLD;2014;830013629;130002041;26;9049;15;;;;;;;;;;;;;;;;;;;;;
USLD;2014;830017372;750721235;100;34719;44;;;;2;;7;21;7;;;;;7;;;10;6;;8;4;
USLD;2014;830100608;830100616;14;5035;14;;;;;;;1;2;;;;;8;;;;;;5;;
USLD;2014;830100764;440052041;40;14812;10;;;;;1;;6;;;;3;;;;;;;;;;
USLD;2014;830202743;830100616;36;13091;27;;;;1;;;1;15;;;;;8;;;;68;;3;;
USLD;2014;830212734;830008819;30;10374;307;;;3;226;;;2;1;;;;;48;;;;;;55;;
USLD;2014;830212783;830002432;23;7289;24;0;;4;;0;;16;;0;;4;;24;0;0;0;0;0;8;0;0
USLD;2014;830213880;830100566;30;10740;20;0;0;1;;1;;12;;0;;0;;6;0;0;1;13;0;3;0;0
USLD;2014;830213989;830100525;35;12542;22;;;4;;1;;;1;;;;;13;1;;;4;;3;;
USLD;2014;840000392;840000046;30;10755;21;;;10;;5;;;1;;;;1;4;0;0;2;0;0;2;;
USLD;2014;840000418;840004659;33;10792;46;;;20;17;;;7;2;;;;;;;;;;;1;;
USLD;2014;840000483;840000087;30;10862;26;;;2;;;;11;;;;;;12;0;0;0;0;0;;;14
USLD;2014;840000491;130041916;50;18051;23;;;;;;;20;;;;;;2;;;;;;;;5
USLD;2014;840001861;840006597;67;24235;16;;;;;;;16;;;;;;;;;;;;;;2
USLD;2014;840007579;840000012;40;13579;41;;;4;3;;;11;3;;;;;19;;1;;;;7;;
USLD;2014;850000142;850000019;80;28834;31;;;;;;;23;1;;;;;6;80;;30;11;;1;1;
USLD;2014;850000209;850000019;30;10648;18;4;;2;1;;;7;;;;;;4;;;3;3;;;;
USLD;2014;850000233;850009010;30;10464;41;1;;1;;;;32;;;;;;7;0;0;2;5;0;4;0;1
USLD;2014;850000647;850011453;42;14891;33;0;0;0;3;0;0;16;0;0;0;0;0;10;0;0;0;10;0;3;0;0
USLD;2014;850001116;850020280;34;8028;0;;;;;;;;;;;;;;;;;;;;;
USLD;2014;850003377;850009010;30;10639;17;;;1;;;;11;;;;;;5;0;0;2;3;0;0;0;0
USLD;2014;850021049;850000084;60;21497;26;0;;;1;2;;4;;0;;0;;19;;;;;;3;;
USLD;2014;850021866;850000092;25;8963;5;;;;1;;;;;4;;;;;;;30;;;;1;
USLD;2014;850022013;850000100;21;7418;7;;;;4;;;2;;;;;;1;;;;1;;1;;
USLD;2014;860000033;860013382;30;10890;7;;;;;;;2;;;;;;5;0;0;0;16;0;0;0;0
USLD;2014;860000058;860780097;42;14637;40;;;9;5;;;18;2;;2;;;4;;;;14;;;;
USLD;2014;860000223;860013077;97;34587;83;;;;1;3;;75;;;2;;;2;;;;;;;;
USLD;2014;860011014;860013077;30;10616;32;;;;;2;;23;1;;;;;6;;;;;;;;
USLD;2014;860785682;860013382;60;20903;57;0;0;5;0;5;0;23;1;0;0;0;0;19;0;0;21;13;0;11;1;0
USLD;2014;870000270;870000031;40;14356;85;0;0;8;8;11;0;42;1;0;0;0;0;15;0;0;0;0;0;26;2;
USLD;2014;870000551;870014503;39;13787;38;;;;;;;;;;;;;;;;;;;;;
USLD;2014;870000601;870014248;30;10990;54;;1;26;4;;1;8;;;1;;;1;;;;;;13;;5
USLD;2014;870001567;870014503;45;16172;32;;;;;;;;;;;;;;;;;;;;;
USLD;2014;870003514;870000015;114;41416;79;0;0;13;3;1;0;48;2;0;7;0;0;2;0;0;;2;0;12;4;0
USLD;2014;870005931;870000023;60;21739;45;;;2;2;;;26;3;;1;;;11;;;;;;7;;
USLD;2014;870008042;870000015;138;50117;101;0;0;18;7;0;0;43;2;0;5;0;0;17;0;0;;8;0;11;6;0
USLD;2014;880000039;880780069;25;7408;24;;;8;2;;;7;;;;1;;6;;;;20;;;;
USLD;2014;880000070;880007299;30;10396;40;0;0;5;3;5;0;20;0;0;0;0;0;7;0;0;0;0;0;11;1;0
USLD;2014;880000104;880780259;30;8840;26;;;1;3;;;14;5;;;;;3;;;;11;;4;;
USLD;2014;880000336;880007059;30;10598;14;2;;;1;;1;10;;;;;;;;;;;;;;
USLD;2014;880786637;880780093;24;8507;19;;;4;;;;10;;;;;;2;42;0;2;0;0;0;0;0
USLD;2014;880786645;880780077;30;9267;97;1;;21;;20;;15;;;;;;4;;;;;;3;;1
USLD;2014;890971583;890000417;64;22766;35;;;14;6;;;;3;;;;;11;;;7;70;;4;;
USLD;2014;890975527;890000037;29;9927;32;;;8;1;;;13;1;;;;;9;;;;;;30;;1
USLD;2014;900000647;900004698;123;41363;70;;0;;2;;0;;34;;2;;0;8;;;;;;11;;
USLD;2014;910000272;910110014;48;16845;31;;;1;1;;;10;6;;;;;9;;;;5;;5;;
USLD;2014;910000280;910019447;30;10156;27;;;;;;;;;;;;;;;;;;;;;
USLD;2014;910000306;910110063;30;10576;27;0;0;0;0;0;0;0;1;0;0;0;0;0;;;;;;0;0;0
USLD;2014;910001973;910019447;40;12581;53;;;;;;;;;;;;;;;;;;;;;
USLD;2014;910100015;750712184;171;59680;78;;;1;;;;77;;;;;;;;;;16;;19;;
USLD;2014;910100023;750712184;206;71210;90;;;2;;;;87;;;;;;1;;;16;113;;23;;
USLD;2014;910150069;910000033;60;21070;41;;;;;;;33;7;;;;;1;0;0;63;12;0;;;
USLD;2014;920000593;920026374;88;31077;59;;;5;3;;1;40;5;;;;;5;0;0;4;4;0;3;0;0
USLD;2014;920000619;920009909;100;31471;36;;;;;;;;;;;;;;;;;;;;;
USLD;2014;920001369;920710654;75;24066;51;;;;29;;;11;;;;;;11;;;;;;6;1;
USLD;2014;920024205;920808037;110;39026;49;;;;12;;;27;1;;;;;7;;;;;;8;5;5
USLD;2014;920100047;750712184;80;28739;18;;;;;1;;12;;3;;;;2;;;;;;;;
USLD;2014;920100062;750712184;119;40790;58;;;;;;;;;;;;;;;;;;;;;
USLD;2014;930000294;930021480;43;14820;34;;;2;;1;;25;;;;;;6;;;;5;;4;;
USLD;2014;930100011;750712184;179;63606;115;;;;;;;;;;;;;;0;0;;;;;;
USLD;2014;930150057;750808529;35;12462;16;9;;;;;;3;;;;;;4;;;;;;26;421;1
USLD;2014;930706239;930110051;100;35881;49;0;0;2;1;0;0;32;0;0;0;0;0;;0;0;0;6;0;1;0;0
USLD;2014;930815501;750034308;114;40662;19;;;;;;;;2;2;10;;;;;;;;;1;;1
USLD;2014;940000615;940140023;42;14729;8;;;;;;;;;4;3;;;1;;;48;;;;2;7
USLD;2014;940100027;750712184;40;13522;7;;;;;;;7;;;;;;;;;;;;1;;
USLD;2014;940100035;750712184;152;56570;23;;;;;;;23;;;;;;;;;6;8;;8;1;
USLD;2014;940100050;750712184;387;138354;196;;;;;;;196;;;;;;;;;;;;43;;31
USLD;2014;940100068;750712184;189;67724;59;;;573;510;;;1;;1;;0;;203;;;;1250;;102;;57
USLD;2014;940812506;940110042;46;16603;9;;;3;;;;1;;;;;;5;;;;;;;;
USLD;2014;950000307;950110015;100;31863;50;;;8;;5;;26;5;;;;;6;;;1;12;;1;2;
USLD;2014;950000331;950110049;120;40860;64;2;0;6;2;1;0;22;17;0;0;0;0;14;0;0;0;4;0;7;1;1
USLD;2014;950000406;950150037;40;14047;31;;;;;;;18;;1;;;;11;30;;2;4;;4;0;1
USLD;2014;950000695;950500033;43;14891;22;;;;;;;;;;;;;;;;;;;;;
USLD;2014;950016139;950015289;60;21387;30;;;3;;;;8;5;;;;;14;;;;;;;;
USLD;2014;950100016;750712184;115;41032;55;0;0;0;0;0;0;36;36;0;0;0;0;0;0;0;0;24;0;0;13;10
USLD;2014;970100418;970100194;30;10769;5;;;;;;;;;;;;;;;;;;;;;
USLD;2014;970100459;970100244;15;5270;10;;;;;;;7;;;;;;3;0;0;0;0;0;0;0;0
USLD;2014;970112033;970100210;120;41091;22;;;;;;;;;;;;;;;;;;9;;;
USLD;2014;970211215;970211207;82;30533;28;;;;;;;;;;;;;;;;;;;;;
USLD;2014;970211223;970211207;28;10220;14;;;;;;;;;;;;;;;;;;;;;
USLD;2014;970211272;970211207;22;7801;15;;;;;;;;;;;;;;;;;;;;;
USLD;2014;970300026;970302022;30;8960;6;;0;2;2;1;;;;;0;;;2;;;;;;1;;
USLD;2014;970400156;970403606;44;12548;19;0;0;1;0;0;0;13;1;0;0;0;0;4;;;;;;;;
USLD;2014;970463139;970408589;40;13556;15;1;;9;;;;0;;;;;;;;;;;;;;
