Estimation de population au 1er janvier, par département, sexe et grande classe d'âge;;;;;;;;;;;;;;;;;;;
Année 2024;;;;;;;;;;;;;;;;;;;
;;;;;;;;;;;;;;;;;;;
Départements;;Ensemble;;;;;;Hommes;;;;;;Femmes;;;;;
;;0 à 19 ans;20 à 39 ans;40 à 59 ans;60 à 74 ans;75 ans et plus;Total;0 à 19 ans;20 à 39 ans;40 à 59 ans;60 à 74 ans;75 ans et plus;Total;0 à 19 ans;20 à 39 ans;40 à 59 ans;60 à 74 ans;75 ans et plus;Total
01;Ain;171 336;151 570;183 772;110 894;61 926;679498,00;88 506;76 545;91 251;53 511;25 955;335 768;82 830;75 025;92 521;57 383;35 971;343 730
02;Aisne;125 708;111 768;132 179;98 849;53 128;521632,00;64 897;56 742;65 739;47 095;21 047;255 520;60 811;55 026;66 440;51 754;32 081;266 112
03;Allier;66 246;62 242;82 560;71 913;49 747;332708,00;33 997;31 980;40 634;33 836;19 806;160 253;32 249;30 262;41 926;38 077;29 941;172 455
04;Alpes-de-Haute-Provence;33 920;31 250;43 189;36 390;23 412;168161,00;17 529;15 783;20 880;17 420;9 734;81 346;16 391;15 467;22 309;18 970;13 678;86 815
05;Hautes-Alpes;27 874;26 317;36 870;30 949;19 651;141661,00;14 207;13 447;18 179;14 807;8 028;68 668;13 667;12 870;18 691;16 142;11 623;72 993
06;Alpes-Maritimes;232 394;239 582;290 037;206 026;151 532;1119571,00;119 164;116 979;138 551;94 507;60 291;529 492;113 230;122 603;151 486;111 519;91 241;590 079
07;Ardèche;71 110;62 741;87 278;71 373;43 999;336501,00;36 559;31 732;43 280;34 451;18 363;164 385;34 551;31 009;43 998;36 922;25 636;172 116
08;Ardennes;59 918;55 714;67 811;53 073;29 221;265737,00;30 845;28 583;33 545;25 487;11 740;130 200;29 073;27 131;34 266;27 586;17 481;135 537
09;Ariège;31 329;29 576;39 945;34 171;20 792;155813,00;16 119;15 283;19 536;16 497;8 801;76 236;15 210;14 293;20 409;17 674;11 991;79 577
10;Aube;75 012;70 100;76 528;55 957;35 133;312730,00;38 833;35 741;37 695;26 308;14 096;152 673;36 179;34 359;38 833;29 649;21 037;160 057
11;Aude;78 118;71 495;96 581;81 417;51 164;378775,00;40 472;35 635;46 631;38 191;21 289;182 218;37 646;35 860;49 950;43 226;29 875;196 557
12;Aveyron;54 611;52 087;71 375;60 488;40 909;279470,00;28 076;27 618;35 952;29 700;16 970;138 316;26 535;24 469;35 423;30 788;23 939;141 154
13;Bouches-du-Rhône;471 361;496 296;528 639;352 684;229 417;2078397,00;242 401;242 073;254 538;162 887;92 884;994 783;228 960;254 223;274 101;189 797;136 533;1 083 614
14;Calvados;158 802;162 204;173 354;133 171;79 074;706605,00;81 768;81 572;84 885;61 247;31 164;340 636;77 034;80 632;88 469;71 924;47 910;365 969
15;Cantal;26 501;25 789;36 964;33 358;20 955;143567,00;13 462;13 381;18 573;16 513;8 538;70 467;13 039;12 408;18 391;16 845;12 417;73 100
16;Charente;71 734;69 123;88 978;74 252;45 769;349856,00;37 341;35 442;43 795;35 329;18 625;170 532;34 393;33 681;45 183;38 923;27 144;179 324
17;Charente-Maritime;129 819;124 240;169 746;152 164;98 470;674439,00;67 055;63 225;82 035;70 596;40 714;323 625;62 764;61 015;87 711;81 568;57 756;350 814
18;Cher;61 957;58 197;73 407;62 366;39 802;295729,00;32 113;29 850;36 075;29 541;16 364;143 943;29 844;28 347;37 332;32 825;23 438;151 786
19;Corrèze;45 944;45 118;60 277;52 404;35 219;238962,00;23 999;23 677;30 160;25 115;14 031;116 982;21 945;21 441;30 117;27 289;21 188;121 980
2A;Corse-du-Sud;34 272;34 218;45 354;32 726;21 088;167658,00;17 454;16 392;22 403;15 706;8 904;80 859;16 818;17 826;22 951;17 020;12 184;86 799
2B;Haute-Corse;36 610;41 916;50 109;36 310;22 925;187870,00;18 804;20 813;24 341;17 475;9 985;91 418;17 806;21 103;25 768;18 835;12 940;96 452
21;Côte-d'Or;117 337;131 671;132 087;96 035;60 622;537752,00;59 752;66 206;64 717;44 937;24 504;260 116;57 585;65 465;67 370;51 098;36 118;277 636
22;Côtes-d'Armor;131 727;113 237;153 235;131 207;81 945;611351,00;68 020;57 840;75 674;62 314;32 730;296 578;63 707;55 397;77 561;68 893;49 215;314 773
23;Creuse;20 409;19 096;28 373;28 081;17 963;113922,00;10 379;10 119;14 209;13 639;7 177;55 523;10 030;8 977;14 164;14 442;10 786;58 399
24;Dordogne;76 010;71 333;104 536;98 775;62 538;413192,00;39 599;36 214;50 846;47 208;25 787;199 654;36 411;35 119;53 690;51 567;36 751;213 538
25;Doubs;134 303;131 247;138 395;91 189;57 187;552321,00;68 695;66 496;69 098;42 800;23 669;270 758;65 608;64 751;69 297;48 389;33 518;281 563
26;Drôme;120 702;110 840;134 788;96 767;61 012;524109,00;61 973;55 375;65 647;45 963;24 721;253 679;58 729;55 465;69 141;50 804;36 291;270 430
27;Eure;147 694;127 223;157 185;108 113;58 124;598339,00;75 351;64 331;77 440;51 080;23 377;291 579;72 343;62 892;79 745;57 033;34 747;306 760
28;Eure-et-Loir;105 999;89 695;113 136;77 428;44 164;430422,00;54 757;45 143;56 124;36 912;18 277;211 213;51 242;44 552;57 012;40 516;25 887;219 209
29;Finistère;197 584;193 218;238 610;188 973;113 219;931604,00;101 582;99 127;119 037;90 317;43 622;453 685;96 002;94 091;119 573;98 656;69 597;477 919
30;Gard;170 325;154 532;196 035;153 814;92 059;766765,00;88 247;77 361;94 432;72 719;37 539;370 298;82 078;77 171;101 603;81 095;54 520;396 467
31;Haute-Garonne;344 084;418 976;379 547;216 292;128 905;1487804,00;175 138;209 329;187 959;101 569;51 468;725 463;168 946;209 647;191 588;114 723;77 437;762 341
32;Gers;37 689;33 636;50 190;43 784;28 396;193695,00;19 630;16 964;24 462;21 469;12 025;94 550;18 059;16 672;25 728;22 315;16 371;99 145
33;Gironde;383 760;430 361;445 338;278 752;169 569;1707780,00;193 630;211 096;217 232;128 163;67 548;817 669;190 130;219 265;228 106;150 589;102 021;890 111
34;Hérault;274 751;300 046;307 601;218 645;142 182;1243225,00;139 921;146 499;147 978;100 520;58 125;593 043;134 830;153 547;159 623;118 125;84 057;650 182
35;Ille-et-Vilaine;276 145;285 770;286 152;173 289;106 364;1127720,00;140 769;142 815;143 093;81 929;42 502;551 108;135 376;142 955;143 059;91 360;63 862;576 612
36;Indre;41 335;38 466;53 509;47 911;32 650;213871,00;21 385;19 554;26 414;23 087;13 214;103 654;19 950;18 912;27 095;24 824;19 436;110 217
37;Indre-et-Loire;137 275;144 243;153 738;109 931;71 564;616751,00;69 968;71 213;75 277;51 595;28 825;296 878;67 307;73 030;78 461;58 336;42 739;319 873
38;Isère;322 392;308 177;338 786;211 857;125 934;1307146,00;165 337;155 720;167 604;100 461;51 730;640 852;157 055;152 457;171 182;111 396;74 204;666 294
39;Jura;56 255;51 128;67 051;51 118;31 931;257483,00;28 981;26 243;33 153;24 803;13 090;126 270;27 274;24 885;33 898;26 315;18 841;131 213
40;Landes;88 370;80 570;116 828;92 995;56 170;434933,00;45 793;40 697;57 319;44 227;23 170;211 206;42 577;39 873;59 509;48 768;33 000;223 727
41;Loir-et-Cher;71 495;62 641;82 781;66 419;43 605;326941,00;37 160;31 449;41 043;31 310;17 913;158 875;34 335;31 192;41 738;35 109;25 692;168 066
42;Loire;184 447;169 645;191 173;136 615;93 222;775102,00;95 372;85 173;94 900;63 937;37 248;376 630;89 075;84 472;96 273;72 678;55 974;398 472
43;Haute-Loire;48 196;43 115;58 799;47 089;29 701;226900,00;24 950;22 217;29 367;23 117;11 990;111 641;23 246;20 898;29 432;23 972;17 711;115 259
44;Loire-Atlantique;364 773;373 359;386 099;238 734;140 911;1503876,00;188 064;188 810;191 587;110 809;55 335;734 605;176 709;184 549;194 512;127 925;85 576;769 271
45;Loiret;169 346;156 064;174 126;118 066;71 979;689581,00;87 516;78 818;85 324;55 783;29 591;337 032;81 830;77 246;88 802;62 283;42 388;352 549
46;Lot;32 036;29 249;43 785;43 120;27 610;175800,00;16 586;14 970;21 568;20 848;11 631;85 603;15 450;14 279;22 217;22 272;15 979;90 197
47;Lot-et-Garonne;69 323;62 239;82 212;69 547;47 064;330385,00;35 570;31 019;39 977;32 711;19 671;158 948;33 753;31 220;42 235;36 836;27 393;171 437
48;Lozère;15 351;14 672;19 834;16 639;10 151;76647,00;7 828;7 662;10 055;8 329;4 249;38 123;7 523;7 010;9 779;8 310;5 902;38 524
49;Maine-et-Loire;204 201;191 911;207 935;141 972;88 116;834135,00;104 112;95 849;103 163;67 134;35 147;405 405;100 089;96 062;104 772;74 838;52 969;428 730
50;Manche;104 492;97 284;123 906;105 090;63 428;494200,00;53 978;50 207;61 847;50 684;25 291;242 007;50 514;47 077;62 059;54 406;38 137;252 193
51;Marne;130 840;137 364;139 682;97 634;57 354;562874,00;66 244;68 492;69 075;44 810;22 445;271 066;64 596;68 872;70 607;52 824;34 909;291 808
52;Haute-Marne;34 694;34 007;41 458;36 119;21 922;168200,00;17 862;18 063;20 679;17 350;8 783;82 737;16 832;15 944;20 779;18 769;13 139;85 463
53;Mayenne;73 867;62 687;77 002;56 132;35 293;304981,00;38 188;32 313;38 930;27 170;14 336;150 937;35 679;30 374;38 072;28 962;20 957;154 044
54;Meurthe-et-Moselle;164 922;184 579;182 469;126 148;72 202;730320,00;84 915;92 487;90 272;58 894;28 140;354 708;80 007;92 092;92 197;67 254;44 062;375 612
55;Meuse;37 927;36 511;45 120;37 753;21 251;178562,00;19 614;19 429;22 642;18 568;8 552;88 805;18 313;17 082;22 478;19 185;12 699;89 757
56;Morbihan;165 467;148 863;200 175;168 483;99 360;782348,00;86 267;76 417;98 514;79 527;39 938;380 663;79 200;72 446;101 661;88 956;59 422;401 685
57;Moselle;230 636;247 650;275 662;198 209;103 102;1055259,00;118 609;126 595;137 145;93 241;41 062;516 652;112 027;121 055;138 517;104 968;62 040;538 607
58;Nièvre;37 076;35 460;48 106;46 636;31 658;198936,00;18 921;18 280;23 664;22 192;12 427;95 484;18 155;17 180;24 442;24 444;19 231;103 452
59;Nord;657 701;667 173;648 003;417 300;224 157;2614334,00;337 040;330 250;318 847;191 690;84 036;1 261 863;320 661;336 923;329 156;225 610;140 121;1 352 471
60;Oise;212 729;191 342;220 248;136 179;69 678;830176,00;108 124;95 417;109 384;64 866;28 363;406 154;104 605;95 925;110 864;71 313;41 315;424 022
61;Orne;56 975;51 131;66 969;59 293;38 011;272379,00;29 847;26 266;33 425;28 626;15 242;133 406;27 128;24 865;33 544;30 667;22 769;138 973
62;Pas-de-Calais;356 319;329 372;370 481;263 031;136 352;1455555,00;182 791;165 057;183 921;122 884;50 741;705 394;173 528;164 315;186 560;140 147;85 611;750 161
63;Puy-de-Dôme;146 848;154 980;168 197;121 369;73 700;665094,00;74 309;77 750;83 723;57 133;29 242;322 157;72 539;77 230;84 474;64 236;44 458;342 937
64;Pyrénées-Atlantiques;143 654;146 285;184 815;140 739;90 868;706361,00;74 576;72 894;90 003;65 691;35 815;338 979;69 078;73 391;94 812;75 048;55 053;367 382
65;Hautes-Pyrénées;45 304;45 760;58 776;49 803;32 891;232534,00;23 730;23 521;28 452;23 506;13 300;112 509;21 574;22 239;30 324;26 297;19 591;120 025
66;Pyrénées-Orientales;104 818;95 925;125 425;103 509;68 133;497810,00;53 782;46 724;59 696;48 250;27 586;236 038;51 036;49 201;65 729;55 259;40 547;261 772
67;Bas-Rhin;259 590;295 288;303 265;204 032;108 376;1170551,00;132 866;146 038;148 883;96 977;44 464;569 228;126 724;149 250;154 382;107 055;63 912;601 323
68;Haut-Rhin;171 007;169 668;206 687;142 488;79 197;769047,00;88 427;86 057;102 257;68 550;32 678;377 969;82 580;83 611;104 430;73 938;46 519;391 078
69;Rhône;473 736;540 188;471 294;263 586;178 185;1926989,00;240 862;264 131;231 025;121 031;70 626;927 675;232 874;276 057;240 269;142 555;107 559;999 314
70;Haute-Saône;50 446;45 203;61 376;48 059;27 439;232523,00;26 048;23 067;30 671;23 150;11 446;114 382;24 398;22 136;30 705;24 909;15 993;118 141
71;Saône-et-Loire;113 954;102 573;138 048;115 884;76 236;546695,00;58 915;52 662;67 999;55 423;30 982;265 981;55 039;49 911;70 049;60 461;45 254;280 714
72;Sarthe;133 671;120 295;142 459;105 389;64 282;566096,00;68 839;60 214;70 688;49 846;25 874;275 461;64 832;60 081;71 771;55 543;38 408;290 635
73;Savoie;101 381;100 869;119 484;81 613;48 472;451819,00;52 704;51 470;59 556;38 742;19 409;221 881;48 677;49 399;59 928;42 871;29 063;229 938
74;Haute-Savoie;207 821;214 140;237 739;131 304;75 486;866490,00;107 504;108 360;118 412;61 946;30 740;426 962;100 317;105 780;119 327;69 358;44 746;439 528
75;Paris;373 017;701 316;516 269;302 550;194 425;2087577,00;186 775;330 627;251 359;136 180;75 086;980 027;186 242;370 689;264 910;166 370;119 339;1 107 550
76;Seine-Maritime;296 515;298 616;307 133;223 244;130 046;1255554,00;151 694;149 330;150 290;102 954;50 801;605 069;144 821;149 286;156 843;120 290;79 245;650 485
77;Seine-et-Marne;390 600;367 061;386 335;212 052;108 735;1464783,00;199 653;180 013;188 610;100 188;44 278;712 742;190 947;187 048;197 725;111 864;64 457;752 041
78;Yvelines;384 488;350 626;396 357;212 731;129 462;1473664,00;197 497;173 497;195 121;98 347;53 068;717 530;186 991;177 129;201 236;114 384;76 394;756 134
79;Deux-Sèvres;81 785;73 587;98 071;74 277;45 962;373682,00;42 443;38 180;48 629;35 452;19 007;183 711;39 342;35 407;49 442;38 825;26 955;189 971
80;Somme;129 833;133 678;140 375;100 918;57 322;562126,00;66 523;66 699;69 560;47 414;22 597;272 793;63 310;66 979;70 815;53 504;34 725;289 333
81;Tarn;84 392;76 487;103 062;80 420;54 411;398772,00;43 784;38 605;50 187;38 221;22 250;193 047;40 608;37 882;52 875;42 199;32 161;205 725
82;Tarn-et-Garonne;62 867;52 915;70 720;50 207;30 910;267619,00;32 513;26 752;34 903;24 025;13 083;131 276;30 354;26 163;35 817;26 182;17 827;136 343
83;Var;225 014;224 973;282 050;227 964;161 505;1121506,00;116 893;112 845;136 775;105 635;66 654;538 802;108 121;112 128;145 275;122 329;94 851;582 704
84;Vaucluse;130 897;117 796;145 074;107 152;67 796;568715,00;67 586;57 991;70 071;49 630;27 704;272 982;63 311;59 805;75 003;57 522;40 092;295 733
85;Vendée;155 249;135 608;182 750;152 334;91 360;717301,00;80 552;68 853;91 197;72 473;38 132;351 207;74 697;66 755;91 553;79 861;53 228;366 094
86;Vienne;100 187;102 500;108 188;79 943;50 103;440921,00;50 780;50 929;52 823;38 172;20 416;213 120;49 407;51 571;55 365;41 771;29 687;227 801
87;Haute-Vienne;76 303;79 339;91 428;74 235;49 034;370339,00;39 076;38 826;44 722;34 750;19 476;176 850;37 227;40 513;46 706;39 485;29 558;193 489
88;Vosges;74 214;69 517;90 574;76 150;44 976;355431,00;38 648;35 902;45 159;36 471;17 988;174 168;35 566;33 615;45 415;39 679;26 988;181 263
89;Yonne;73 467;62 651;85 383;67 321;39 952;328774,00;38 140;32 042;42 335;32 003;16 181;160 701;35 327;30 609;43 048;35 318;23 771;168 073
90;Territoire de Belfort;31 648;31 659;35 661;24 080;14 187;137235,00;16 439;17 053;17 786;11 276;5 794;68 348;15 209;14 606;17 875;12 804;8 393;68 887
91;Essonne;353 062;340 725;344 687;186 909;106 444;1331827,00;180 847;171 115;170 930;88 434;43 343;654 669;172 215;169 610;173 757;98 475;63 101;677 158
92;Hauts-de-Seine;389 841;465 851;441 229;221 862;132 624;1651407,00;199 050;226 799;210 724;98 378;51 345;786 296;190 791;239 052;230 505;123 484;81 279;865 111
93;Seine-Saint-Denis;475 601;482 533;434 824;212 348;95 766;1701072,00;244 374;238 706;218 777;101 470;40 583;843 910;231 227;243 827;216 047;110 878;55 183;857 162
94;Val-de-Marne;353 080;401 932;369 074;197 786;112 055;1433927,00;180 044;196 242;179 704;91 983;43 430;691 403;173 036;205 690;189 370;105 803;68 625;742 524
95;Val-d'Oise;356 538;329 431;328 482;174 659;86 594;1275704,00;183 144;160 752;161 823;80 794;35 435;621 948;173 394;168 679;166 659;93 865;51 159;653 756
France métropolitaine ;;15 222 363;15 511 301;16 891 389;11 549 016;6 968 892;66142961,00;7 811 083;7 730 721;8 304 572;5 420 906;2 801 373;32 068 655;7 411 280;7 780 580;8 586 817;6 128 110;4 167 519;34 074 306
971;Guadeloupe ;86 261;71 713;103 503;79 291;37 793;378561,00;44 460;31 911;44 081;37 058;15 414;172 924;41 801;39 802;59 422;42 233;22 379;205 637
972;Martinique ;72 668;65 835;94 423;79 438;37 561;349925,00;37 389;29 092;41 446;36 402;15 378;159 707;35 279;36 743;52 977;43 036;22 183;190 218
973;Guyane;120 085;79 882;63 777;24 402;7 239;295385,00;60 566;36 453;30 224;12 039;3 160;142 442;59 519;43 429;33 553;12 363;4 079;152 943
974;La Réunion;254 322;204 026;237 389;138 056;51 907;885700,00;129 362;93 192;111 444;65 832;21 242;421 072;124 960;110 834;125 945;72 224;30 665;464 628
976;Mayotte;172 577;85 357;49 249;10 935;2 783;320901,00;85 352;35 843;24 729;5 700;1 321;152 945;87 225;49 514;24 520;5 235;1 462;167 956
DOM;;705 913;506 813;548 341;332 122;137 283;2230472,00;357 129;226 491;251 924;157 031;56 515;1 049 090;348 784;280 322;296 417;175 091;80 768;1 181 382
France métropolitaine et DOM;;15 928 276;16 018 114;17 439 730;11 881 138;7 106 175;68373433,00;8 168 212;7 957 212;8 556 496;5 577 937;2 857 888;33 117 745;7 760 064;8 060 902;8 883 234;6 303 201;4 248 287;35 255 688
;;;;;;;;;;;;;;;;;;;
Source : Insee - Estimations de population (résultats provisoires arrêtés fin 2023).;;;;;;;;;;;;;;;;;;;